Indice,Fecha,ID_aerolinea,Matricula,Num_vuelo,ID_Origgen_Seq,Origen,ID_Destino_Seq,Destino,Hora_salida,Retraso_Salida,Hora_llegada,Retraso_llegada,Retraso_Clima
1,08/05/2018,20046,N457AW,4841,1393006,ORD,1043405,AVP,1749,-6,2034,-20,4.030194512
2,08/05/2018,20046,N420AW,4839,1043405,AVP,1393006,ORD,546,-4,708,3,4.030194512
3,08/05/2018,20046,N429AW,4839,1393006,ORD,1541205,TYS,859,-1,1136,-7,4.030194512
4,08/05/2018,20046,N455AW,4838,1393006,ORD,1288403,LAN,855,-10,1045,-20,4.030194512
5,08/05/2018,20046,N435AW,4837,1233904,IND,1393006,ORD,1432,-8,1431,-19,4.030194512
6,08/05/2018,20046,N435AW,4836,1591904,XNA,1393006,ORD,1802,-3,1955,-2,4.030194512
7,08/05/2018,20046,N440AW,4835,1393006,ORD,1232305,ILM,1352,-3,1657,-14,4.030194512
8,08/05/2018,20046,N419AW,4834,1393006,ORD,1172105,FNT,2118,-7,2324,-16,4.030194512
9,08/05/2018,20046,N427ZW,4833,1226402,IAD,1114606,CRW,1234,-11,1349,-16,4.030194512
10,08/05/2018,20046,N413AW,4830,1393006,ORD,1013505,ABE,1743,-7,2039,-11,4.030194512
11,08/05/2018,20046,N449AW,4828,1538005,TVC,1393006,ORD,1552,22,1553,6,4.030194512
12,08/05/2018,20046,N464AW,4826,1393006,ORD,1288403,LAN,2102,-8,2258,-17,4.030194512
13,08/05/2018,20046,N441ZW,4825,1591904,XNA,1393006,ORD,1056,-14,1259,-6,4.030194512
14,08/05/2018,20046,N418AW,4824,1393006,ORD,1172105,FNT,736,-9,936,-22,4.030194512
15,08/05/2018,20046,N436AW,4823,1393006,ORD,1538005,TVC,1403,1,1606,-9,4.030194512
16,08/05/2018,20046,N467AW,4822,1430705,PVD,1226402,IAD,1451,1,1612,-12,4.030194512
17,08/05/2018,20046,N418AW,4820,1288403,LAN,1393006,ORD,1804,-9,1810,-12,4.030194512
18,08/05/2018,20046,N463AW,4817,1120302,CWA,1393006,ORD,549,-6,656,-8,4.030194512
19,08/05/2018,20046,N423AW,4816,1334207,MKE,1393006,ORD,1745,-4,1836,-14,4.030194512
20,08/05/2018,20046,N449AW,4815,1410803,PIA,1393006,ORD,751,-7,856,-3,4.030194512
21,08/05/2018,20046,N449AW,4814,1393006,ORD,1538005,TVC,1315,30,1519,21,0
22,08/05/2018,20046,N466AW,4813,1393006,ORD,1013505,ABE,1407,-8,1729,14,4.030194512
23,08/05/2018,20046,N465AW,4812,1393006,ORD,1198603,GRR,1121,-4,1309,-16,4.030194512
24,08/05/2018,20046,N441ZW,4811,1393006,ORD,1172105,FNT,1423,11,1636,11,4.030194512
25,08/05/2018,20046,N463AW,4810,1393006,ORD,1126702,DAY,1156,4,1409,3,4.030194512
26,08/05/2018,20046,N417AW,4809,1393006,ORD,1043405,AVP,1359,-1,1653,-6,4.030194512
27,08/05/2018,20046,N433AW,4808,1226402,IAD,1432105,PWM,1222,-8,1407,-3,4.030194512
28,08/05/2018,20046,N471ZW,4807,1393006,ORD,1302902,LNK,1302,12,1438,-1,4.030194512
29,08/05/2018,20046,N461AW,4806,1393006,ORD,1445702,RAP,744,-7,933,14,4.030194512
30,08/05/2018,20046,N418AW,4805,1393006,ORD,1288403,LAN,1533,-4,1731,-12,4.030194512
31,08/05/2018,20046,N443AW,4804,1393006,ORD,1232305,ILM,743,-2,1046,-15,4.030194512
32,08/05/2018,20046,N471ZW,4803,1302902,LNK,1393006,ORD,1509,-1,1649,-6,4.030194512
33,08/05/2018,20046,N414ZW,4802,1393006,ORD,1040805,ATW,2150,25,2250,20,0
34,08/05/2018,20046,N465AW,4801,1302902,LNK,1393006,ORD,627,-8,808,-12,4.030194512
35,08/05/2018,20237,N11113,4799,1129202,DEN,1467402,SAF,1952,-8,2103,-12,4.030194512
36,08/05/2018,20237,N21144,4797,1129202,DEN,1177502,FSD,1004,-1,1245,-3,4.030194512
37,08/05/2018,20237,N11106,4793,1129202,DEN,1473003,SDF,1035,-5,1523,-4,4.030194512
38,08/05/2018,20237,N839HK,4792,1104205,CLE,1393006,ORD,1931,-9,1953,-21,4.030194512
39,08/05/2018,20237,N34111,4791,1541205,TYS,1129202,DEN,906,-9,1008,-15,4.030194512
40,08/05/2018,20237,N17138,4789,1129202,DEN,1200305,GTF,1614,224,1825,237,0
41,08/05/2018,20237,N14153,4787,1129202,DEN,1350202,MTJ,1553,28,1711,42,28
42,08/05/2018,20237,N11150,4786,1199603,GSP,1393006,ORD,1359,469,1443,449,0
43,08/05/2018,20237,N16112,4785,1129202,DEN,1192102,GJT,1538,8,1644,7,4.030194512
44,08/05/2018,20237,N24128,4782,1129202,DEN,1027903,AMA,1951,-4,2207,-8,4.030194512
45,08/05/2018,20237,N11113,4780,1177502,FSD,1393006,ORD,613,-7,819,14,4.030194512
46,08/05/2018,20237,N11113,4779,1393006,ORD,1126702,DAY,1424,9,1648,7,4.030194512
47,08/05/2018,20237,N17146,4778,1501606,STL,1393006,ORD,1858,-5,2027,2,4.030194512
48,08/05/2018,20237,N31131,4777,1226402,IAD,1199603,GSP,1312,32,1433,21,0
49,08/05/2018,20237,N12122,4774,1226402,IAD,1501606,STL,2353,113,110,120,0
50,08/05/2018,20237,N11119,4770,1062702,BIS,1393006,ORD,1315,19,1534,33,0
51,08/05/2018,20237,N16112,4768,1154005,ELP,1129202,DEN,1217,-3,1423,9,4.030194512
52,08/05/2018,20237,N12126,4766,1473003,SDF,1129202,DEN,859,-9,953,-12,4.030194512
53,08/05/2018,20237,N12142,4765,1393006,ORD,1501606,STL,1945,-10,2103,-15,4.030194512
54,08/05/2018,20237,N21144,4763,1154005,ELP,1129202,DEN,658,-2,900,3,4.030194512
55,08/05/2018,20237,N14117,4762,1129202,DEN,1221702,HSV,1101,21,1433,10,4.030194512
56,08/05/2018,20237,N11119,4758,1393006,ORD,1062702,BIS,954,-6,1252,26,0
57,08/05/2018,20237,N11121,4757,1467402,SAF,1129202,DEN,1310,-10,1429,-9,4.030194512
58,08/05/2018,20237,N21129,4756,1129202,DEN,1501606,STL,822,17,1140,27,0
59,08/05/2018,20237,N13132,4756,1209402,HDN,1129202,DEN,1058,288,1150,282,0
60,08/05/2018,20237,N21129,4754,1302902,LNK,1129202,DEN,726,81,757,83,0
61,08/05/2018,20237,N11113,4752,1393006,ORD,1324402,MEM,846,-1,1038,-9,4.030194512
62,08/05/2018,20237,N13124,4751,1129202,DEN,1541205,TYS,959,-4,1454,-6,4.030194512
63,08/05/2018,20237,N17146,4749,1226402,IAD,1501606,STL,1705,-5,1809,-23,4.030194512
64,08/05/2018,20237,N41104,4748,1501606,STL,1393006,ORD,1457,-8,1616,-12,4.030194512
65,08/05/2018,20237,N16151,4746,1129202,DEN,1141306,DRO,730,-15,925,25,0
66,08/05/2018,20237,N839HK,4744,1226402,IAD,1104205,CLE,1710,-5,1851,11,4.030194512
67,08/05/2018,20237,N11119,4743,1501606,STL,1393006,ORD,742,-13,908,-10,4.030194512
68,08/05/2018,20237,N839HK,4742,1468502,SAV,1226402,IAD,1000,-10,1136,-10,4.030194512
69,08/05/2018,20237,N17146,4741,1226402,IAD,1457405,ROA,1237,-8,1351,-9,4.030194512
70,08/05/2018,20237,N12136,4739,1537002,TUL,1129202,DEN,1913,-2,2028,16,0
71,08/05/2018,20237,N17146,4738,1457405,ROA,1226402,IAD,1424,-6,1519,-20,4.030194512
72,08/05/2018,20237,N18101,4737,1393006,ORD,1591904,XNA,2001,46,2209,59,0
73,08/05/2018,20237,N13124,4734,1221702,HSV,1129202,DEN,720,-10,909,-16,4.030194512
74,08/05/2018,20237,N14125,4733,1393006,ORD,1106606,CMH,1148,23,1412,24,0
75,08/05/2018,20237,N14116,4731,1393006,ORD,1087402,CAK,1820,23,2031,6,4.030194512
76,08/05/2018,20237,N21129,4730,1501606,STL,1393006,ORD,1150,-5,1327,9,4.030194512
77,08/05/2018,20237,N31131,4728,1473003,SDF,1393006,ORD,552,-13,621,-5,4.030194512
78,08/05/2018,20237,N14153,4727,1129202,DEN,1302902,LNK,1951,-4,2213,-10,4.030194512
79,08/05/2018,20237,N34111,4727,1141306,DRO,1129202,DEN,2042,162,2144,154,0
80,08/05/2018,20237,N11137,4725,1226402,IAD,1104205,CLE,821,-9,930,-15,4.030194512
81,08/05/2018,20237,N13124,4724,1129202,DEN,1177502,FSD,1731,-9,1948,-28,4.030194512
82,08/05/2018,20237,N12145,4723,1129202,DEN,1201205,GUC,1524,-1,1640,10,4.030194512
83,08/05/2018,20237,N24128,4723,1445702,RAP,1129202,DEN,1315,-5,1429,-4,4.030194512
84,08/05/2018,20237,N12126,4721,1177502,FSD,1129202,DEN,1716,-4,1814,2,4.030194512
85,08/05/2018,20237,N12136,4720,1445702,RAP,1129202,DEN,730,-10,847,-12,4.030194512
86,08/05/2018,20237,N17146,4719,1501606,STL,1226402,IAD,820,-5,1116,-10,4.030194512
87,08/05/2018,20237,N12136,4718,1129202,DEN,1027903,AMA,1045,50,1259,43,0
88,08/05/2018,20237,N839HK,4716,1509602,SYR,1226402,IAD,1421,-9,1526,-20,4.030194512
89,08/05/2018,20237,N12145,4715,1129202,DEN,1591904,XNA,1002,-3,1247,-13,4.030194512
90,08/05/2018,20237,N13132,4714,1129202,DEN,1154005,ELP,2048,53,2258,68,0
91,08/05/2018,20237,N14117,4714,1221702,HSV,1129202,DEN,1508,-2,1658,-7,4.030194512
92,08/05/2018,20237,N18120,4713,1129202,DEN,1200305,GTF,1857,-3,2056,-2,4.030194512
93,08/05/2018,20237,N14153,4713,1350202,MTJ,1129202,DEN,1730,30,1832,29,0
94,08/05/2018,20237,N11106,4711,1473003,SDF,1393006,ORD,1636,21,1702,6,4.030194512
95,08/05/2018,20237,N12122,4710,1445702,RAP,1393006,ORD,1429,178,1759,193,0
96,08/05/2018,20237,N14125,4709,1393006,ORD,1473003,SDF,2100,-5,2327,-3,4.030194512
97,08/05/2018,20237,N11150,4708,1393006,ORD,1473003,SDF,1522,60,1737,54,0
98,08/05/2018,20237,N11121,4706,1501606,STL,1129202,DEN,856,-4,1014,-12,4.030194512
99,08/05/2018,20237,N11113,4705,1126702,DAY,1129202,DEN,1740,28,1834,16,0
100,08/05/2018,20237,N41104,4704,1393006,ORD,1501606,STL,1251,-4,1410,-8,4.030194512
101,08/05/2018,20237,N16151,4702,1141306,DRO,1129202,DEN,940,10,1038,-2,4.030194512
102,08/05/2018,20237,N18114,4699,1200305,GTF,1129202,DEN,649,-11,853,-2,4.030194512
103,08/05/2018,20237,N11119,4698,1393006,ORD,1106702,CMI,1600,20,1653,17,0
104,08/05/2018,20237,N31131,4697,1199603,GSP,1226402,IAD,1452,2,1631,11,4.030194512
105,08/05/2018,20237,N12142,4696,1163703,FAR,1129202,DEN,556,-4,658,0,4.030194512
106,08/05/2018,20237,N11121,4694,1129202,DEN,1467402,SAF,1125,0,1235,-5,4.030194512
107,08/05/2018,20237,N11155,4694,1131502,DIK,1129202,DEN,712,0,859,9,4.030194512
108,08/05/2018,20237,N18114,4693,1129202,DEN,1062702,BIS,2132,80,1,70,0
109,08/05/2018,20237,N18120,4692,1393006,ORD,1299206,LIT,953,-7,1135,-20,4.030194512
110,08/05/2018,20237,N839HK,4691,1226402,IAD,1509602,SYR,1217,-8,1322,-25,4.030194512
111,08/05/2018,20237,N839HK,4690,1393006,ORD,1177502,FSD,2022,37,2206,32,0
112,08/05/2018,20237,N24128,4687,1192102,GJT,1129202,DEN,537,-8,640,-13,4.030194512
113,08/05/2018,20237,N16151,4684,1112205,CPR,1129202,DEN,1706,-4,1806,-14,4.030194512
114,08/05/2018,20237,N11121,4683,1129202,DEN,1501606,STL,1521,-4,1826,-7,4.030194512
115,08/05/2018,20237,N18120,4681,1129202,DEN,1302902,LNK,1435,-10,1700,-6,4.030194512
116,08/05/2018,20237,N34111,4680,1129202,DEN,1141306,DRO,1850,190,2022,206,0
117,08/05/2018,20237,N24128,4679,1129202,DEN,1445702,RAP,1130,0,1240,-7,4.030194512
118,08/05/2018,20237,N14117,4679,1591904,XNA,1129202,DEN,920,-10,1016,-15,4.030194512
119,08/05/2018,20237,N12145,4678,1129202,DEN,1112205,CPR,1854,-1,2002,-3,4.030194512
120,08/05/2018,20237,N18120,4678,1302902,LNK,1129202,DEN,1731,-5,1815,-2,4.030194512
121,08/05/2018,20237,N18120,4676,1299206,LIT,1129202,DEN,1235,-10,1351,-9,4.030194512
122,08/05/2018,20237,N11106,4675,1299206,LIT,1129202,DEN,832,-9,943,-22,4.030194512
123,08/05/2018,20237,N12122,4674,1129202,DEN,1445702,RAP,1225,159,1333,152,0
124,08/05/2018,20237,N18120,4673,1129202,DEN,1141306,DRO,15,105,128,108,0
125,08/05/2018,20237,N21144,4672,1228002,IDA,1129202,DEN,1745,10,1914,1,4.030194512
126,08/05/2018,20237,N34111,4671,1209402,HDN,1129202,DEN,1333,51,1434,54,0
127,08/05/2018,20237,N14116,4670,1129202,DEN,1126702,DAY,1153,88,1646,93,0
128,08/05/2018,20237,N11150,4669,1473003,SDF,1129202,DEN,1821,66,1924,66,0
129,08/05/2018,20237,N12122,4667,1501606,STL,1226402,IAD,2005,115,2314,121,0
130,08/05/2018,20237,N12136,4666,1129202,DEN,1537002,TUL,1558,-2,1827,-17,4.030194512
131,08/05/2018,20237,N12145,4665,1591904,XNA,1129202,DEN,1327,-8,1419,-14,4.030194512
132,08/05/2018,20237,N14116,4664,1126702,DAY,1393006,ORD,1724,99,1732,92,0
133,08/05/2018,20237,N12126,4663,1228002,IDA,1129202,DEN,1221,131,1355,129,0
134,08/05/2018,20237,N12145,4662,1228002,IDA,1129202,DEN,715,-10,904,3,4.030194512
135,08/05/2018,20237,N14153,4661,1163703,FAR,1129202,DEN,1337,2,1444,11,4.030194512
136,08/05/2018,20237,N12142,4660,1142306,DSM,1393006,ORD,1749,44,1915,43,0
137,08/05/2018,20237,N18120,4659,1200305,GTF,1129202,DEN,2149,409,2330,395,0
138,08/05/2018,20237,N12136,4658,1027903,AMA,1129202,DEN,1352,62,1410,63,0
139,08/05/2018,20237,N12122,4657,1112205,CPR,1129202,DEN,955,25,1053,17,0
140,08/05/2018,20237,N16112,4656,1192102,GJT,1129202,DEN,1717,10,1828,11,4.030194512
141,08/05/2018,20237,N18120,4655,1473003,SDF,1393006,ORD,825,-5,859,-1,4.030194512
142,08/05/2018,20237,N34111,4654,1201205,GUC,1129202,DEN,1731,247,1830,245,0
143,08/05/2018,20237,N34111,4653,1129202,DEN,1201205,GUC,1508,199,1651,237,0
144,08/05/2018,20237,N18114,4652,1467402,SAF,1129202,DEN,1934,111,2051,108,0
145,08/05/2018,20237,N10156,4650,1129202,DEN,1478302,SGF,1344,74,1647,83,0
146,08/05/2018,20237,N12142,4649,1129202,DEN,1348602,MSO,738,-7,1001,6,4.030194512
147,08/05/2018,20237,N12126,4648,1129202,DEN,1177502,FSD,1416,1,1645,-2,4.030194512
148,08/05/2018,20237,N13132,4647,1027903,AMA,1129202,DEN,1431,481,1455,484,0
149,08/05/2018,20237,N24128,4646,1129202,DEN,1109702,COD,743,-2,905,-6,4.030194512
150,08/05/2018,20237,N21144,4645,1129202,DEN,1299206,LIT,2005,-11,2343,13,4.030194512
151,08/05/2018,20237,N16112,4644,1129202,DEN,1228002,IDA,1907,-3,2103,9,4.030194512
152,08/05/2018,20237,N16112,4643,1129202,DEN,1154005,ELP,953,-2,1148,0,4.030194512
153,08/05/2018,20237,N34111,4642,1129202,DEN,1209402,HDN,1212,56,1304,52,0
154,08/05/2018,20237,N24128,4641,1109702,COD,1129202,DEN,934,-7,1103,-5,4.030194512
155,08/05/2018,20237,N21144,4640,1129202,DEN,1228002,IDA,1510,-5,1705,6,4.030194512
156,08/05/2018,20237,N12126,4639,1129202,DEN,1209402,HDN,1912,-3,1959,-14,4.030194512
157,08/05/2018,20237,N12145,4639,1201205,GUC,1129202,DEN,1657,-3,1758,-5,4.030194512
158,08/05/2018,20237,N16112,4638,1467402,SAF,1129202,DEN,728,-7,842,-13,4.030194512
159,08/05/2018,20237,N12126,4637,1129202,DEN,1228002,IDA,1020,145,1159,140,0
160,08/05/2018,20237,N14125,4636,1106606,CMH,1393006,ORD,1439,19,1448,6,4.030194512
161,08/05/2018,20237,N16151,4635,1129202,DEN,1221702,HSV,1830,54,2209,50,0
162,08/05/2018,20237,N10156,4634,1478302,SGF,1129202,DEN,1703,69,1807,66,0
163,08/05/2018,20237,N34111,4633,1129202,DEN,1445702,RAP,2216,131,2332,127,0
164,08/05/2018,20237,N14153,4632,1129202,DEN,1163703,FAR,1010,0,1304,-1,4.030194512
165,08/05/2018,20237,N14117,4631,1129202,DEN,1387102,OMA,1753,0,2017,-18,4.030194512
166,08/05/2018,20237,N839HK,4629,1393006,ORD,1468502,SAV,615,-5,920,-19,4.030194512
167,08/05/2018,20237,N11119,4628,1393006,ORD,1106702,CMI,1939,9,2034,8,4.030194512
168,08/05/2018,20237,N16151,4627,1129202,DEN,1112205,CPR,1519,-6,1646,11,4.030194512
169,08/05/2018,20237,N12122,4626,1393006,ORD,1501606,STL,1828,148,1941,138,5
170,08/05/2018,20237,N14116,4625,1387102,OMA,1129202,DEN,1023,72,1100,70,0
171,08/05/2018,20237,N10156,4624,1129202,DEN,1062702,BIS,1822,47,2129,73,0
172,08/05/2018,20237,N11150,4623,1129202,DEN,1131502,DIK,1952,-3,2136,-3,4.030194512
173,08/05/2018,20237,N13124,4623,1541205,TYS,1129202,DEN,1523,-7,1639,1,4.030194512
174,08/05/2018,20237,N12136,4622,1129202,DEN,1109702,COD,2219,109,2339,104,0
175,08/05/2018,20237,N11106,4621,1393006,ORD,1473003,SDF,1818,28,2045,29,0
176,08/05/2018,20237,N24128,4620,1129202,DEN,1109702,COD,1514,4,1656,18,0
177,08/05/2018,20237,N11119,4619,1106702,CMI,1393006,ORD,1717,10,1830,11,4.030194512
178,08/05/2018,20237,N13132,4618,1129202,DEN,1062702,BIS,1541,86,1826,90,22
179,08/05/2018,20237,N16151,4617,1129202,DEN,1109702,COD,1106,-10,1249,7,4.030194512
180,08/05/2018,20237,N13132,4616,1062702,BIS,1129202,DEN,1919,109,2005,106,0
181,08/05/2018,20237,N18114,4615,1129202,DEN,1467402,SAF,1655,70,1819,76,0
182,08/05/2018,20237,N17138,4614,1129202,DEN,1062003,BIL,1144,225,1335,233,0
183,08/05/2018,20237,N21144,4613,1177502,FSD,1129202,DEN,1320,-9,1421,11,4.030194512
184,08/05/2018,20237,N24128,4612,1109702,COD,1129202,DEN,1716,6,1846,7,4.030194512
185,08/05/2018,20237,N16151,4611,1109702,COD,1129202,DEN,1302,-10,1440,1,4.030194512
186,08/05/2018,20237,N11113,4610,1324402,MEM,1393006,ORD,1113,-10,1300,-26,4.030194512
187,08/05/2018,20237,N11137,4609,1104205,CLE,1226402,IAD,1009,-6,1115,-10,4.030194512
188,08/05/2018,20237,N16151,4607,1109702,COD,1129202,DEN,528,-2,709,13,4.030194512
189,08/05/2018,20237,N17138,4605,1062003,BIL,1129202,DEN,1347,215,1541,233,0
190,08/05/2018,20237,N12142,4603,1129202,DEN,1142306,DSM,1443,98,1721,84,0
191,08/05/2018,20237,N17138,4601,1062702,BIS,1129202,DEN,919,-11,1029,17,0
192,08/05/2018,20237,N12126,4600,1129202,DEN,1473003,SDF,843,908,1303,887,0
193,08/05/2018,20500,N170GJ,4598,1393006,ORD,1058102,BGR,1808,-7,2134,-12,4.030194512
194,08/05/2018,20500,N173GJ,4595,1119302,CVG,1393006,ORD,1801,-4,1851,25,0
195,08/05/2018,20500,N152GJ,4594,1393006,ORD,1509602,SYR,846,-4,1118,-20,4.030194512
196,08/05/2018,20500,N155GJ,4592,1393006,ORD,1039707,ATL,2106,-9,2355,-20,4.030194512
197,08/05/2018,20500,N169GJ,4591,1059904,BHM,1129202,DEN,732,17,916,4,4.030194512
198,08/05/2018,20500,N164GJ,4590,1129202,DEN,1059904,BHM,1016,-2,1349,-15,4.030194512
199,08/05/2018,20500,N161GJ,4589,1393006,ORD,1039707,ATL,1741,-9,2031,-25,4.030194512
200,08/05/2018,20500,N170GJ,4588,1501606,STL,1393006,ORD,936,-4,1054,-8,4.030194512
201,08/05/2018,20500,N167GJ,4582,1393006,ORD,1058102,BGR,744,-1,1126,10,4.030194512
202,08/05/2018,20500,N174GJ,4581,1483106,SJC,1129202,DEN,1757,17,2112,0,4.030194512
203,08/05/2018,20500,N173GJ,4579,1393006,ORD,1348502,MSN,1942,-8,2050,0,4.030194512
204,08/05/2018,20500,N159GJ,4578,1350202,MTJ,1393006,ORD,1318,27,1656,18,0
205,08/05/2018,20500,N162GJ,4577,1452401,RIC,1393006,ORD,1031,1,1123,-10,4.030194512
206,08/05/2018,20500,N167GJ,4576,1058102,BGR,1393006,ORD,1205,5,1334,-20,4.030194512
207,08/05/2018,20500,N167GJ,4575,1501606,STL,1393006,ORD,1655,5,1814,0,4.030194512
208,08/05/2018,20500,N168GJ,4574,1393006,ORD,1039707,ATL,934,-1,1223,-14,4.030194512
209,08/05/2018,20500,N152GJ,4573,1324402,MEM,1393006,ORD,605,-10,809,2,4.030194512
210,08/05/2018,20500,N170GJ,4572,1393006,ORD,1501606,STL,742,-3,859,-5,4.030194512
211,08/05/2018,20500,N174GJ,4571,1143302,DTW,1129202,DEN,912,-3,1018,-2,4.030194512
212,08/05/2018,20500,N158GJ,4570,1393006,ORD,1104205,CLE,755,-10,1016,-9,4.030194512
213,08/05/2018,20500,N168GJ,4567,1129202,DEN,1324402,MEM,1737,-7,2045,-25,4.030194512
214,08/05/2018,20500,N173GJ,4563,1393006,ORD,1143302,DTW,932,-3,1138,-22,4.030194512
215,08/05/2018,20500,N175GJ,4562,1410005,PHL,1393006,ORD,1920,-10,2009,-51,4.030194512
216,08/05/2018,20500,N166GJ,4559,1129202,DEN,1483106,SJC,826,-4,1032,20,0
217,08/05/2018,20500,N153GJ,4558,1142306,DSM,1393006,ORD,904,-1,1051,19,0
218,08/05/2018,20500,N175GJ,4556,1393006,ORD,1410005,PHL,1528,-9,1845,-6,4.030194512
219,08/05/2018,20500,N165GJ,4555,1129202,DEN,1059904,BHM,1739,-6,2124,3,4.030194512
220,08/05/2018,20500,N157GJ,4554,1100303,CID,1393006,ORD,1813,35,1922,32,0
221,08/05/2018,20500,N157GJ,4553,1393006,ORD,1100303,CID,1610,20,1716,14,4.030194512
222,08/05/2018,20500,N168GJ,4552,1245102,JAX,1393006,ORD,713,-7,831,-22,4.030194512
223,08/05/2018,20500,N151GJ,4551,1393006,ORD,1538005,TVC,1537,-4,1743,-11,4.030194512
224,08/05/2018,20500,N158GJ,4550,1104205,CLE,1129202,DEN,1054,-7,1200,-8,4.030194512
225,08/05/2018,20500,N156GJ,4549,1129202,DEN,1501606,STL,1951,-4,2243,-17,4.030194512
226,08/05/2018,20500,N157GJ,4548,1233904,IND,1393006,ORD,1016,-10,1017,-18,4.030194512
227,08/05/2018,20500,N157GJ,4547,1393006,ORD,1233904,IND,742,-3,936,-14,4.030194512
228,08/05/2018,20500,N152GJ,4546,1509602,SYR,1393006,ORD,1210,-10,1306,-20,4.030194512
229,08/05/2018,20500,N172GJ,4545,1393102,ORF,1393006,ORD,1831,1,1938,-12,4.030194512
230,08/05/2018,20500,N157GJ,4544,1538005,TVC,1393006,ORD,1416,-3,1430,-6,4.030194512
231,08/05/2018,20500,N163GJ,4543,1393006,ORD,1014005,ABQ,957,-8,1203,-11,4.030194512
232,08/05/2018,20500,N166GJ,4542,1129202,DEN,1336705,MLI,2003,3,2255,-4,4.030194512
233,08/05/2018,20500,N157GJ,4541,1393006,ORD,1538005,TVC,1128,-2,1328,-15,4.030194512
234,08/05/2018,20500,N172GJ,4538,1393006,ORD,1245102,JAX,805,-7,1134,-5,4.030194512
235,08/05/2018,20500,N153GJ,4536,1393102,ORF,1393006,ORD,1525,-5,1621,-26,4.030194512
236,08/05/2018,20500,N160GJ,4535,1129202,DEN,1069302,BNA,1027,-3,1425,19,0
237,08/05/2018,20500,N172GJ,4534,1393006,ORD,1501606,STL,2101,-9,2217,-11,4.030194512
238,08/05/2018,20500,N158GJ,4533,1129202,DEN,1349505,MSY,1319,29,1648,23,0
239,08/05/2018,20500,N174GJ,4531,1150305,EGE,1129202,DEN,1302,-18,1359,-17,4.030194512
240,08/05/2018,20500,N174GJ,4530,1129202,DEN,1483106,SJC,2238,18,22,23,0
241,08/05/2018,20500,N164GJ,4529,1059904,BHM,1129202,DEN,1434,-6,1638,3,4.030194512
242,08/05/2018,20500,N165GJ,4528,1323002,MDT,1393006,ORD,1110,-5,1156,-17,4.030194512
243,08/05/2018,20500,N174GJ,4527,1129202,DEN,1150305,EGE,1141,1,1227,-4,4.030194512
244,08/05/2018,20500,N162GJ,4525,1393006,ORD,1336705,MLI,2113,-10,2240,15,0
245,08/05/2018,20500,N162GJ,4524,1393006,ORD,1052906,BDL,1436,11,1737,-3,4.030194512
246,08/05/2018,20500,N155GJ,4523,1336705,MLI,1393006,ORD,1909,-6,2009,-8,4.030194512
247,08/05/2018,20500,N162GJ,4522,1052906,BDL,1393006,ORD,1810,-10,1935,-25,4.030194512
248,08/05/2018,20500,N157GJ,4521,1393006,ORD,1119302,CVG,2056,-9,2311,-14,4.030194512
249,08/05/2018,20500,N161GJ,4520,1468305,SAT,1393006,ORD,1342,-3,1625,-15,4.030194512
250,08/05/2018,20500,N175GJ,4518,1402702,PBI,1393006,ORD,1225,-10,1407,-48,4.030194512
251,08/05/2018,20500,N165GJ,4517,1324402,MEM,1129202,DEN,1519,-6,1652,-6,4.030194512
252,08/05/2018,20500,N172GJ,4516,1393006,ORD,1393102,ORF,1428,-2,1740,1,4.030194512
253,08/05/2018,20500,N151GJ,4515,1039707,ATL,1393006,ORD,1318,-7,1421,-15,4.030194512
254,08/05/2018,20500,N173GJ,4514,1393006,ORD,1119302,CVG,1404,-4,1632,-3,4.030194512
255,08/05/2018,20500,N158GJ,4513,1349505,MSY,1393006,ORD,1713,3,1930,-15,4.030194512
256,08/05/2018,20500,N151GJ,4512,1129202,DEN,1039707,ATL,742,-4,1231,-17,4.030194512
257,08/05/2018,20500,N153GJ,4511,1393006,ORD,1393102,ORF,1141,-4,1445,-7,4.030194512
258,08/05/2018,20500,N167GJ,4510,1393006,ORD,1324402,MEM,1953,13,2132,0,4.030194512
259,08/05/2018,20500,N166GJ,4508,1483106,SJC,1129202,DEN,1102,7,1431,7,4.030194512
260,08/05/2018,20500,N164GJ,4505,1501606,STL,1129202,DEN,741,-4,853,-12,4.030194512
261,08/05/2018,20500,N159GJ,4504,1393006,ORD,1449202,RDU,1749,-1,2046,-11,4.030194512
262,08/05/2018,20500,N175GJ,4503,1336705,MLI,1393006,ORD,556,-4,654,-6,4.030194512
263,08/05/2018,20500,N163GJ,4502,1449202,RDU,1393006,ORD,726,-9,854,1,4.030194512
264,08/05/2018,20500,N173GJ,4501,1537002,TUL,1393006,ORD,556,-9,748,-17,4.030194512
265,08/05/2018,20500,N155GJ,4500,1324402,MEM,1393006,ORD,1405,-5,1544,-21,4.030194512
266,08/05/2018,20500,N170GJ,4499,1393006,ORD,1039707,ATL,1138,-7,1425,-22,4.030194512
267,08/05/2018,20500,N175GJ,4498,1393006,ORD,1142306,DSM,2135,-10,2258,-11,4.030194512
268,08/05/2018,20500,N161GJ,4497,1483106,SJC,1129202,DEN,521,-9,840,-22,4.030194512
269,08/05/2018,20500,N151GJ,4496,1350202,MTJ,1129202,DEN,600,-5,707,-1,4.030194512
270,08/05/2018,20500,N160GJ,4495,1069302,BNA,1129202,DEN,1531,46,1736,56,37
271,08/05/2018,20500,N175GJ,4494,1393006,ORD,1402702,PBI,744,-1,1135,-24,4.030194512
272,08/05/2018,20500,N152GJ,4493,1393006,ORD,1537002,TUL,1926,-9,2104,-29,4.030194512
273,08/05/2018,20500,N155GJ,4492,1129202,DEN,1324402,MEM,1000,-5,1310,-18,4.030194512
274,08/05/2018,20500,N166GJ,4492,1501606,STL,1129202,DEN,542,12,700,10,4.030194512
275,08/05/2018,20500,N172GJ,4491,1039707,ATL,1393006,ORD,618,-2,711,-19,4.030194512
276,08/05/2018,20500,N151GJ,4490,1538005,TVC,1393006,ORD,1828,-2,1841,-7,4.030194512
277,08/05/2018,20500,N157GJ,4489,1142306,DSM,1393006,ORD,532,-8,651,-9,4.030194512
278,08/05/2018,20500,N161GJ,4488,1129202,DEN,1468305,SAT,945,-10,1257,-3,4.030194512
279,08/05/2018,20500,N155GJ,4487,1393006,ORD,1336705,MLI,1644,-11,1745,-12,4.030194512
280,08/05/2018,20500,N169GJ,4486,1129202,DEN,1350202,MTJ,1949,-7,2053,-10,4.030194512
281,08/05/2018,20500,N168GJ,4484,1039707,ATL,1129202,DEN,1306,-9,1404,-18,4.030194512
282,08/05/2018,20500,N159GJ,4483,1058102,BGR,1393006,ORD,717,-3,901,-13,4.030194512
283,08/05/2018,20500,N159GJ,4483,1393006,ORD,1350202,MTJ,1021,6,1240,25,0
284,08/05/2018,20500,N156GJ,4482,1142306,DSM,1129202,DEN,1736,16,1830,10,4.030194512
285,08/05/2018,20500,N156GJ,4481,1233904,IND,1129202,DEN,1309,19,1400,32,0
286,08/05/2018,20500,N163GJ,4480,1393006,ORD,1245102,JAX,1738,-12,2052,-22,4.030194512
287,08/05/2018,20500,N166GJ,4479,1129202,DEN,1084905,BZN,1502,-8,1649,-4,4.030194512
288,08/05/2018,20500,N153GJ,4478,1393006,ORD,1501606,STL,1746,-4,1901,-9,4.030194512
289,08/05/2018,20500,N155GJ,4477,1142306,DSM,1129202,DEN,801,-10,857,-13,4.030194512
290,08/05/2018,20500,N156GJ,4476,1129202,DEN,1233904,IND,744,-6,1244,30,0
291,08/05/2018,20500,N166GJ,4475,1084905,BZN,1129202,DEN,1745,16,1925,15,15
292,08/05/2018,20500,N152GJ,4474,1393006,ORD,1323002,MDT,1423,18,1718,18,0
293,08/05/2018,20500,N163GJ,4473,1014005,ABQ,1393006,ORD,1310,15,1655,9,4.030194512
294,08/05/2018,20500,N161GJ,4472,1039707,ATL,1393006,ORD,2133,-3,2223,-29,4.030194512
295,08/05/2018,20500,N160GJ,4471,1129202,DEN,1142306,DSM,1804,24,2047,18,0
296,08/05/2018,20500,N174GJ,4470,1129202,DEN,1483106,SJC,1544,19,1733,29,19
297,08/05/2018,20500,N156GJ,4469,1129202,DEN,1142306,DSM,1427,17,1706,22,0
298,08/05/2018,20500,N165GJ,4468,1393006,ORD,1324402,MEM,1250,0,1433,-15,4.030194512
299,08/05/2018,20500,N173GJ,4467,1143302,DTW,1393006,ORD,1231,-9,1239,-20,4.030194512
300,08/05/2018,20500,N165GJ,4466,1501606,STL,1393006,ORD,513,-2,628,-9,4.030194512
301,08/05/2018,20500,N162GJ,4465,1393006,ORD,1452401,RIC,642,-3,949,2,4.030194512
302,08/05/2018,20500,N170GJ,4464,1039707,ATL,1393006,ORD,1518,-5,1616,-24,4.030194512
303,08/05/2018,20500,N165GJ,4462,1393006,ORD,1323002,MDT,741,-4,1016,-17,4.030194512
304,08/05/2018,20500,N152GJ,4461,1323002,MDT,1393006,ORD,1751,11,1828,-15,4.030194512
305,08/05/2018,20500,N172GJ,4460,1245102,JAX,1393006,ORD,1209,-6,1330,-18,4.030194512
306,08/05/2018,20500,N167GJ,4460,1393006,ORD,1501606,STL,1444,-6,1558,-12,4.030194512
307,08/05/2018,20046,N443AW,3964,1232305,ILM,1393006,ORD,1125,-10,1228,-22,4.030194512
308,08/05/2018,20046,N435AW,3963,1393006,ORD,1591904,XNA,1535,0,1717,-16,4.030194512
309,08/05/2018,20046,N432AW,3963,1537002,TUL,1393006,ORD,1228,-12,1430,-8,4.030194512
310,08/05/2018,20046,N425AW,3962,1348502,MSN,1393006,ORD,558,-7,707,2,4.030194512
311,08/05/2018,20046,N435AW,3961,1226402,IAD,1233904,IND,1222,-8,1351,-19,4.030194512
312,08/05/2018,20046,N428AW,3960,1226402,IAD,1232305,ILM,1727,-3,1921,27,0
313,08/05/2018,20046,N455AW,3959,1288403,LAN,1393006,ORD,1126,-9,1132,-17,4.030194512
314,08/05/2018,20046,N453AW,3959,1393006,ORD,1197705,GRB,1255,-5,1346,-27,4.030194512
315,08/05/2018,20046,N414ZW,3958,1393006,ORD,1294503,LEX,759,654,1032,667,0
316,08/05/2018,20046,N460AW,3956,1226402,IAD,1232305,ILM,845,5,1016,12,4.030194512
317,08/05/2018,20046,N440AW,3953,1232305,ILM,1393006,ORD,1735,-11,1843,-18,4.030194512
318,08/05/2018,20046,N434AW,3952,1226402,IAD,1199502,GSO,1757,27,1903,8,4.030194512
319,08/05/2018,20046,N453AW,3951,1393006,ORD,1233904,IND,1627,-8,1815,-32,4.030194512
320,08/05/2018,20046,N428AW,3950,1232305,ILM,1226402,IAD,1947,12,2100,12,4.030194512
321,08/05/2018,20046,N460AW,3949,1232305,ILM,1226402,IAD,1040,5,1147,-1,4.030194512
322,08/05/2018,20046,N460AW,3948,1226402,IAD,1164102,FAY,1230,-5,1353,-4,4.030194512
323,08/05/2018,20046,N430AW,3947,1393006,ORD,1100303,CID,1000,-5,1112,-8,4.030194512
324,08/05/2018,20046,N436AW,3946,1393006,ORD,1078502,BTV,1745,-10,2052,-18,4.030194512
325,08/05/2018,20046,N464AW,3944,1334207,MKE,1393006,ORD,1423,36,1512,31,0
326,08/05/2018,20046,N423AW,3942,1226402,IAD,1069302,BNA,817,-8,901,-19,4.030194512
327,08/05/2018,20046,N430AW,3941,1100303,CID,1393006,ORD,1145,-5,1251,-8,4.030194512
328,08/05/2018,20046,N426AW,3939,1393006,ORD,1233904,IND,1825,-5,2025,-14,4.030194512
329,08/05/2018,20046,N432AW,3937,1393006,ORD,1161206,EVV,1925,-1,2026,-15,4.030194512
330,08/05/2018,20046,N436AW,3937,1538005,TVC,1393006,ORD,1712,27,1718,16,0
331,08/05/2018,20046,N465AW,3936,1114606,CRW,1393006,ORD,1805,15,1839,5,4.030194512
332,08/05/2018,20046,N448AW,3935,1393006,ORD,1177502,FSD,1237,-8,1416,-21,4.030194512
333,08/05/2018,20046,N455AW,3934,1197705,GRB,1393006,ORD,1859,-16,2008,-12,4.030194512
334,08/05/2018,20046,N408AW,3933,1299206,LIT,1393006,ORD,1514,34,1708,29,0
335,08/05/2018,20046,N408AW,3932,1040805,ATW,1129202,DEN,829,-10,1013,6,4.030194512
336,08/05/2018,20046,N464AW,3931,1393006,ORD,1334207,MKE,1300,40,1356,39,0
337,08/05/2018,20046,N448AW,3931,1432105,PWM,1393006,ORD,734,1,913,-10,4.030194512
338,08/05/2018,20046,N465AW,3929,1393006,ORD,1114606,CRW,1452,16,1725,10,4.030194512
339,08/05/2018,20046,N429AW,3929,1541205,TYS,1393006,ORD,1209,-6,1245,-21,4.030194512
340,08/05/2018,20046,N441ZW,3928,1393006,ORD,1099005,CHO,1830,35,2127,33,0
341,08/05/2018,20046,N429AW,3926,1393006,ORD,1087402,CAK,1356,-4,1641,12,4.030194512
342,08/05/2018,20046,N454AW,3925,1393006,ORD,1069302,BNA,1051,-4,1217,-11,4.030194512
343,08/05/2018,20046,N426AW,3923,1161206,EVV,1393006,ORD,634,-6,754,-21,4.030194512
344,08/05/2018,20046,N431AW,3922,1164102,FAY,1226402,IAD,1916,-14,2027,-28,4.030194512
345,08/05/2018,20046,N427ZW,3922,1226402,IAD,1114606,CRW,2208,-2,2321,-11,4.030194512
346,08/05/2018,20046,N448AW,3920,1177502,FSD,1393006,ORD,1452,-15,1703,9,4.030194512
347,08/05/2018,20046,N443AW,3919,1114606,CRW,1393006,ORD,549,-11,619,-16,4.030194512
348,08/05/2018,20046,N416AW,3918,1226402,IAD,1541205,TYS,1657,-8,1819,-26,4.030194512
349,08/05/2018,20046,N419AW,3917,1126702,DAY,1393006,ORD,1422,-10,1426,-18,4.030194512
350,08/05/2018,20046,N470ZW,3916,1393006,ORD,1199502,GSO,938,-2,1319,48,0
351,08/05/2018,20046,N454AW,3915,1199603,GSP,1226402,IAD,1924,-11,2045,-22,4.030194512
352,08/05/2018,20046,N458AW,3912,1393006,ORD,1161206,EVV,1427,27,1552,37,0
353,08/05/2018,20046,N426AW,3912,1478302,SGF,1393006,ORD,1109,-6,1244,-13,4.030194512
354,08/05/2018,20046,N462AW,3911,1129202,DEN,1040805,ATW,1820,45,2129,42,0
355,08/05/2018,20046,N453AW,3908,1457405,ROA,1393006,ORD,1110,0,1159,-5,4.030194512
356,08/05/2018,20046,N453AW,3907,1393006,ORD,1457405,ROA,738,-12,1026,-14,4.030194512
357,08/05/2018,20046,N409AW,3903,1393006,ORD,1430705,PVD,1355,-5,1721,-8,4.030194512
358,08/05/2018,20046,N467AW,3902,1226402,IAD,1430705,PVD,1230,0,1414,15,0
359,08/05/2018,20046,N462AW,3901,1164102,FAY,1226402,IAD,556,-4,710,-4,4.030194512
360,08/05/2018,20046,N470ZW,3900,1393006,ORD,1040805,ATW,1802,-8,1855,-19,4.030194512
361,08/05/2018,20046,N431AW,3899,1078502,BTV,1393006,ORD,655,-5,817,-12,4.030194512
362,08/05/2018,20046,N429AW,3898,1288403,LAN,1393006,ORD,640,-5,639,-9,4.030194512
363,08/05/2018,20046,N416AW,3897,1541205,TYS,1226402,IAD,1912,-13,2035,-17,4.030194512
364,08/05/2018,20046,N423AW,3896,1069302,BNA,1393006,ORD,949,-11,1141,-10,4.030194512
365,08/05/2018,20046,N432AW,3896,1393006,ORD,1040805,ATW,1542,-3,1642,-15,4.030194512
366,08/05/2018,20046,N433AW,3895,1393006,ORD,1126702,DAY,2123,-7,2329,-19,4.030194512
367,08/05/2018,20046,N464AW,3894,1177502,FSD,1393006,ORD,1809,-1,2018,22,0
368,08/05/2018,20046,N448AW,3892,1393006,ORD,1126702,DAY,1750,-2,2015,5,4.030194512
369,08/05/2018,20046,N430AW,3891,1126702,DAY,1393006,ORD,901,4,904,-4,4.030194512
370,08/05/2018,20046,N425AW,3890,1393006,ORD,1385103,OKC,755,0,958,-18,4.030194512
371,08/05/2018,20046,N443AW,3889,1393006,ORD,1120302,CWA,2122,-8,2238,-3,4.030194512
372,08/05/2018,20046,N409AW,3888,1457405,ROA,1393006,ORD,557,-8,634,-28,4.030194512
373,08/05/2018,20046,N449AW,3887,1393006,ORD,1457405,ROA,1801,-6,2052,-11,4.030194512
374,08/05/2018,20046,N455AW,3887,1478302,SGF,1393006,ORD,1500,-5,1626,-24,4.030194512
375,08/05/2018,20046,N436AW,3886,1393006,ORD,1348502,MSN,1018,-7,1121,-5,4.030194512
376,08/05/2018,20046,N458AW,3886,1445702,RAP,1393006,ORD,556,-4,922,5,4.030194512
377,08/05/2018,20046,N460AW,3885,1226402,IAD,1221702,HSV,1659,-6,1746,-14,4.030194512
378,08/05/2018,20046,N462AW,3884,1226402,IAD,1221702,HSV,810,-5,904,-6,4.030194512
379,08/05/2018,20046,N468AW,3883,1226402,IAD,1198603,GRR,1711,-9,1917,3,4.030194512
380,08/05/2018,20046,N458AW,3882,1393006,ORD,1199502,GSO,1826,-4,2114,-18,4.030194512
381,08/05/2018,20046,N431AW,3881,1226402,IAD,1164102,FAY,1724,-6,1837,-14,4.030194512
382,08/05/2018,20046,N415AW,3879,1226402,IAD,1086803,CAE,1659,-6,1855,11,4.030194512
383,08/05/2018,20046,N420AW,3878,1393006,ORD,1197705,GRB,1214,129,1311,116,0
384,08/05/2018,20046,N417AW,3877,1393006,ORD,1040805,ATW,1926,-7,2024,-15,4.030194512
385,08/05/2018,20046,N412AW,3875,1046902,AZO,1393006,ORD,636,-9,626,-14,4.030194512
386,08/05/2018,20046,N463AW,3875,1393006,ORD,1197705,GRB,748,-7,842,-23,4.030194512
387,08/05/2018,20046,N439AW,3874,1348502,MSN,1393006,ORD,1318,-7,1427,2,4.030194512
388,08/05/2018,20046,N460AW,3873,1221702,HSV,1393006,ORD,1816,-14,2019,-12,4.030194512
389,08/05/2018,20046,N436AW,3872,1348502,MSN,1393006,ORD,1158,-2,1310,11,4.030194512
390,08/05/2018,20046,N462AW,3871,1221702,HSV,1393006,ORD,943,-2,1129,-14,4.030194512
391,08/05/2018,20046,N416AW,3870,1199502,GSO,1226402,IAD,1427,2,1537,-2,4.030194512
392,08/05/2018,20046,N470ZW,3869,1199502,GSO,1393006,ORD,1347,17,1500,25,0
393,08/05/2018,20046,N434AW,3868,1221702,HSV,1226402,IAD,1321,-9,1614,-11,4.030194512
394,08/05/2018,20046,N428AW,3867,1226402,IAD,1471105,SCE,1251,-9,1352,-18,4.030194512
395,08/05/2018,20046,N418AW,3867,1393006,ORD,1445702,RAP,1944,-4,2118,3,4.030194512
396,08/05/2018,20046,N420AW,3867,1471105,SCE,1393006,ORD,1757,37,1839,24,0
397,08/05/2018,20046,N427ZW,3866,1221702,HSV,1226402,IAD,848,-7,1138,-12,4.030194512
398,08/05/2018,20046,N453AW,3865,1197705,GRB,1393006,ORD,1432,-19,1532,-28,4.030194512
399,08/05/2018,20046,N415AW,3864,1541205,TYS,1226402,IAD,1446,-9,1618,-7,4.030194512
400,08/05/2018,20046,N425AW,3861,1199502,GSO,1393006,ORD,1742,3,1841,-9,4.030194512
401,08/05/2018,20046,N420AW,3860,1197705,GRB,1393006,ORD,1332,107,1438,104,0
402,08/05/2018,20046,N417AW,3859,1198603,GRR,1393006,ORD,758,-2,755,-7,4.030194512
403,08/05/2018,20046,N417AW,3858,1043405,AVP,1393006,ORD,1724,-6,1831,-24,4.030194512
404,08/05/2018,20046,N459AW,3857,1393006,ORD,1126702,DAY,2011,36,2213,20,20
405,08/05/2018,20046,N465AW,3856,1198603,GRR,1393006,ORD,1354,-1,1409,12,4.030194512
406,08/05/2018,20046,N461AW,3854,1040805,ATW,1393006,ORD,540,-5,648,-3,4.030194512
407,08/05/2018,20046,N432AW,3854,1393006,ORD,1537002,TUL,957,-6,1140,-30,4.030194512
408,08/05/2018,20046,N420AW,3853,1393006,ORD,1471105,SCE,1504,64,1738,49,0
409,08/05/2018,20046,N418AW,3852,1099005,CHO,1393006,ORD,558,-2,645,-15,4.030194512
410,08/05/2018,20046,N452AW,3851,1163703,FAR,1393006,ORD,1501,-8,1709,-1,4.030194512
411,08/05/2018,20046,N440AW,3850,1393006,ORD,1463303,RST,1936,-4,2047,-14,4.030194512
412,08/05/2018,20046,N452AW,3848,1471105,SCE,1393006,ORD,541,-19,619,-39,4.030194512
413,08/05/2018,20046,N439AW,3847,1393006,ORD,1348502,MSN,1130,-5,1224,-15,4.030194512
414,08/05/2018,20046,N423AW,3846,1393006,ORD,1111105,COU,1940,-5,2103,-5,4.030194512
415,08/05/2018,20046,N439AW,3845,1393006,ORD,1348502,MSN,736,-9,819,-28,4.030194512
416,08/05/2018,20046,N425AW,3844,1385103,OKC,1393006,ORD,1058,-8,1322,4,4.030194512
417,08/05/2018,20046,N463AW,3841,1126702,DAY,1226402,IAD,1442,-8,1602,-12,4.030194512
418,08/05/2018,20046,N425AW,3840,1393006,ORD,1199502,GSO,1359,-8,1715,6,4.030194512
419,08/05/2018,20046,N428AW,3839,1471105,SCE,1226402,IAD,1423,-17,1505,-35,4.030194512
420,08/05/2018,20046,N463AW,3838,1197705,GRB,1393006,ORD,923,-12,1032,-12,4.030194512
421,08/05/2018,20046,N443AW,3837,1393006,ORD,1219702,HPN,1409,-1,1722,-5,4.030194512
422,08/05/2018,20046,N443AW,3836,1219702,HPN,1393006,ORD,1807,7,1918,-28,4.030194512
423,08/05/2018,20046,N455AW,3836,1393006,ORD,1348502,MSN,2143,-12,2236,-20,4.030194512
424,08/05/2018,20046,N466AW,3835,1163703,FAR,1393006,ORD,1126,-4,1322,0,4.030194512
425,08/05/2018,20046,N408AW,3834,1129202,DEN,1299206,LIT,1109,27,1422,22,0
426,08/05/2018,20046,N464AW,3833,1334207,MKE,1393006,ORD,830,-1,919,-1,4.030194512
427,08/05/2018,20046,N462AW,3833,1393006,ORD,1445702,RAP,1346,46,1514,44,0
428,08/05/2018,20046,N462AW,3833,1445702,RAP,1129202,DEN,1633,73,1745,62,0
429,08/05/2018,20046,N468AW,3832,1329604,MHT,1393006,ORD,636,-4,759,-23,4.030194512
430,08/05/2018,20046,N453AW,3831,1111105,COU,1393006,ORD,523,-7,635,-15,4.030194512
431,08/05/2018,20046,N426AW,3831,1393006,ORD,1478302,SGF,909,14,1044,1,4.030194512
432,08/05/2018,20046,N432AW,3830,1199502,GSO,1393006,ORD,732,-13,819,-34,4.030194512
433,08/05/2018,20046,N455AW,3830,1393006,ORD,1478302,SGF,1237,-8,1400,-33,4.030194512
434,08/05/2018,20046,N412AW,3829,1177502,FSD,1393006,ORD,1102,-13,1239,-20,4.030194512
435,08/05/2018,20046,N464AW,3829,1393006,ORD,1177502,FSD,1548,3,1731,-6,4.030194512
436,08/05/2018,20046,N452AW,3828,1087402,CAK,1393006,ORD,1110,-10,1126,-19,4.030194512
437,08/05/2018,20046,N459AW,3827,1393006,ORD,1219702,HPN,739,-6,1049,-10,4.030194512
438,08/05/2018,20046,N459AW,3826,1219702,HPN,1393006,ORD,1155,-5,1314,-18,4.030194512
439,08/05/2018,20046,N460AW,3825,1164102,FAY,1226402,IAD,1449,19,1615,20,0
440,08/05/2018,20046,N435AW,3824,1126702,DAY,1393006,ORD,550,-10,549,-31,4.030194512
441,08/05/2018,20046,N420AW,3823,1393006,ORD,1334207,MKE,1932,2,2021,-1,4.030194512
442,08/05/2018,20046,N471ZW,3822,1393006,ORD,1471105,SCE,1755,-3,2038,-9,4.030194512
443,08/05/2018,20046,N411ZW,3821,1226402,IAD,1126702,DAY,1722,-3,1853,-11,4.030194512
444,08/05/2018,20046,N454AW,3820,1226402,IAD,1199603,GSP,1707,-3,1823,-29,4.030194512
445,08/05/2018,20046,N434AW,3819,1334207,MKE,1393006,ORD,651,-14,755,-6,4.030194512
446,08/05/2018,20046,N409AW,3818,1244807,JAN,1393006,ORD,1047,-8,1300,-17,4.030194512
447,08/05/2018,20046,N423AW,3817,1393006,ORD,1334207,MKE,1624,-3,1658,-21,4.030194512
448,08/05/2018,20046,N419AW,3814,1226402,IAD,1126702,DAY,1230,0,1358,-4,4.030194512
449,08/05/2018,20046,N435AW,3814,1473003,SDF,1226402,IAD,956,-9,1128,-13,4.030194512
450,08/05/2018,20046,N457AW,3813,1197705,GRB,1393006,ORD,547,-8,654,-7,4.030194512
451,08/05/2018,20046,N458AW,3812,1161206,EVV,1393006,ORD,1615,30,1730,20,0
452,08/05/2018,20046,N425AW,3812,1393006,ORD,1163703,FAR,1923,-12,2109,-31,4.030194512
453,08/05/2018,20046,N418AW,3811,1111105,COU,1393006,ORD,1317,-12,1454,5,4.030194512
454,08/05/2018,20046,N452AW,3811,1393006,ORD,1334207,MKE,1833,-7,1912,-20,4.030194512
455,08/05/2018,20046,N455AW,3809,1219702,HPN,1393006,ORD,651,-9,808,-22,4.030194512
456,08/05/2018,20046,N412AW,3808,1086803,CAE,1393006,ORD,1857,81,1948,57,57
457,08/05/2018,20046,N461AW,3808,1393006,ORD,1410803,PIA,2159,29,2256,23,0
458,08/05/2018,20046,N441ZW,3807,1172105,FNT,1393006,ORD,1700,5,1712,2,4.030194512
459,08/05/2018,20046,N409AW,3806,1393006,ORD,1334207,MKE,2103,-5,2201,1,4.030194512
460,08/05/2018,20046,N452AW,3805,1393006,ORD,1087402,CAK,743,-10,952,-23,4.030194512
461,08/05/2018,20046,N427ZW,3804,1114606,CRW,1226402,IAD,1426,-9,1535,-17,4.030194512
462,08/05/2018,20046,N454AW,3803,1069302,BNA,1226402,IAD,1258,-7,1539,-10,4.030194512
463,08/05/2018,20046,N460AW,3802,1086803,CAE,1226402,IAD,553,-7,718,-5,4.030194512
464,08/05/2018,20046,N465AW,3801,1393006,ORD,1197705,GRB,2132,-2,2245,10,4.030194512
465,08/05/2018,20046,N433AW,3801,1452401,RIC,1393006,ORD,1840,-10,1940,-26,4.030194512
466,08/05/2018,20046,N454AW,3800,1226402,IAD,1086803,CAE,2153,-7,2314,-12,4.030194512
467,08/05/2018,20046,N426AW,3799,1157706,ERI,1393006,ORD,1705,-11,1753,-2,4.030194512
468,08/05/2018,20046,N429AW,3798,1087402,CAK,1393006,ORD,1711,11,1729,-1,4.030194512
469,08/05/2018,20046,N415AW,3796,1226402,IAD,1541205,TYS,1245,-12,1412,-13,4.030194512
470,08/05/2018,20046,N439AW,3795,1348502,MSN,1393006,ORD,926,-4,1023,-7,4.030194512
471,08/05/2018,20046,N423AW,3795,1393006,ORD,1410803,PIA,1213,-2,1305,-14,4.030194512
472,08/05/2018,20046,N426AW,3794,1393006,ORD,1157706,ERI,1358,-2,1628,-3,4.030194512
473,08/05/2018,20046,N439AW,3793,1393006,ORD,1219702,HPN,1758,-7,2114,-8,4.030194512
474,08/05/2018,20046,N433AW,3792,1086803,CAE,1226402,IAD,936,-9,1059,-9,4.030194512
475,08/05/2018,20046,N432AW,3790,1040805,ATW,1393006,ORD,1717,-10,1825,-12,4.030194512
476,08/05/2018,20046,N453AW,3789,1393006,ORD,1157706,ERI,2059,-7,2324,-13,4.030194512
477,08/05/2018,20046,N430AW,3789,1457405,ROA,1393006,ORD,1733,-2,1816,-19,4.030194512
478,08/05/2018,20046,N460AW,3788,1393006,ORD,1046902,AZO,2120,-10,2307,-16,4.030194512
479,08/05/2018,20046,N427ZW,3787,1226402,IAD,1468502,SAV,1704,-1,1910,11,4.030194512
480,08/05/2018,20046,N427ZW,3786,1468502,SAV,1226402,IAD,1937,-3,2115,-5,4.030194512
481,08/05/2018,20046,N458AW,3784,1393006,ORD,1046902,AZO,1116,-9,1255,-25,4.030194512
482,08/05/2018,20046,N417AW,3783,1302902,LNK,1393006,ORD,1109,-14,1241,-25,4.030194512
483,08/05/2018,20046,N411ZW,3782,1126702,DAY,1226402,IAD,1001,16,1133,24,0
484,08/05/2018,20046,N430AW,3781,1393006,ORD,1086803,CAE,1841,21,2135,10,4.030194512
485,08/05/2018,20046,N409AW,3779,1393006,ORD,1244807,JAN,804,-1,1005,-8,4.030194512
486,08/05/2018,20046,N435AW,3778,1393006,ORD,1473003,SDF,651,-9,908,-18,4.030194512
487,08/05/2018,20046,N450AW,3776,1106702,CMI,1393006,ORD,745,-15,1143,,4.030194512
488,08/05/2018,20046,N471ZW,3775,1226402,IAD,1468502,SAV,811,-14,1007,2,4.030194512
489,08/05/2018,20046,N471ZW,3775,1468502,SAV,1393006,ORD,1035,0,1145,-20,4.030194512
490,08/05/2018,20046,N419AW,3774,1059904,BHM,1393006,ORD,1806,-4,2022,0,4.030194512
491,08/05/2018,20046,N466AW,3773,1157706,ERI,1393006,ORD,548,-12,624,-15,4.030194512
492,08/05/2018,20046,N431AW,3772,1473003,SDF,1226402,IAD,1446,1,1632,8,4.030194512
493,08/05/2018,20046,N466AW,3771,1013505,ABE,1393006,ORD,1806,21,1903,1,4.030194512
494,08/05/2018,20046,N464AW,3770,1126702,DAY,1393006,ORD,1233,63,1235,54,0
495,08/05/2018,20046,N440AW,3769,1040805,ATW,1393006,ORD,1147,-3,1253,-3,4.030194512
496,08/05/2018,20046,N420AW,3768,1334207,MKE,1393006,ORD,923,13,1004,5,4.030194512
497,08/05/2018,20046,N439AW,3767,1334207,MKE,1393006,ORD,519,-6,557,-24,4.030194512
498,08/05/2018,20046,N436AW,3765,1040805,ATW,1393006,ORD,740,-10,849,-7,4.030194512
499,08/05/2018,20046,N470ZW,3764,1086803,CAE,1393006,ORD,738,-2,858,3,4.030194512
500,08/05/2018,20046,N454AW,3762,1013505,ABE,1393006,ORD,542,-3,630,-29,4.030194512
501,08/05/2018,20046,N450AW,3761,1393006,ORD,1334207,MKE,1359,-1,1456,-1,4.030194512
502,08/05/2018,20046,N431AW,3760,1393006,ORD,1473003,SDF,1141,-4,1354,-15,4.030194512
503,08/05/2018,20416,N631NK,314,1226603,IAH,1530402,TPA,1456,-4,1847,38,0
504,08/05/2018,20416,N631NK,315,1226603,IAH,1474703,SEA,2137,-4,1,-8,4.030194512
505,08/05/2018,20416,N631NK,315,1530402,TPA,1226603,IAH,1927,27,2043,29,0
506,08/05/2018,20416,N649NK,316,1143302,DTW,1295304,LGA,558,-2,730,-9,4.030194512
507,08/05/2018,20416,N687NK,323,1348702,MSP,1289208,LAX,635,3,834,7,4.030194512
508,08/05/2018,20416,N650NK,324,1320402,MCO,1015804,ACY,1845,-5,2056,-9,4.030194512
509,08/05/2018,20416,N622NK,325,1106606,CMH,1288903,LAS,2037,-8,2139,-22,4.030194512
510,08/05/2018,20416,N659NK,326,1289208,LAX,1226603,IAH,1813,-2,2339,-6,4.030194512
511,08/05/2018,20416,N659NK,327,1161802,EWR,1226603,IAH,1153,-7,1420,-14,4.030194512
512,08/05/2018,20416,N659NK,327,1226603,IAH,1289208,LAX,1545,-5,1655,-15,4.030194512
513,08/05/2018,20416,N505NK,329,1104205,CLE,1129806,DFW,1055,-16,1234,-21,4.030194512
514,08/05/2018,20416,N505NK,329,1129806,DFW,1349505,MSY,1337,-5,1502,-11,4.030194512
515,08/05/2018,20416,N522NK,330,1129806,DFW,1104205,CLE,2015,-5,2353,-3,4.030194512
516,08/05/2018,20416,N522NK,330,1349505,MSY,1129806,DFW,1747,-8,1919,-10,4.030194512
517,08/05/2018,20416,N681NK,331,1295304,LGA,1393006,ORD,2152,-7,2305,-19,4.030194512
518,08/05/2018,20416,N644NK,332,1039707,ATL,1015804,ACY,1512,-4,1714,1,4.030194512
519,08/05/2018,20416,N530NK,333,1412202,PIT,1288903,LAS,2026,-3,2200,-3,4.030194512
520,08/05/2018,20416,N502NK,334,1288903,LAS,1412202,PIT,2257,-3,557,-11,4.030194512
521,08/05/2018,20416,N603NK,336,1320402,MCO,1143302,DTW,3,85,221,62,0
522,08/05/2018,20416,N603NK,337,1143302,DTW,1320402,MCO,2050,95,2322,94,0
523,08/05/2018,20416,N602NK,339,1169706,FLL,1289208,LAX,2144,6,2359,0,4.030194512
524,08/05/2018,20416,N624NK,341,1015804,ACY,1530402,TPA,615,-10,829,-21,4.030194512
525,08/05/2018,20416,N632NK,346,1226603,IAH,1348702,MSP,822,-8,1103,-12,4.030194512
526,08/05/2018,20416,N653NK,347,1143302,DTW,1295304,LGA,1550,3,1744,7,4.030194512
527,08/05/2018,20416,N653NK,347,1295304,LGA,1357702,MYR,1830,0,2023,-5,4.030194512
528,08/05/2018,20416,N653NK,347,1319801,MCI,1143302,DTW,1147,-3,1441,0,4.030194512
529,08/05/2018,20416,N624NK,348,1530402,TPA,1015804,ACY,941,-4,1200,-9,4.030194512
530,08/05/2018,20416,N530NK,349,1410005,PHL,1320402,MCO,1340,-10,1602,-29,4.030194512
531,08/05/2018,20416,N653NK,350,1357702,MYR,1015804,ACY,2105,-17,2221,-21,4.030194512
532,08/05/2018,20416,N628NK,352,1288903,LAS,1379608,OAK,1134,-6,1307,-2,4.030194512
533,08/05/2018,20416,N628NK,352,1467903,SAN,1288903,LAS,925,-5,1043,-4,4.030194512
534,08/05/2018,20416,N664NK,355,1169706,FLL,1129202,DEN,2059,-6,2300,-15,4.030194512
535,08/05/2018,20416,N677NK,356,1288903,LAS,1393006,ORD,1831,38,2359,27,0
536,08/05/2018,20416,N677NK,356,1467903,SAN,1288903,LAS,1531,-4,1652,-1,4.030194512
537,08/05/2018,20416,N672NK,357,1393006,ORD,1288903,LAS,814,-1,1001,-2,4.030194512
538,08/05/2018,20416,N530NK,358,1320402,MCO,1410005,PHL,1015,-12,1239,-19,4.030194512
539,08/05/2018,20416,N628NK,360,1379608,OAK,1288903,LAS,1403,3,1520,-10,4.030194512
540,08/05/2018,20416,N673NK,362,1226603,IAH,1039707,ATL,1330,0,1628,-10,4.030194512
541,08/05/2018,20416,N663NK,363,1039707,ATL,1226603,IAH,637,-3,732,-13,4.030194512
542,08/05/2018,20416,N608NK,368,1393006,ORD,1082106,BWI,704,-6,1007,6,4.030194512
543,08/05/2018,20416,N640NK,369,1082106,BWI,1393006,ORD,2201,-3,2250,-23,4.030194512
544,08/05/2018,20416,N628NK,370,1288903,LAS,1405702,PDX,1628,3,1832,-4,4.030194512
545,08/05/2018,20416,N641NK,371,1169706,FLL,1073203,BQN,2346,15,215,16,0
546,08/05/2018,20416,N506NK,373,1410005,PHL,1288903,LAS,1959,3,2221,-1,4.030194512
547,08/05/2018,20416,N677NK,374,1073203,BQN,1169706,FLL,323,24,539,12,4.030194512
548,08/05/2018,20416,N632NK,378,1474703,SEA,1226603,IAH,103,-6,703,-19,4.030194512
549,08/05/2018,20416,N902NK,379,1015804,ACY,1357702,MYR,722,-3,840,-9,4.030194512
550,08/05/2018,20416,N660NK,380,1169706,FLL,1143302,DTW,2042,-3,2329,-13,4.030194512
551,08/05/2018,20416,N634NK,381,1082106,BWI,1348702,MSP,1200,0,1410,31,0
552,08/05/2018,20416,N634NK,381,1348702,MSP,1129202,DEN,1459,29,1612,33,0
553,08/05/2018,20416,N634NK,382,1129202,DEN,1348702,MSP,1701,35,1944,21,0
554,08/05/2018,20416,N626NK,384,1530402,TPA,1082106,BWI,1154,-1,1404,-6,4.030194512
555,08/05/2018,20416,N626NK,385,1082106,BWI,1530402,TPA,900,10,1108,-1,4.030194512
556,08/05/2018,20416,N650NK,386,1320402,MCO,1087402,CAK,1223,-4,1433,-12,4.030194512
557,08/05/2018,20416,N650NK,387,1087402,CAK,1320402,MCO,1534,4,1746,-1,4.030194512
558,08/05/2018,20416,N672NK,388,1143302,DTW,1169706,FLL,1907,0,2216,13,4.030194512
559,08/05/2018,20416,N672NK,388,1288903,LAS,1143302,DTW,1102,-4,1755,-12,4.030194512
560,08/05/2018,20416,N644NK,389,1082106,BWI,1320402,MCO,622,2,833,-2,4.030194512
561,08/05/2018,20416,N644NK,390,1320402,MCO,1082106,BWI,919,-6,1122,-19,4.030194512
562,08/05/2018,20416,N506NK,394,1288903,LAS,1410005,PHL,2322,-8,711,0,4.030194512
563,08/05/2018,20416,N601NK,403,1039707,ATL,1169706,FLL,1918,3,2107,-4,4.030194512
564,08/05/2018,20416,N601NK,403,1289208,LAX,1039707,ATL,1053,4,1818,-7,4.030194512
565,08/05/2018,20416,N620NK,404,1039707,ATL,1289208,LAX,1222,22,1342,6,4.030194512
566,08/05/2018,20416,N904NK,404,1169706,FLL,1039707,ATL,910,-6,1056,-13,4.030194512
567,08/05/2018,20416,N508NK,405,1320402,MCO,1129806,DFW,2032,-13,2207,-21,4.030194512
568,08/05/2018,20416,N606NK,407,1320402,MCO,1129806,DFW,1015,5,1144,-10,4.030194512
569,08/05/2018,20416,N529NK,408,1379608,OAK,1129806,DFW,607,-3,1127,-10,4.030194512
570,08/05/2018,20416,N651NK,409,1393006,ORD,1169706,FLL,633,78,1021,65,0
571,08/05/2018,20416,N634NK,410,1169706,FLL,1082106,BWI,728,-2,948,-13,4.030194512
572,08/05/2018,20416,N608NK,412,1357702,MYR,1289806,LBE,1259,-6,1417,-16,4.030194512
573,08/05/2018,20416,N536NK,414,1169706,FLL,1082106,BWI,1633,-7,1907,-6,4.030194512
574,08/05/2018,20416,N608NK,415,1289806,LBE,1357702,MYR,1516,-9,1642,-8,4.030194512
575,08/05/2018,20416,N601NK,416,1169706,FLL,1226505,IAG,2234,-10,122,-18,4.030194512
576,08/05/2018,20416,N665NK,417,1143302,DTW,1169706,FLL,640,0,933,-3,4.030194512
577,08/05/2018,20416,N517NK,419,1072102,BOS,1104205,CLE,913,-7,1052,-27,4.030194512
578,08/05/2018,20416,N517NK,419,1104205,CLE,1169706,FLL,1159,-2,1426,-23,4.030194512
579,08/05/2018,20416,N615NK,423,1072102,BOS,1320402,MCO,1551,1,1855,-15,4.030194512
580,08/05/2018,20416,N679NK,424,1289208,LAX,1348702,MSP,1834,6,2350,-9,4.030194512
581,08/05/2018,20416,N635NK,425,1393006,ORD,1169706,FLL,1717,33,2112,21,0
582,08/05/2018,20416,N526NK,429,1348702,MSP,1039707,ATL,2025,30,2353,27,0
583,08/05/2018,20416,N626NK,431,1288903,LAS,1379608,OAK,1755,-4,1916,-11,4.030194512
584,08/05/2018,20416,N615NK,432,1320402,MCO,1072102,BOS,1211,13,1453,-4,4.030194512
585,08/05/2018,20416,N525NK,436,1129806,DFW,1412202,PIT,739,-1,1121,-3,4.030194512
586,08/05/2018,20416,N525NK,436,1412202,PIT,1357702,MYR,1209,-12,1332,-18,4.030194512
587,08/05/2018,20416,N525NK,437,1129806,DFW,1379608,OAK,2050,-10,2225,-11,4.030194512
588,08/05/2018,20416,N525NK,437,1357702,MYR,1412202,PIT,1429,-16,1558,-16,4.030194512
589,08/05/2018,20416,N525NK,437,1412202,PIT,1129806,DFW,1700,-5,1839,-21,4.030194512
590,08/05/2018,20416,N646NK,440,1104205,CLE,1072102,BOS,2102,100,2239,95,0
591,08/05/2018,20416,N646NK,440,1169706,FLL,1104205,CLE,1732,102,2025,103,0
592,08/05/2018,20416,N670NK,441,1393006,ORD,1474703,SEA,2033,-1,2257,3,4.030194512
593,08/05/2018,20416,N670NK,442,1474703,SEA,1393006,ORD,2355,1,558,9,4.030194512
594,08/05/2018,20416,N641NK,443,1082106,BWI,1169706,FLL,1915,16,2143,8,4.030194512
595,08/05/2018,20416,N507NK,445,1106606,CMH,1169706,FLL,551,-9,815,-17,4.030194512
596,08/05/2018,20416,N621NK,446,1288903,LAS,1393006,ORD,939,-6,1508,-19,4.030194512
597,08/05/2018,20416,N526NK,452,1039707,ATL,1348702,MSP,1003,3,1140,-1,4.030194512
598,08/05/2018,20416,N526NK,452,1349505,MSY,1039707,ATL,634,-6,859,-13,4.030194512
599,08/05/2018,20416,N664NK,456,1288903,LAS,1393006,ORD,59,9,642,18,0
600,08/05/2018,20416,N664NK,456,1393006,ORD,1169706,FLL,805,30,1200,22,0
601,08/05/2018,20416,N675NK,457,1169706,FLL,1393006,ORD,1828,1,2044,-5,4.030194512
602,08/05/2018,20416,N680NK,927,1393006,ORD,1320402,MCO,938,-2,1312,-12,4.030194512
603,08/05/2018,20416,N526NK,931,1348702,MSP,1357702,MYR,1229,-1,1607,-9,4.030194512
604,08/05/2018,20416,N526NK,932,1357702,MYR,1348702,MSP,1745,40,1932,22,0
605,08/05/2018,20416,N606NK,935,1082106,BWI,1349505,MSY,1800,-5,1938,-7,4.030194512
606,08/05/2018,20416,N644NK,936,1463502,RSW,1015804,ACY,2124,-9,2338,-21,4.030194512
607,08/05/2018,20416,N684NK,939,1143302,DTW,1226603,IAH,612,2,758,-8,4.030194512
608,08/05/2018,20416,N684NK,939,1226603,IAH,1379608,OAK,905,-5,1050,-10,4.030194512
609,08/05/2018,20416,N680NK,940,1129806,DFW,1393006,ORD,602,-6,831,-3,4.030194512
610,08/05/2018,20416,N673NK,941,1039707,ATL,1530402,TPA,1741,-4,1910,-4,4.030194512
611,08/05/2018,20416,N673NK,942,1530402,TPA,1039707,ATL,2028,-2,2202,-1,4.030194512
612,08/05/2018,20416,N644NK,943,1015804,ACY,1463502,RSW,1824,20,2044,2,4.030194512
613,08/05/2018,20416,N622NK,944,1349505,MSY,1106606,CMH,1641,-9,1945,-15,4.030194512
614,08/05/2018,20416,N678NK,948,1129806,DFW,1393006,ORD,1647,0,1921,6,4.030194512
615,08/05/2018,20416,N502NK,949,1289208,LAX,1379608,OAK,634,-11,749,-12,4.030194512
616,08/05/2018,20416,N619NK,950,1349505,MSY,1082106,BWI,1107,-3,1500,13,4.030194512
617,08/05/2018,20416,N628NK,954,1288903,LAS,1169706,FLL,2248,-2,623,-15,4.030194512
618,08/05/2018,20416,N505NK,955,1289208,LAX,1379608,OAK,1859,-7,2022,-2,4.030194512
619,08/05/2018,20416,N505NK,955,1349505,MSY,1289208,LAX,1600,-5,1752,-13,4.030194512
620,08/05/2018,20416,N605NK,959,1052906,BDL,1320402,MCO,1913,-12,2156,-18,4.030194512
621,08/05/2018,20416,N622NK,961,1106606,CMH,1349505,MSY,1443,-12,1542,-21,4.030194512
622,08/05/2018,20416,N674NK,970,1129202,DEN,1169706,FLL,2352,7,541,8,4.030194512
623,08/05/2018,20416,N636NK,971,1129806,DFW,1410702,PHX,2328,7,2339,-3,4.030194512
624,08/05/2018,20416,N636NK,971,1169706,FLL,1129806,DFW,2029,4,2233,15,0
625,08/05/2018,20416,N602NK,972,1129806,DFW,1169706,FLL,544,-6,929,-11,4.030194512
626,08/05/2018,20416,N602NK,972,1410702,PHX,1129806,DFW,40,-8,447,-13,4.030194512
627,08/05/2018,20416,N674NK,975,1143302,DTW,1129202,DEN,702,2,800,-1,4.030194512
628,08/05/2018,20416,N676NK,976,1129202,DEN,1143302,DTW,1919,4,2357,-1,4.030194512
629,08/05/2018,20416,N632NK,985,1143302,DTW,1349505,MSY,1558,8,1720,-1,4.030194512
630,08/05/2018,20416,N632NK,985,1348702,MSP,1143302,DTW,1210,-5,1440,-15,4.030194512
631,08/05/2018,20416,N632NK,992,1349505,MSY,1393006,ORD,1815,6,2042,-2,4.030194512
632,08/05/2018,20416,N632NK,992,1393006,ORD,1082106,BWI,2135,0,23,-2,4.030194512
633,08/05/2018,20436,N201FR,170,1129202,DEN,1410005,PHL,52,2,639,19,0
634,08/05/2018,20436,N201FR,1001,1410005,PHL,1330303,MIA,829,29,1138,40,0
635,08/05/2018,20436,N201FR,1002,1330303,MIA,1410005,PHL,1223,35,1504,22,0
636,08/05/2018,20436,N201FR,1061,1410005,PHL,1349505,MSY,1606,34,1746,6,4.030194512
637,08/05/2018,20436,N201FR,1060,1349505,MSY,1410005,PHL,1830,0,2219,-7,4.030194512
638,08/05/2018,20436,N202FR,1147,1410005,PHL,1468305,SAT,715,75,948,57,0
639,08/05/2018,20436,N202FR,1147,1468305,SAT,1288903,LAS,1031,51,1111,36,0
640,08/05/2018,20436,N202FR,1072,1288903,LAS,1468305,SAT,1154,29,1641,36,0
641,08/05/2018,20436,N202FR,1072,1468305,SAT,1410005,PHL,1817,87,2257,74,0
642,08/05/2018,20436,N202FR,177,1410005,PHL,1129202,DEN,2359,81,144,62,0
643,08/05/2018,20436,N203FR,1733,1430705,PVD,1320402,MCO,710,-9,950,-26,4.030194512
644,08/05/2018,20436,N203FR,1577,1320402,MCO,1069302,BNA,1104,-2,1156,-14,4.030194512
645,08/05/2018,20436,N203FR,1577,1069302,BNA,1288903,LAS,1717,262,1917,262,0
646,08/05/2018,20436,N203FR,1120,1288903,LAS,1119302,CVG,1959,254,230,233,0
647,08/05/2018,20436,N205FR,1374,1129202,DEN,1143302,DTW,1555,4,2035,-9,4.030194512
648,08/05/2018,20436,N205FR,890,1143302,DTW,1449202,RDU,2127,-7,2259,-18,4.030194512
649,08/05/2018,20436,N206FR,459,1535602,TTN,1348702,MSP,555,-5,747,-6,4.030194512
650,08/05/2018,20436,N206FR,459,1348702,MSP,1129202,DEN,843,0,1019,26,0
651,08/05/2018,20436,N206FR,506,1129202,DEN,1295304,LGA,1116,2,1705,0,4.030194512
652,08/05/2018,20436,N206FR,423,1295304,LGA,1039707,ATL,1754,-1,2040,0,4.030194512
653,08/05/2018,20436,N206FR,423,1039707,ATL,1129202,DEN,2134,9,2305,28,0
654,08/05/2018,20436,N207FR,368,1389101,ONT,1129202,DEN,526,-4,834,-13,4.030194512
655,08/05/2018,20436,N207FR,597,1129202,DEN,1483106,SJC,1004,14,1141,11,4.030194512
656,08/05/2018,20436,N207FR,1178,1483106,SJC,1119302,CVG,1226,6,1951,14,4.030194512
657,08/05/2018,20436,N207FR,1178,1119302,CVG,1039707,ATL,2038,15,2205,7,4.030194512
658,08/05/2018,20436,N210FR,572,1486903,SLC,1129202,DEN,459,-11,613,-29,4.030194512
659,08/05/2018,20436,N210FR,369,1129202,DEN,1389101,ONT,739,-6,854,-10,4.030194512
660,08/05/2018,20436,N210FR,1540,1389101,ONT,1468305,SAT,1334,220,1828,231,0
661,08/05/2018,20436,N210FR,1540,1468305,SAT,1039707,ATL,1924,239,2235,221,0
662,08/05/2018,20436,N210FR,1517,1039707,ATL,1468305,SAT,2322,218,38,196,0
663,08/05/2018,20436,N210FR,1517,1468305,SAT,1389101,ONT,144,217,219,181,0
664,08/05/2018,20436,N211FR,1456,1288903,LAS,1039707,ATL,10,5,658,-9,4.030194512
665,08/05/2018,20436,N211FR,1456,1039707,ATL,1330303,MIA,826,-9,1022,-17,4.030194512
666,08/05/2018,20436,N211FR,1445,1330303,MIA,1039707,ATL,1117,-12,1301,-30,4.030194512
667,08/05/2018,20436,N211FR,1475,1039707,ATL,1288903,LAS,1414,-7,1527,-13,4.030194512
668,08/05/2018,20436,N211FR,1800,1288903,LAS,1486903,SLC,1703,-12,1927,-11,4.030194512
669,08/05/2018,20436,N211FR,1799,1486903,SLC,1288903,LAS,2008,-20,2020,-32,4.030194512
670,08/05/2018,20436,N211FR,1586,1288903,LAS,1530402,TPA,2304,-11,622,-21,4.030194512
671,08/05/2018,20436,N216FR,1360,1042302,AUS,1348702,MSP,714,-10,1000,-11,4.030194512
672,08/05/2018,20436,N216FR,1359,1348702,MSP,1042302,AUS,1054,-7,1320,-32,4.030194512
673,08/05/2018,20436,N216FR,960,1042302,AUS,1079206,BUF,1452,10,1851,8,4.030194512
674,08/05/2018,20436,N216FR,961,1079206,BUF,1042302,AUS,1946,13,2156,-6,4.030194512
675,08/05/2018,20436,N220FR,1274,1393006,ORD,1535602,TTN,705,0,1007,-5,4.030194512
676,08/05/2018,20436,N220FR,1223,1535602,TTN,1530402,TPA,1100,3,1342,6,4.030194512
677,08/05/2018,20436,N220FR,1222,1530402,TPA,1535602,TTN,1440,14,1713,9,4.030194512
678,08/05/2018,20436,N220FR,1775,1535602,TTN,1320402,MCO,1808,19,2031,3,4.030194512
679,08/05/2018,20436,N221FR,435,1334207,MKE,1129202,DEN,527,-3,702,-5,4.030194512
680,08/05/2018,20436,N221FR,267,1129202,DEN,1490803,SNA,749,-1,912,-5,4.030194512
681,08/05/2018,20436,N221FR,268,1490803,SNA,1129202,DEN,955,-12,1304,-23,4.030194512
682,08/05/2018,20436,N221FR,373,1129202,DEN,1071302,BOI,1806,12,2010,20,0
683,08/05/2018,20436,N221FR,372,1071302,BOI,1129202,DEN,2101,18,2320,45,0
684,08/05/2018,20436,N223FR,528,1129202,DEN,1059904,BHM,1437,8,2005,,4.030194512
685,08/05/2018,20436,N223FR,529,1059904,BHM,1129202,DEN,2058,113,2247,97,0
686,08/05/2018,20436,N223FR,631,1129202,DEN,1014005,ABQ,17,132,139,129,0
687,08/05/2018,20436,N227FR,1249,1484306,SJU,1239102,ISP,241,2,652,-13,4.030194512
688,08/05/2018,20436,N227FR,1249,1239102,ISP,1393006,ORD,823,-10,940,-31,4.030194512
689,08/05/2018,20436,N227FR,955,1393006,ORD,1110902,COS,1058,-3,1237,-5,4.030194512
690,08/05/2018,20436,N227FR,955,1110902,COS,1474703,SEA,1331,4,1547,3,4.030194512
691,08/05/2018,20436,N227FR,958,1474703,SEA,1110902,COS,1635,1,2019,-3,4.030194512
692,08/05/2018,20436,N227FR,958,1110902,COS,1393006,ORD,2056,-11,23,-20,4.030194512
693,08/05/2018,20436,N228FR,1078,1288903,LAS,1348502,MSN,806,-9,1328,-7,4.030194512
694,08/05/2018,20436,N228FR,1078,1348502,MSN,1410005,PHL,1444,24,1743,1,4.030194512
695,08/05/2018,20436,N228FR,1993,1410005,PHL,1348502,MSN,1825,-7,1940,-24,4.030194512
696,08/05/2018,20436,N228FR,1993,1348502,MSN,1288903,LAS,2036,-14,2213,-16,4.030194512
697,08/05/2018,20436,N230FR,1574,1288903,LAS,1069302,BNA,738,-7,1318,-4,4.030194512
698,08/05/2018,20436,N230FR,1686,1069302,BNA,1320402,MCO,1401,-9,1654,-15,4.030194512
699,08/05/2018,20436,N230FR,1839,1320402,MCO,1537002,TUL,1750,-10,1918,-36,4.030194512
700,08/05/2018,20436,N230FR,1839,1537002,TUL,1467903,SAN,2027,-13,2119,-26,4.030194512
701,08/05/2018,20436,N232FR,566,1129202,DEN,1449202,RDU,52,-5,607,-8,4.030194512
702,08/05/2018,20436,N232FR,1425,1449202,RDU,1334207,MKE,809,-6,907,-18,4.030194512
703,08/05/2018,20436,N232FR,1424,1334207,MKE,1449202,RDU,1010,-5,1258,-18,4.030194512
704,08/05/2018,20436,N232FR,1985,1449202,RDU,1226603,IAH,1358,-8,1539,-17,4.030194512
705,08/05/2018,20436,N232FR,1986,1226603,IAH,1449202,RDU,1638,-8,2015,-24,4.030194512
706,08/05/2018,20436,N232FR,1125,1449202,RDU,1288903,LAS,2128,-1,2255,-30,4.030194512
707,08/05/2018,20436,N233FR,1567,1535602,TTN,1039707,ATL,637,-8,847,-12,4.030194512
708,08/05/2018,20436,N233FR,1567,1039707,ATL,1289208,LAX,940,-9,1110,-30,4.030194512
709,08/05/2018,20436,N233FR,412,1289208,LAX,1129202,DEN,1228,-2,1539,-19,4.030194512
710,08/05/2018,20436,N233FR,265,1129202,DEN,1490803,SNA,1656,-5,1822,-10,4.030194512
711,08/05/2018,20436,N233FR,266,1490803,SNA,1129202,DEN,1914,-8,2234,-7,4.030194512
712,08/05/2018,20436,N233FR,838,1129202,DEN,1430705,PVD,7,8,620,31,0
713,08/05/2018,20436,N235FR,512,1129202,DEN,1199502,GSO,820,-8,1357,10,4.030194512
714,08/05/2018,20436,N235FR,513,1199502,GSO,1129202,DEN,1444,7,1614,-2,4.030194512
715,08/05/2018,20436,N235FR,753,1129202,DEN,1410702,PHX,2120,30,2208,23,0
716,08/05/2018,20436,N236FR,1274,1410702,PHX,1393006,ORD,11,4,524,-11,4.030194512
717,08/05/2018,20436,N236FR,1194,1393006,ORD,1239102,ISP,1751,-6,2113,-17,4.030194512
718,08/05/2018,20436,N236FR,1194,1239102,ISP,1484306,SJU,2228,3,240,1,4.030194512
719,08/05/2018,20436,N238FR,180,1129202,DEN,1387102,OMA,625,-9,852,-18,4.030194512
720,08/05/2018,20436,N238FR,1505,1387102,OMA,1288903,LAS,955,-5,1041,-14,4.030194512
721,08/05/2018,20436,N238FR,1504,1288903,LAS,1387102,OMA,1135,-10,1610,-12,4.030194512
722,08/05/2018,20436,N238FR,181,1387102,OMA,1129202,DEN,1701,-11,1742,-16,4.030194512
723,08/05/2018,20436,N238FR,765,1129202,DEN,1288903,LAS,1845,-3,1947,0,4.030194512
724,08/05/2018,20436,N238FR,1676,1288903,LAS,1320402,MCO,2151,-5,526,-4,4.030194512
725,08/05/2018,20436,N301FR,1623,1226402,IAD,1320402,MCO,645,45,853,41,0
726,08/05/2018,20436,N301FR,1622,1320402,MCO,1226402,IAD,933,31,1135,17,0
727,08/05/2018,20436,N301FR,455,1226402,IAD,1129202,DEN,1218,9,1354,-7,4.030194512
728,08/05/2018,20436,N301FR,462,1129202,DEN,1348702,MSP,1532,37,1816,17,0
729,08/05/2018,20436,N301FR,462,1348702,MSP,1535602,TTN,1910,20,2230,7,4.030194512
730,08/05/2018,20436,N303FR,1228,1530402,TPA,1079206,BUF,807,-8,1042,-13,4.030194512
731,08/05/2018,20436,N303FR,1231,1079206,BUF,1530402,TPA,1133,-12,1405,-20,4.030194512
732,08/05/2018,20436,N303FR,1583,1530402,TPA,1288903,LAS,1503,-12,1637,-16,4.030194512
733,08/05/2018,20436,N303FR,1136,1288903,LAS,1042302,AUS,1732,-11,2211,-24,4.030194512
734,08/05/2018,20436,N304FR,514,1129202,DEN,1432105,PWM,645,41,1232,28,0
735,08/05/2018,20436,N304FR,514,1432105,PWM,1449202,RDU,1321,31,1522,27,0
736,08/05/2018,20436,N304FR,515,1449202,RDU,1432105,PWM,1616,31,1804,25,0
737,08/05/2018,20436,N304FR,515,1432105,PWM,1129202,DEN,1844,19,2138,31,0
738,08/05/2018,20436,N305FR,646,1129202,DEN,1119302,CVG,625,-6,1051,-30,4.030194512
739,08/05/2018,20436,N305FR,649,1119302,CVG,1129202,DEN,1257,46,1406,53,0
740,08/05/2018,20436,N305FR,638,1129202,DEN,1419306,PNS,1458,28,1841,21,0
741,08/05/2018,20436,N305FR,641,1419306,PNS,1129202,DEN,1926,16,2154,49,0
742,08/05/2018,20436,N305FR,145,1129202,DEN,1474703,SEA,2309,62,59,54,0
743,08/05/2018,20436,N307FR,786,1405702,PDX,1129202,DEN,48,-7,412,-20,4.030194512
744,08/05/2018,20436,N307FR,822,1129202,DEN,1319801,MCI,741,-9,1059,22,0
745,08/05/2018,20436,N307FR,822,1319801,MCI,1410005,PHL,1125,0,1542,33,0
746,08/05/2018,20436,N307FR,821,1410005,PHL,1319801,MCI,1633,34,1832,38,0
747,08/05/2018,20436,N307FR,821,1319801,MCI,1129202,DEN,1923,40,2037,64,0
748,08/05/2018,20436,N308FR,1053,1410005,PHL,1334207,MKE,707,7,803,-8,4.030194512
749,08/05/2018,20436,N308FR,1052,1334207,MKE,1410005,PHL,855,-6,1158,-2,4.030194512
750,08/05/2018,20436,N308FR,175,1410005,PHL,1129202,DEN,1251,1,1442,-12,4.030194512
751,08/05/2018,20436,N309FR,1764,1467903,SAN,1537002,TUL,700,-5,1150,-8,4.030194512
752,08/05/2018,20436,N309FR,1764,1537002,TUL,1320402,MCO,1241,-4,1623,2,4.030194512
753,08/05/2018,20436,N309FR,632,1320402,MCO,1014005,ABQ,1703,-8,1859,8,4.030194512
754,08/05/2018,20436,N309FR,632,1014005,ABQ,1129202,DEN,1933,-8,2103,-3,4.030194512
755,08/05/2018,20436,N310FR,565,1449202,RDU,1129202,DEN,605,5,804,15,0
756,08/05/2018,20436,N310FR,692,1129202,DEN,1100303,CID,927,-10,1218,-20,4.030194512
757,08/05/2018,20436,N310FR,691,1100303,CID,1129202,DEN,1321,-7,1435,3,4.030194512
758,08/05/2018,20436,N310FR,1198,1129202,DEN,1330303,MIA,1544,17,2139,7,4.030194512
759,08/05/2018,20436,N311FR,1888,1042302,AUS,1530402,TPA,520,-5,837,-13,4.030194512
760,08/05/2018,20436,N311FR,1891,1530402,TPA,1042302,AUS,934,-11,1050,-35,4.030194512
761,08/05/2018,20436,N311FR,1326,1042302,AUS,1245102,JAX,1306,-5,1638,-1,4.030194512
762,08/05/2018,20436,N311FR,1291,1245102,JAX,1042302,AUS,1723,-6,1847,-6,4.030194512
763,08/05/2018,20436,N311FR,1291,1042302,AUS,1405702,PDX,1945,-10,2142,-18,4.030194512
764,08/05/2018,20436,N311FR,1290,1405702,PDX,1042302,AUS,18,34,600,21,0
765,08/05/2018,20436,N312FR,1730,1320402,MCO,1430705,PVD,741,-9,1025,-15,4.030194512
766,08/05/2018,20436,N312FR,837,1430705,PVD,1129202,DEN,1123,-7,1338,-26,4.030194512
767,08/05/2018,20436,N313FR,882,1042302,AUS,1105703,CLT,835,125,1208,113,0
768,08/05/2018,20436,N313FR,882,1105703,CLT,1535602,TTN,1249,104,1421,98,0
769,08/05/2018,20436,N313FR,869,1535602,TTN,1069302,BNA,1508,100,1605,84,0
770,08/05/2018,20436,N313FR,870,1069302,BNA,1535602,TTN,1645,74,1943,79,0
771,08/05/2018,20436,N313FR,1277,1535602,TTN,1393006,ORD,2026,77,2119,42,0
772,08/05/2018,20436,N313FR,1277,1393006,ORD,1154005,ELP,2209,43,18,29,0
773,08/05/2018,20436,N316FR,1861,1320402,MCO,1142306,DSM,700,0,848,-22,4.030194512
774,08/05/2018,20436,N316FR,1861,1142306,DSM,1477104,SFO,951,-4,1158,10,4.030194512
775,08/05/2018,20436,N316FR,1756,1477104,SFO,1142306,DSM,1300,22,1822,9,4.030194512
776,08/05/2018,20436,N316FR,1756,1142306,DSM,1320402,MCO,1910,11,2304,18,0
777,08/05/2018,20436,N317FR,403,1129202,DEN,1289208,LAX,843,-4,1034,12,4.030194512
778,08/05/2018,20436,N317FR,1568,1289208,LAX,1039707,ATL,1126,14,1921,21,0
779,08/05/2018,20436,N317FR,1568,1039707,ATL,1535602,TTN,2002,12,2205,-3,4.030194512
780,08/05/2018,20436,N318FR,1175,1119302,CVG,1129806,DFW,718,-7,828,-22,4.030194512
781,08/05/2018,20436,N318FR,1954,1129806,DFW,1119302,CVG,931,-9,1245,-14,4.030194512
782,08/05/2018,20436,N318FR,1954,1119302,CVG,1245102,JAX,1348,4,1545,11,4.030194512
783,08/05/2018,20436,N318FR,1121,1245102,JAX,1119302,CVG,1623,-1,1820,4,4.030194512
784,08/05/2018,20436,N318FR,1121,1119302,CVG,1288903,LAS,1905,-2,2024,2,4.030194512
785,08/05/2018,20436,N318FR,1124,1288903,LAS,1449202,RDU,2125,13,451,21,0
786,08/05/2018,20436,N322FR,200,1129202,DEN,1105703,CLT,139,83,639,69,0
787,08/05/2018,20436,N322FR,199,1105703,CLT,1129202,DEN,728,28,852,18,0
788,08/05/2018,20436,N322FR,478,1129202,DEN,1349505,MSY,940,16,1310,4,4.030194512
789,08/05/2018,20436,N322FR,481,1349505,MSY,1129202,DEN,1349,-7,1606,16,0
790,08/05/2018,20436,N322FR,592,1129202,DEN,1062702,BIS,1643,3,1917,-5,4.030194512
791,08/05/2018,20436,N322FR,593,1062702,BIS,1129202,DEN,2004,-9,2047,-12,4.030194512
792,08/05/2018,20436,N323FR,617,1484306,SJU,1330303,MIA,358,-1,632,-27,4.030194512
793,08/05/2018,20436,N323FR,617,1330303,MIA,1129202,DEN,831,-9,1025,-27,4.030194512
794,08/05/2018,20436,N323FR,160,1129202,DEN,1348502,MSN,1327,-8,1631,-14,4.030194512
795,08/05/2018,20436,N323FR,161,1348502,MSN,1129202,DEN,1729,-6,1851,-12,4.030194512
796,08/05/2018,20436,N323FR,242,1129202,DEN,1226603,IAH,1939,-14,2255,-30,4.030194512
797,08/05/2018,20436,N324FR,623,1449202,RDU,1143302,DTW,553,-7,731,-19,4.030194512
798,08/05/2018,20436,N324FR,623,1143302,DTW,1129202,DEN,828,-8,923,-19,4.030194512
799,08/05/2018,20436,N324FR,546,1129202,DEN,1127805,DCA,1120,-10,1630,-28,4.030194512
800,08/05/2018,20436,N324FR,547,1127805,DCA,1129202,DEN,1748,-12,2030,36,0
801,08/05/2018,20436,N324FR,440,1129202,DEN,1334207,MKE,2148,58,101,50,0
802,08/05/2018,20436,N326FR,1701,1320402,MCO,1349505,MSY,602,-3,639,-18,4.030194512
803,08/05/2018,20436,N326FR,1701,1349505,MSY,1468305,SAT,736,-9,909,-11,4.030194512
804,08/05/2018,20436,N326FR,1701,1468305,SAT,1467903,SAN,1057,7,1143,6,4.030194512
805,08/05/2018,20436,N326FR,1702,1467903,SAN,1468305,SAT,1230,3,1801,44,0
806,08/05/2018,20436,N326FR,1702,1468305,SAT,1349505,MSY,1848,43,2017,47,0
807,08/05/2018,20436,N326FR,1702,1349505,MSY,1320402,MCO,2057,37,2344,38,0
808,08/05/2018,20436,N328FR,1679,1320402,MCO,1288903,LAS,554,-6,726,-21,4.030194512
809,08/05/2018,20436,N328FR,1088,1288903,LAS,1110902,COS,837,0,1117,-16,4.030194512
810,08/05/2018,20436,N328FR,1088,1110902,COS,1348702,MSP,1208,-10,1508,-15,4.030194512
811,08/05/2018,20436,N328FR,1089,1348702,MSP,1110902,COS,1613,0,1731,1,4.030194512
812,08/05/2018,20436,N328FR,1089,1110902,COS,1288903,LAS,1821,6,1923,5,4.030194512
813,08/05/2018,20436,N328FR,1148,1288903,LAS,1226402,IAD,2100,5,437,8,4.030194512
814,08/05/2018,20436,N329FR,1462,1129202,DEN,1039707,ATL,11,6,500,-3,4.030194512
815,08/05/2018,20436,N329FR,1462,1039707,ATL,1295304,LGA,615,-2,815,-20,4.030194512
816,08/05/2018,20436,N329FR,1157,1295304,LGA,1119302,CVG,916,-9,1130,-23,4.030194512
817,08/05/2018,20436,N329FR,1157,1119302,CVG,1042302,AUS,1248,-7,1416,-14,4.030194512
818,08/05/2018,20436,N329FR,1158,1042302,AUS,1119302,CVG,1508,-12,1826,-26,4.030194512
819,08/05/2018,20436,N329FR,1158,1119302,CVG,1295304,LGA,1956,-6,2152,-8,4.030194512
820,08/05/2018,20436,N329FR,509,1295304,LGA,1129202,DEN,2240,-10,44,-25,4.030194512
821,08/05/2018,20436,N330FR,377,1410005,PHL,1099402,CHS,804,14,951,10,4.030194512
822,08/05/2018,20436,N330FR,377,1099402,CHS,1129202,DEN,1036,10,1218,-5,4.030194512
823,08/05/2018,20436,N330FR,168,1129202,DEN,1410005,PHL,1257,2,1835,3,4.030194512
824,08/05/2018,20436,N330FR,1069,1410005,PHL,1129806,DFW,1927,4,2146,-14,4.030194512
825,08/05/2018,20436,N330FR,1068,1129806,DFW,1410005,PHL,2321,-9,346,-14,4.030194512
826,08/05/2018,20436,N331FR,1179,1039707,ATL,1119302,CVG,609,-6,729,-16,4.030194512
827,08/05/2018,20436,N331FR,1179,1119302,CVG,1483106,SJC,824,-6,1019,-4,4.030194512
828,08/05/2018,20436,N331FR,596,1483106,SJC,1129202,DEN,1105,-8,1431,-14,4.030194512
829,08/05/2018,20436,N331FR,634,1129202,DEN,1537002,TUL,1532,-3,1804,-9,4.030194512
830,08/05/2018,20436,N331FR,637,1537002,TUL,1129202,DEN,1903,0,2008,15,0
831,08/05/2018,20436,N334FR,452,1129202,DEN,1226402,IAD,46,-10,608,-7,4.030194512
832,08/05/2018,20436,N334FR,1151,1226402,IAD,1288903,LAS,737,-8,924,-25,4.030194512
833,08/05/2018,20436,N334FR,774,1288903,LAS,1129202,DEN,1031,-8,1316,-21,4.030194512
834,08/05/2018,20436,N334FR,864,1129202,DEN,1099402,CHS,1424,-6,1940,-10,4.030194512
835,08/05/2018,20436,N334FR,864,1099402,CHS,1410005,PHL,2034,-1,2219,-12,4.030194512
836,08/05/2018,20436,N336FR,1776,1320402,MCO,1535602,TTN,615,0,836,-11,4.030194512
837,08/05/2018,20436,N336FR,849,1535602,TTN,1245102,JAX,1116,104,1319,89,0
838,08/05/2018,20436,N336FR,850,1245102,JAX,1535602,TTN,1416,96,1619,92,0
839,08/05/2018,20436,N336FR,1139,1535602,TTN,1105703,CLT,1708,96,1914,114,0
840,08/05/2018,20436,N336FR,1139,1105703,CLT,1042302,AUS,2003,113,2142,104,0
841,08/05/2018,20436,N336FR,1139,1042302,AUS,1288903,LAS,2244,115,2320,100,0
842,08/05/2018,20436,N701FR,1779,1239102,ISP,1320402,MCO,641,16,917,7,4.030194512
843,08/05/2018,20436,N701FR,1639,1320402,MCO,1334207,MKE,1012,2,1147,-28,4.030194512
844,08/05/2018,20436,N701FR,1638,1334207,MKE,1320402,MCO,1330,15,1711,-6,4.030194512
845,08/05/2018,20436,N701FR,1610,1320402,MCO,1104205,CLE,1805,64,2026,53,0
846,08/05/2018,20436,N702FR,555,1129202,DEN,1467903,SAN,742,-3,900,-7,4.030194512
847,08/05/2018,20436,N702FR,1188,1467903,SAN,1119302,CVG,956,-11,1708,-12,4.030194512
848,08/05/2018,20436,N702FR,1188,1119302,CVG,1410005,PHL,1808,-8,1950,-9,4.030194512
849,08/05/2018,20436,N702FR,1677,1410005,PHL,1320402,MCO,2100,-4,2322,-20,4.030194512
850,08/05/2018,20436,N704FR,573,1129202,DEN,1486903,SLC,927,40,1046,29,0
851,08/05/2018,20436,N704FR,578,1486903,SLC,1129202,DEN,1131,14,1249,0,4.030194512
852,08/05/2018,20436,N704FR,583,1129202,DEN,1486903,SLC,1643,-4,1818,-1,4.030194512
853,08/05/2018,20436,N704FR,580,1486903,SLC,1129202,DEN,1916,-3,2031,-20,4.030194512
854,08/05/2018,20436,N704FR,571,1129202,DEN,1486903,SLC,2203,-7,2330,-10,4.030194512
855,08/05/2018,20436,N705FR,1041,1484306,SJU,1410005,PHL,256,111,725,145,0
856,08/05/2018,20436,N705FR,1671,1410005,PHL,1320402,MCO,843,103,1127,119,0
857,08/05/2018,20436,N705FR,1434,1320402,MCO,1449202,RDU,1232,227,1412,221,0
858,08/05/2018,20436,N705FR,1434,1449202,RDU,1430705,PVD,1501,209,1659,217,0
859,08/05/2018,20436,N705FR,1713,1430705,PVD,1449202,RDU,2000,338,2143,318,0
860,08/05/2018,20436,N705FR,1713,1449202,RDU,1320402,MCO,2251,331,44,344,0
861,08/05/2018,20436,N706FR,1037,1410005,PHL,1463502,RSW,918,48,1158,24,0
862,08/05/2018,20436,N706FR,1036,1463502,RSW,1410005,PHL,1234,0,1508,-9,4.030194512
863,08/05/2018,20436,N706FR,1673,1410005,PHL,1320402,MCO,1623,4,1846,-22,4.030194512
864,08/05/2018,20436,N706FR,1674,1320402,MCO,1410005,PHL,2001,99,2225,85,0
865,08/05/2018,20436,N706FR,1042,1410005,PHL,1484306,SJU,2357,112,400,125,0
866,08/05/2018,20436,N708FR,1659,1484306,SJU,1320402,MCO,340,5,634,-11,4.030194512
867,08/05/2018,20436,N708FR,1670,1320402,MCO,1410005,PHL,729,29,952,17,0
868,08/05/2018,20436,N709FR,86,1288903,LAS,1501606,STL,36,16,534,6,4.030194512
869,08/05/2018,20436,N709FR,1294,1393006,ORD,1320402,MCO,1632,-2,2008,-25,4.030194512
870,08/05/2018,20436,N709FR,1263,1320402,MCO,1393006,ORD,2152,209,2333,189,0
871,08/05/2018,20436,N709FR,1263,1393006,ORD,1288903,LAS,52,212,236,190,0
872,08/05/2018,20436,N710FR,289,1320402,MCO,1501606,STL,902,117,1013,100,0
873,08/05/2018,20436,N710FR,289,1501606,STL,1129202,DEN,1108,98,1226,95,0
874,08/05/2018,20436,N710FR,1718,1129202,DEN,1501606,STL,1314,80,1618,77,0
875,08/05/2018,20436,N710FR,1718,1501606,STL,1320402,MCO,1710,70,2029,59,0
876,08/05/2018,20436,N710FR,1660,1320402,MCO,1484306,SJU,2122,47,14,54,0
877,08/05/2018,20436,N711FR,1185,1119302,CVG,1467903,SAN,853,-4,1008,-14,4.030194512
878,08/05/2018,20436,N711FR,560,1467903,SAN,1129202,DEN,1118,-4,1455,4,4.030194512
879,08/05/2018,20436,N711FR,524,1129202,DEN,1104205,CLE,1558,129,2056,122,0
880,08/05/2018,20436,N711FR,1115,1104205,CLE,1288903,LAS,2156,122,2312,109,0
881,08/05/2018,20436,N712FR,782,1288903,LAS,1129202,DEN,127,-3,407,-13,4.030194512
882,08/05/2018,20436,N712FR,749,1129202,DEN,1410702,PHX,624,9,706,-4,4.030194512
883,08/05/2018,20436,N712FR,1862,1410702,PHX,1104205,CLE,804,-6,1452,-26,4.030194512
884,08/05/2018,20436,N712FR,1421,1104205,CLE,1405702,PDX,1613,-5,1759,-26,4.030194512
885,08/05/2018,20436,N712FR,794,1405702,PDX,1129202,DEN,1915,-10,2311,11,4.030194512
886,08/05/2018,20436,N713FR,1672,1320402,MCO,1410005,PHL,27,174,246,156,0
887,08/05/2018,20436,N714FR,1863,1104205,CLE,1410702,PHX,721,5,820,-12,4.030194512
888,08/05/2018,20436,N714FR,758,1410702,PHX,1129202,DEN,945,13,1220,-12,4.030194512
889,08/05/2018,20436,N714FR,276,1129202,DEN,1412202,PIT,1327,-5,1834,-12,4.030194512
890,08/05/2018,20436,N714FR,277,1412202,PIT,1129202,DEN,1942,-5,2055,-20,4.030194512
891,08/05/2018,20436,N714FR,769,1129202,DEN,1288903,LAS,2213,-6,2307,-12,4.030194512
892,08/05/2018,20436,N715FR,1778,1320402,MCO,1239102,ISP,900,60,1137,57,0
893,08/05/2018,20436,N715FR,1851,1239102,ISP,1357702,MYR,1225,45,1417,57,0
894,08/05/2018,20436,N715FR,1582,1357702,MYR,1430705,PVD,1458,43,1647,39,0
895,08/05/2018,20436,N715FR,1581,1430705,PVD,1357702,MYR,1751,43,1940,34,0
896,08/05/2018,20436,N715FR,1852,1357702,MYR,1239102,ISP,2012,11,2147,10,4.030194512
897,08/05/2018,20436,N716FR,129,1129806,DFW,1129202,DEN,527,-3,633,-7,4.030194512
898,08/05/2018,20436,N716FR,793,1129202,DEN,1405702,PDX,1850,45,2028,34,0
899,08/05/2018,20436,N716FR,1422,1405702,PDX,1104205,CLE,2127,-3,451,-8,4.030194512
900,08/05/2018,20436,N717FR,680,1129202,DEN,1320402,MCO,17,2,556,5,4.030194512
901,08/05/2018,20436,N717FR,681,1320402,MCO,1129202,DEN,757,-8,944,-15,4.030194512
902,08/05/2018,20436,N717FR,777,1129202,DEN,1288903,LAS,1054,-5,1146,-11,4.030194512
903,08/05/2018,20436,N717FR,764,1288903,LAS,1129202,DEN,1249,-10,1546,-14,4.030194512
904,08/05/2018,20436,N717FR,397,1129202,DEN,1426204,PSP,1650,-10,1801,-14,4.030194512
905,08/05/2018,20436,N717FR,398,1426204,PSP,1129202,DEN,1910,-10,2213,-17,4.030194512
906,08/05/2018,20436,N718FR,1395,1104205,CLE,1530402,TPA,747,2,1000,-17,4.030194512
907,08/05/2018,20436,N718FR,1394,1530402,TPA,1104205,CLE,1106,-11,1334,-21,4.030194512
908,08/05/2018,20436,N718FR,1613,1104205,CLE,1320402,MCO,1453,-2,1713,-10,4.030194512
909,08/05/2018,20436,N718FR,1780,1320402,MCO,1239102,ISP,2202,114,33,105,0
910,08/05/2018,20436,N719FR,1391,1104205,CLE,1463502,RSW,640,-4,910,-17,4.030194512
911,08/05/2018,20436,N719FR,523,1463502,RSW,1104205,CLE,1025,-2,1301,-6,4.030194512
912,08/05/2018,20436,N719FR,523,1104205,CLE,1129202,DEN,1355,-10,1543,20,0
913,08/05/2018,20436,N719FR,497,1129202,DEN,1163807,FAT,1637,7,1823,18,0
914,08/05/2018,20436,N719FR,496,1163807,FAT,1129202,DEN,1917,12,2225,-10,4.030194512
915,08/05/2018,20436,N720FR,1619,1119302,CVG,1320402,MCO,610,5,818,-5,4.030194512
916,08/05/2018,20436,N720FR,1561,1320402,MCO,1039707,ATL,916,-7,1036,-20,4.030194512
917,08/05/2018,20436,N720FR,1448,1039707,ATL,1484306,SJU,1157,-4,1537,-7,4.030194512
918,08/05/2018,20436,N720FR,1449,1484306,SJU,1039707,ATL,1649,-1,2029,-12,4.030194512
919,08/05/2018,20436,N720FR,1616,1320402,MCO,1119302,CVG,20,260,228,249,0
920,08/05/2018,20436,N720FR,1560,1039707,ATL,1320402,MCO,2143,-2,2326,10,4.030194512
921,08/05/2018,20436,N721FR,1262,1288903,LAS,1393006,ORD,47,-12,646,6,4.030194512
922,08/05/2018,20436,N721FR,87,1501606,STL,1288903,LAS,1808,9,1940,7,4.030194512
923,08/05/2018,20436,N721FR,1116,1288903,LAS,1104205,CLE,2105,-10,415,-4,4.030194512
924,08/05/2018,20436,N910FR,190,1129202,DEN,1042302,AUS,737,-8,1037,-18,4.030194512
925,08/05/2018,20436,N910FR,190,1042302,AUS,1106606,CMH,1129,-11,1511,-14,4.030194512
926,08/05/2018,20436,N910FR,191,1106606,CMH,1042302,AUS,1553,-17,1737,-29,4.030194512
927,08/05/2018,20436,N910FR,195,1042302,AUS,1129202,DEN,1854,-6,2020,-2,4.030194512
928,08/05/2018,20436,N910FR,795,1129202,DEN,1405702,PDX,2234,19,16,12,4.030194512
929,08/05/2018,20436,N923FR,543,1127805,DCA,1129202,DEN,715,0,912,5,4.030194512
930,08/05/2018,20436,N923FR,490,1129202,DEN,1163703,FAR,1001,-4,1232,-32,4.030194512
931,08/05/2018,20436,N923FR,491,1163703,FAR,1129202,DEN,1409,14,1500,-5,4.030194512
932,08/05/2018,20436,N923FR,488,1129202,DEN,1463502,RSW,1653,63,2240,63,0
933,08/05/2018,20436,N923FR,489,1463502,RSW,1129202,DEN,2331,64,121,54,0
934,08/05/2018,20436,N926FR,1412,1410702,PHX,1110902,COS,650,-10,925,-22,4.030194512
935,08/05/2018,20436,N926FR,1412,1110902,COS,1039707,ATL,1023,-9,1508,-17,4.030194512
936,08/05/2018,20436,N926FR,1877,1039707,ATL,1110902,COS,1629,19,1725,3,4.030194512
937,08/05/2018,20436,N926FR,1877,1110902,COS,1410702,PHX,1816,11,1854,-4,4.030194512
938,08/05/2018,20436,N926FR,756,1410702,PHX,1129202,DEN,1937,-6,2226,-15,4.030194512
939,08/05/2018,20436,N927FR,458,1129202,DEN,1348702,MSP,555,-5,907,-5,4.030194512
940,08/05/2018,20436,N927FR,458,1348702,MSP,1104205,CLE,948,-4,1234,-18,4.030194512
941,08/05/2018,20436,N927FR,458,1104205,CLE,1449202,RDU,1332,0,1525,27,0
942,08/05/2018,20436,N927FR,463,1449202,RDU,1104205,CLE,1610,27,1745,30,0
943,08/05/2018,20436,N927FR,463,1104205,CLE,1348702,MSP,1824,28,1923,18,0
944,08/05/2018,20436,N927FR,463,1348702,MSP,1129202,DEN,2006,13,2109,2,4.030194512
945,08/05/2018,20436,N927FR,667,1129202,DEN,1477104,SFO,2205,-5,2348,-5,4.030194512
946,08/05/2018,20436,N938FR,1608,1410702,PHX,1468305,SAT,605,-10,1042,12,4.030194512
947,08/05/2018,20436,N938FR,1608,1468305,SAT,1320402,MCO,1140,30,1516,21,0
948,08/05/2018,20436,N938FR,501,1320402,MCO,1198603,GRR,1608,28,1838,23,0
949,08/05/2018,20436,N938FR,501,1198603,GRR,1129202,DEN,1926,29,2001,7,4.030194512
950,08/05/2018,20436,N938FR,122,1129202,DEN,1129806,DFW,2042,-3,2336,-9,4.030194512
951,08/05/2018,20436,N939FR,670,1477104,SFO,1129202,DEN,124,25,443,18,0
952,08/05/2018,20436,N939FR,1772,1129202,DEN,1198603,GRR,919,-11,1345,-18,4.030194512
953,08/05/2018,20436,N939FR,1772,1198603,GRR,1320402,MCO,1435,-10,1721,-12,4.030194512
954,08/05/2018,20436,N939FR,1895,1320402,MCO,1468305,SAT,1820,2,2002,-11,4.030194512
955,08/05/2018,20436,N939FR,1895,1468305,SAT,1410702,PHX,2048,-7,2104,-23,4.030194512
956,08/05/2018,20436,N941FR,1924,1483106,SJC,1042302,AUS,634,4,1202,1,4.030194512
957,08/05/2018,20436,N941FR,1924,1042302,AUS,1226402,IAD,1238,-5,1654,-6,4.030194512
958,08/05/2018,20436,N941FR,1901,1226402,IAD,1042302,AUS,1750,-5,2043,29,0
959,08/05/2018,20436,N941FR,1901,1042302,AUS,1483106,SJC,2122,23,2308,29,0
960,08/05/2018,20436,N943FR,408,1289208,LAX,1129202,DEN,47,-12,354,-35,4.030194512
961,08/05/2018,20436,N943FR,604,1129202,DEN,1233904,IND,602,8,1029,3,4.030194512
962,08/05/2018,20436,N943FR,603,1233904,IND,1129202,DEN,1114,3,1158,4,4.030194512
963,08/05/2018,20436,N943FR,151,1129202,DEN,1244102,JAC,1311,32,1436,30,0
964,08/05/2018,20436,N943FR,152,1244102,JAC,1129202,DEN,1616,85,1735,79,0
965,08/05/2018,20436,N943FR,537,1129202,DEN,1084905,BZN,1858,117,2039,108,0
966,08/05/2018,20436,N943FR,536,1084905,BZN,1129202,DEN,2113,97,2255,100,0
967,08/05/2018,20436,N948FR,243,1226603,IAH,1129202,DEN,504,-10,621,-24,4.030194512
968,08/05/2018,20436,N948FR,544,1129202,DEN,1127805,DCA,728,-2,1249,-4,4.030194512
969,08/05/2018,20436,N948FR,545,1127805,DCA,1129202,DEN,1423,45,1617,47,0
970,08/05/2018,20436,N948FR,548,1129202,DEN,1127805,DCA,1707,37,2225,27,0
971,08/05/2018,20436,N949FR,1286,1129202,DEN,1393006,ORD,724,39,1049,29,0
972,08/05/2018,20436,N949FR,1286,1393006,ORD,1245102,JAX,1139,34,1459,39,0
973,08/05/2018,20436,N949FR,1285,1245102,JAX,1393006,ORD,1535,30,1656,1,4.030194512
974,08/05/2018,20436,N949FR,1285,1393006,ORD,1129202,DEN,1752,12,1922,-1,4.030194512
975,08/05/2018,20436,N949FR,409,1129202,DEN,1289208,LAX,2236,31,4,27,0
976,08/05/2018,19805,N343PN,1425,1129806,DFW,1052906,BDL,2021,-4,46,-6,4.030194512
977,08/05/2018,19805,N975AN,1426,1412202,PIT,1393006,ORD,823,-3,904,-11,4.030194512
978,08/05/2018,19805,N176AA,1427,1129806,DFW,1410005,PHL,858,-2,1302,-18,4.030194512
979,08/05/2018,19805,N9625W,1428,1501606,STL,1393006,ORD,602,-12,729,-15,4.030194512
980,08/05/2018,19805,N929AA,1430,1129806,DFW,1477104,SFO,1837,-3,2010,-12,4.030194512
981,08/05/2018,19805,N343PN,1431,1014005,ABQ,1393006,ORD,658,-5,1043,-20,4.030194512
982,08/05/2018,19805,N906AN,1433,1537002,TUL,1105703,CLT,705,-8,1027,-12,4.030194512
983,08/05/2018,19805,N908NN,1434,1072102,BOS,1393006,ORD,1334,-1,1511,-21,4.030194512
984,08/05/2018,19805,N166NN,1435,1129806,DFW,1042302,AUS,2116,1,2206,0,4.030194512
985,08/05/2018,19805,N946AN,1436,1457002,RNO,1129806,DFW,1415,23,1939,27,0
986,08/05/2018,19805,N905AN,1437,1410702,PHX,1405702,PDX,1015,10,1259,8,4.030194512
987,08/05/2018,19805,N822NN,1438,1393006,ORD,1330303,MIA,846,11,1249,8,4.030194512
988,08/05/2018,19805,N832NN,1439,1410702,PHX,1161802,EWR,2146,-9,520,-13,4.030194512
989,08/05/2018,19805,N352PS,1440,1393006,ORD,1489302,SMF,2020,-4,2302,11,4.030194512
990,08/05/2018,19805,N802NN,1441,1129806,DFW,1537603,TUS,1700,0,1709,-2,4.030194512
991,08/05/2018,19805,N952AA,1442,1393006,ORD,1405702,PDX,1013,-2,1314,40,0
992,08/05/2018,19805,N865NN,1444,1247805,JFK,1105703,CLT,822,6,1016,-13,4.030194512
993,08/05/2018,19805,N9677W,1445,1129806,DFW,1562404,VPS,1857,12,2054,9,4.030194512
994,08/05/2018,19805,N9625W,1446,1129806,DFW,1537002,TUL,2058,29,2201,31,0
995,08/05/2018,19805,N928AM,1448,1042302,AUS,1129806,DFW,1643,12,1746,5,4.030194512
996,08/05/2018,19805,N928AM,1448,1129806,DFW,1042302,AUS,1452,7,1548,7,4.030194512
997,08/05/2018,19805,N966TW,1449,1129806,DFW,1198603,GRR,1015,-5,1340,-2,4.030194512
998,08/05/2018,19805,N966TW,1449,1198603,GRR,1129806,DFW,1427,0,1552,-21,4.030194512
999,08/05/2018,19805,N971AN,1452,1072102,BOS,1410005,PHL,1758,-4,2012,23,0
1000,08/05/2018,19805,N858NN,1453,1072102,BOS,1105703,CLT,1611,9,1817,-23,4.030194512
1001,08/05/2018,19805,N120EE,1454,1289208,LAX,1330303,MIA,600,-5,1416,-9,4.030194512
1002,08/05/2018,19805,N120EE,1454,1330303,MIA,1289208,LAX,1530,0,1743,-13,4.030194512
1003,08/05/2018,19805,N936NN,1455,1129806,DFW,1349505,MSY,2055,10,2217,6,4.030194512
1004,08/05/2018,19805,N893NN,1456,1129806,DFW,1072102,BOS,2015,-5,49,-8,4.030194512
1005,08/05/2018,19805,N958NN,1457,1330303,MIA,1295304,LGA,1352,2,1637,-22,4.030194512
1006,08/05/2018,19805,N920NN,1458,1129806,DFW,1385103,OKC,2041,-4,2137,-7,4.030194512
1007,08/05/2018,19805,N996NN,1459,1042302,AUS,1289208,LAX,902,-1,1028,5,4.030194512
1008,08/05/2018,19805,N919NN,1460,1129806,DFW,1405702,PDX,1238,3,1433,-1,4.030194512
1009,08/05/2018,19805,N890NN,1462,1129806,DFW,1486903,SLC,1444,-6,1632,-1,4.030194512
1010,08/05/2018,19805,N890NN,1462,1486903,SLC,1129806,DFW,1720,-2,2114,10,4.030194512
1011,08/05/2018,19805,N149AN,1463,1129806,DFW,1393006,ORD,1640,-4,1911,-6,4.030194512
1012,08/05/2018,19805,N824NN,1464,1393006,ORD,1530402,TPA,1523,3,1917,22,0
1013,08/05/2018,19805,N869NN,1467,1072102,BOS,1393006,ORD,455,-5,618,-28,4.030194512
1014,08/05/2018,19805,N9017P,1468,1330303,MIA,1468305,SAT,2040,0,2229,-2,4.030194512
1015,08/05/2018,19805,N967AN,1469,1129806,DFW,1463502,RSW,704,-6,1031,-18,4.030194512
1016,08/05/2018,19805,N908AN,1470,1393006,ORD,1477104,SFO,1320,55,1538,35,0
1017,08/05/2018,19805,N908AN,1470,1477104,SFO,1393006,ORD,1625,-1,2235,-12,4.030194512
1018,08/05/2018,19805,N962NN,1471,1474703,SEA,1330303,MIA,2214,-8,714,-1,4.030194512
1019,08/05/2018,19805,N913NN,1472,1129806,DFW,1389101,ONT,856,-4,948,-13,4.030194512
1020,08/05/2018,19805,N913NN,1472,1389101,ONT,1129806,DFW,1039,-7,1526,-19,4.030194512
1021,08/05/2018,19805,N791AN,1473,1289208,LAX,1330303,MIA,953,8,1813,2,4.030194512
1022,08/05/2018,19805,N926NN,1475,1330303,MIA,1247805,JFK,2224,54,114,43,0
1023,08/05/2018,19805,N838NN,1476,1072102,BOS,1330303,MIA,1810,1,2121,-28,4.030194512
1024,08/05/2018,19805,N838NN,1476,1129806,DFW,1072102,BOS,1230,-5,1722,3,4.030194512
1025,08/05/2018,19805,N9021H,1477,1129806,DFW,1244102,JAC,1839,-1,2037,8,4.030194512
1026,08/05/2018,19805,N910NN,1478,1129806,DFW,1449202,RDU,657,-3,1040,0,4.030194512
1027,08/05/2018,19805,N854NN,1479,1477104,SFO,1393006,ORD,9,10,600,-13,4.030194512
1028,08/05/2018,19805,N8009T,1480,1129806,DFW,1288903,LAS,1329,49,1414,44,0
1029,08/05/2018,19805,N8009T,1480,1288903,LAS,1129806,DFW,1503,38,2000,41,0
1030,08/05/2018,19805,N153AN,1483,1129806,DFW,1072102,BOS,1820,-5,2254,-11,4.030194512
1031,08/05/2018,19805,N968AN,1484,1233904,IND,1393006,ORD,1601,-1,1600,-19,4.030194512
1032,08/05/2018,19805,N968AN,1484,1393006,ORD,1233904,IND,1321,1,1511,-6,4.030194512
1033,08/05/2018,19805,N932NN,1485,1393006,ORD,1474703,SEA,1732,-2,1958,-7,4.030194512
1034,08/05/2018,19805,N865NN,1486,1127805,DCA,1393006,ORD,1724,-6,1836,-27,4.030194512
1035,08/05/2018,19805,N865NN,1486,1393006,ORD,1127805,DCA,1333,0,1634,5,4.030194512
1036,08/05/2018,19805,N896NN,1488,1288903,LAS,1330303,MIA,2209,0,547,-21,4.030194512
1037,08/05/2018,19805,N913AN,1488,1330303,MIA,1288903,LAS,1802,7,2013,11,4.030194512
1038,08/05/2018,19805,N941NN,1489,1105703,CLT,1161802,EWR,1204,14,1430,39,0
1039,08/05/2018,19805,N941NN,1489,1161802,EWR,1105703,CLT,1515,25,1723,24,0
1040,08/05/2018,19805,N9677W,1490,1129806,DFW,1319801,MCI,812,47,934,36,0
1041,08/05/2018,19805,N9677W,1490,1319801,MCI,1129806,DFW,1017,30,1143,8,4.030194512
1042,08/05/2018,19805,N317PG,1491,1393006,ORD,1490803,SNA,1447,48,1644,31,0
1043,08/05/2018,19805,N9628W,1492,1106606,CMH,1129806,DFW,1433,-7,1604,-16,4.030194512
1044,08/05/2018,19805,N9628W,1492,1129806,DFW,1106606,CMH,1034,0,1350,-5,4.030194512
1045,08/05/2018,19805,N303RE,1494,1330303,MIA,1295304,LGA,1752,8,2034,-26,4.030194512
1046,08/05/2018,19805,N851NN,1495,1330303,MIA,1393006,ORD,643,-4,907,-7,4.030194512
1047,08/05/2018,19805,N379AA,1496,1410005,PHL,1484306,SJU,807,-3,1206,4,4.030194512
1048,08/05/2018,19805,N379AA,1496,1484306,SJU,1410005,PHL,1301,-1,1707,3,4.030194512
1049,08/05/2018,19805,N808NN,1497,1129806,DFW,1072102,BOS,907,-3,1356,-1,4.030194512
1050,08/05/2018,19805,N814NN,1499,1410702,PHX,1486903,SLC,1009,-6,1245,-14,4.030194512
1051,08/05/2018,19805,N814NN,1499,1486903,SLC,1129806,DFW,1340,-7,1705,-23,4.030194512
1052,08/05/2018,19805,N909AN,1500,1247805,JFK,1105703,CLT,457,-3,637,-27,4.030194512
1053,08/05/2018,19805,N879NN,1505,1129806,DFW,1319801,MCI,1255,-4,1425,-7,4.030194512
1054,08/05/2018,19805,N879NN,1505,1319801,MCI,1129806,DFW,1525,-7,1707,-9,4.030194512
1055,08/05/2018,19805,N856NN,1506,1161802,EWR,1330303,MIA,1727,2,2020,-25,4.030194512
1056,08/05/2018,19805,N856NN,1506,1330303,MIA,1161802,EWR,1331,-4,1614,-26,4.030194512
1057,08/05/2018,19805,N301NW,1509,1072102,BOS,1393006,ORD,713,5,855,-19,4.030194512
1058,08/05/2018,19805,N938NN,1510,1348702,MSP,1393006,ORD,601,1,800,24,0
1059,08/05/2018,19805,N969AN,1512,1410702,PHX,1029906,ANC,1713,-2,2209,14,4.030194512
1060,08/05/2018,19805,N969AN,1513,1029906,ANC,1410702,PHX,57,-2,718,-21,4.030194512
1061,08/05/2018,19805,N910NN,1514,1467903,SAN,1410702,PHX,1639,-1,1756,-7,4.030194512
1062,08/05/2018,19805,N872NN,1518,1129806,DFW,1393006,ORD,705,5,922,-11,4.030194512
1063,08/05/2018,19805,N922NN,1521,1330303,MIA,1449202,RDU,1529,-3,1729,-13,4.030194512
1064,08/05/2018,19805,N922NN,1521,1449202,RDU,1330303,MIA,1828,-1,2045,4,4.030194512
1065,08/05/2018,19805,N944AN,1522,1052906,BDL,1129806,DFW,1814,-1,2110,-4,4.030194512
1066,08/05/2018,19805,N944AN,1522,1129806,DFW,1052906,BDL,1244,-6,1704,-14,4.030194512
1067,08/05/2018,19805,N163AA,1523,1129202,DEN,1129806,DFW,1838,14,2133,3,4.030194512
1068,08/05/2018,19805,N163AA,1523,1129806,DFW,1129202,DEN,1627,-3,1744,10,4.030194512
1069,08/05/2018,19805,N887NN,1524,1129806,DFW,1490803,SNA,1050,0,1200,4,4.030194512
1070,08/05/2018,19805,N887NN,1524,1490803,SNA,1129806,DFW,1245,4,1743,-4,4.030194512
1071,08/05/2018,19805,N968NN,1525,1129806,DFW,1154005,ELP,1957,72,2020,54,0
1072,08/05/2018,19805,N945NN,1528,1484306,SJU,1410005,PHL,604,-3,1001,-4,4.030194512
1073,08/05/2018,19805,N818NN,1529,1410005,PHL,1484306,SJU,1819,17,2229,15,0
1074,08/05/2018,19805,N959NN,1530,1295304,LGA,1330303,MIA,727,0,1019,-31,4.030194512
1075,08/05/2018,19805,N994NN,1533,1289208,LAX,1449202,RDU,720,-5,1521,5,4.030194512
1076,08/05/2018,19805,N994NN,1533,1449202,RDU,1289208,LAX,1658,-3,1905,-26,4.030194512
1077,08/05/2018,19805,N922AN,1534,1393006,ORD,1449202,RDU,1854,17,2148,15,0
1078,08/05/2018,19805,N317PG,1535,1483106,SJC,1393006,ORD,739,-3,1354,-7,4.030194512
1079,08/05/2018,19805,N969TW,1537,1449202,RDU,1393006,ORD,1519,30,1620,14,4.030194512
1080,08/05/2018,19805,N842NN,1538,1537603,TUS,1393006,ORD,1207,5,1758,13,4.030194512
1081,08/05/2018,19805,N932AN,1539,1105703,CLT,1161802,EWR,949,9,1132,-4,4.030194512
1082,08/05/2018,19805,N932AN,1539,1161802,EWR,1105703,CLT,1314,13,1511,12,4.030194512
1083,08/05/2018,19805,N964NN,1540,1474703,SEA,1393006,ORD,656,-2,1250,-11,4.030194512
1084,08/05/2018,19805,N961AN,1541,1129806,DFW,1486903,SLC,939,29,1114,15,0
1085,08/05/2018,19805,N961AN,1541,1486903,SLC,1129806,DFW,1158,7,1522,-7,4.030194512
1086,08/05/2018,19805,N974AN,1542,1410702,PHX,1127805,DCA,2349,-8,713,-7,4.030194512
1087,08/05/2018,19805,N804NN,1543,1393006,ORD,1467903,SAN,1845,95,2054,93,0
1088,08/05/2018,19805,N998AN,1544,1489302,SMF,1129806,DFW,554,-6,1108,-22,4.030194512
1089,08/05/2018,19805,N931AM,1550,1330303,MIA,1295304,LGA,1128,23,1412,0,4.030194512
1090,08/05/2018,19805,N9624T,1551,1129806,DFW,1412202,PIT,1125,20,1520,34,0
1091,08/05/2018,19805,N9624T,1551,1412202,PIT,1129806,DFW,1555,20,1744,11,4.030194512
1092,08/05/2018,19805,N969NN,1553,1393006,ORD,1490803,SNA,1158,-4,1410,-4,4.030194512
1093,08/05/2018,19805,N969NN,1553,1490803,SNA,1393006,ORD,1530,18,2156,36,0
1094,08/05/2018,19805,N315RJ,1554,1295304,LGA,1330303,MIA,1058,-7,1347,-39,4.030194512
1095,08/05/2018,19805,N315RJ,1554,1330303,MIA,1295304,LGA,656,-4,946,-27,4.030194512
1096,08/05/2018,19805,N159AN,1555,1288903,LAS,1289208,LAX,1600,80,1704,60,0
1097,08/05/2018,19805,N159AN,1555,1289208,LAX,1288903,LAS,1406,91,1515,86,0
1098,08/05/2018,19805,N885NN,1556,1330303,MIA,1295304,LGA,1224,-1,1530,6,4.030194512
1099,08/05/2018,19805,N974AN,1557,1530402,TPA,1393006,ORD,645,-10,857,-4,4.030194512
1100,08/05/2018,19805,N824NN,1559,1530402,TPA,1410005,PHL,1950,6,2237,16,0
1101,08/05/2018,19805,N137AA,1560,1129806,DFW,1320402,MCO,1303,10,1653,17,0
1102,08/05/2018,19805,N137AA,1560,1320402,MCO,1129806,DFW,1754,23,1930,1,4.030194512
1103,08/05/2018,19805,N9625W,1561,1129806,DFW,1349505,MSY,1535,40,1702,40,0
1104,08/05/2018,19805,N9625W,1561,1349505,MSY,1129806,DFW,1735,13,1913,4,4.030194512
1105,08/05/2018,19805,N691AA,1562,1410005,PHL,1072102,BOS,1505,-4,1618,-16,4.030194512
1106,08/05/2018,19805,N970AN,1563,1129806,DFW,1110902,COS,1851,11,2018,45,0
1107,08/05/2018,19805,N156AN,1564,1129806,DFW,1468305,SAT,1905,15,2004,8,4.030194512
1108,08/05/2018,19805,N306NY,1565,1393006,ORD,1320402,MCO,705,0,1035,-7,4.030194512
1109,08/05/2018,19805,N9621A,1566,1129806,DFW,1385103,OKC,1031,-4,1130,-4,4.030194512
1110,08/05/2018,19805,N9621A,1566,1385103,OKC,1129806,DFW,1215,-3,1310,-16,4.030194512
1111,08/05/2018,19805,N961NN,1567,1039707,ATL,1129806,DFW,749,-5,930,5,4.030194512
1112,08/05/2018,19805,N951NN,1568,1393006,ORD,1490803,SNA,1728,18,1935,10,4.030194512
1113,08/05/2018,19805,N933NN,1569,1410702,PHX,1072102,BOS,903,-2,1711,-1,4.030194512
1114,08/05/2018,19805,N348AN,1570,1330303,MIA,1484306,SJU,1919,20,2145,10,4.030194512
1115,08/05/2018,19805,N347AN,1571,1247805,JFK,1330303,MIA,1103,-2,1349,-28,4.030194512
1116,08/05/2018,19805,N967TW,2274,1393102,ORF,1129806,DFW,1138,-1,1343,-19,4.030194512
1117,08/05/2018,19805,N9622A,2276,1129806,DFW,1226603,IAH,1626,1,1728,-4,4.030194512
1118,08/05/2018,19805,N9622A,2276,1226603,IAH,1129806,DFW,1809,-3,1939,1,4.030194512
1119,08/05/2018,19805,N4032T,2278,1127805,DCA,1330303,MIA,1002,-7,1238,-17,4.030194512
1120,08/05/2018,19805,N4032T,2278,1330303,MIA,1127805,DCA,650,0,915,-9,4.030194512
1121,08/05/2018,19805,N812NN,2279,1289208,LAX,1320402,MCO,1538,3,2332,-6,4.030194512
1122,08/05/2018,19805,N145AN,2280,1330303,MIA,1477104,SFO,2238,57,106,30,0
1123,08/05/2018,19805,N146AA,2281,1129806,DFW,1468305,SAT,2314,39,10,35,0
1124,08/05/2018,19805,N987AM,2283,1330303,MIA,1289208,LAX,1427,2,1626,-23,4.030194512
1125,08/05/2018,19805,N355PU,2284,1129806,DFW,1106606,CMH,2025,-5,2347,-6,4.030194512
1126,08/05/2018,19805,N951NN,2285,1393006,ORD,1490803,SNA,719,14,924,9,4.030194512
1127,08/05/2018,19805,N951NN,2285,1490803,SNA,1393006,ORD,1010,9,1606,-3,4.030194512
1128,08/05/2018,19805,N915AN,2286,1247805,JFK,1474703,SEA,2105,0,23,-17,4.030194512
1129,08/05/2018,19805,N819NN,2287,1042302,AUS,1247805,JFK,859,-5,1359,3,4.030194512
1130,08/05/2018,19805,N906AA,2288,1127805,DCA,1129806,DFW,1910,40,2114,14,4.030194512
1131,08/05/2018,19805,N902AA,2289,1330303,MIA,1289208,LAX,2021,36,2234,16,0
1132,08/05/2018,19805,N346PR,2290,1330303,MIA,1039707,ATL,2023,-3,2209,-17,4.030194512
1133,08/05/2018,19805,N973NN,2291,1105703,CLT,1247805,JFK,2018,3,2220,-5,4.030194512
1134,08/05/2018,19805,N973NN,2291,1247805,JFK,1105703,CLT,1657,-3,1906,-19,4.030194512
1135,08/05/2018,19805,N923AN,2292,1129806,DFW,1084905,BZN,1720,-10,1922,-13,4.030194512
1136,08/05/2018,19805,N9620D,2293,1119302,CVG,1129806,DFW,620,-1,738,-17,4.030194512
1137,08/05/2018,19805,N966TW,2294,1198603,GRR,1129806,DFW,731,4,905,-11,4.030194512
1138,08/05/2018,19805,N834NN,2297,1069302,BNA,1393006,ORD,655,-8,843,-21,4.030194512
1139,08/05/2018,19805,N983NN,2298,1405702,PDX,1393006,ORD,655,-6,1301,-3,4.030194512
1140,08/05/2018,19805,N931NN,2299,1348702,MSP,1129806,DFW,833,0,1107,-6,4.030194512
1141,08/05/2018,19805,N338PK,2300,1393006,ORD,1129806,DFW,1840,5,2043,-24,4.030194512
1142,08/05/2018,19805,N984TW,2301,1129806,DFW,1385103,OKC,844,-5,940,-8,4.030194512
1143,08/05/2018,19805,N984TW,2301,1385103,OKC,1129806,DFW,1021,-7,1126,-14,4.030194512
1144,08/05/2018,19805,N991NN,2302,1295304,LGA,1393006,ORD,1026,-4,1139,-46,4.030194512
1145,08/05/2018,19805,N956NN,2302,1393006,ORD,1295304,LGA,1327,-3,1647,7,4.030194512
1146,08/05/2018,19805,N988NN,2303,1330303,MIA,1393006,ORD,1611,-4,1829,-21,4.030194512
1147,08/05/2018,19805,N908AA,2304,1127805,DCA,1393006,ORD,754,-1,859,-20,4.030194512
1148,08/05/2018,19805,N116AN,2305,1247805,JFK,1477104,SFO,1609,-6,1920,-34,4.030194512
1149,08/05/2018,19805,N958AN,2306,1467903,SAN,1247805,JFK,2227,1,654,-6,4.030194512
1150,08/05/2018,19805,N903NN,2307,1288903,LAS,1289208,LAX,1617,-2,1727,-13,4.030194512
1151,08/05/2018,19805,N903NN,2307,1289208,LAX,1288903,LAS,1410,0,1525,-2,4.030194512
1152,08/05/2018,19805,N905AN,2308,1405702,PDX,1393006,ORD,1356,15,2019,30,0
1153,08/05/2018,19805,N9622A,2309,1129806,DFW,1119302,CVG,2040,-5,2339,-13,4.030194512
1154,08/05/2018,19805,N892NN,2310,1393006,ORD,1483106,SJC,1743,18,2008,14,4.030194512
1155,08/05/2018,19805,N979AN,2312,1330303,MIA,1474703,SEA,824,-6,1136,-15,4.030194512
1156,08/05/2018,19805,N979AN,2312,1474703,SEA,1330303,MIA,1247,-4,2149,3,4.030194512
1157,08/05/2018,19805,N929AA,2314,1129806,DFW,1320402,MCO,1100,-5,1430,-18,4.030194512
1158,08/05/2018,19805,N929AA,2314,1320402,MCO,1129806,DFW,1540,-2,1722,-13,4.030194512
1159,08/05/2018,19805,N910NN,2315,1410702,PHX,1129202,DEN,1842,-11,2129,-14,4.030194512
1160,08/05/2018,19805,N990AN,2317,1330303,MIA,1502704,STX,2015,74,2305,77,0
1161,08/05/2018,19805,N934AA,2318,1129806,DFW,1289208,LAX,1744,-1,1849,-7,4.030194512
1162,08/05/2018,19805,N974AN,2319,1405702,PDX,1410702,PHX,1853,18,2127,14,4.030194512
1163,08/05/2018,19805,N974AN,2319,1410702,PHX,1405702,PDX,1542,32,1813,25,0
1164,08/05/2018,19805,N135NN,2320,1072102,BOS,1129806,DFW,613,-5,919,-16,4.030194512
1165,08/05/2018,19805,N967AN,2321,1393006,ORD,1072102,BOS,1452,-3,1812,0,4.030194512
1166,08/05/2018,19805,N801NN,2323,1129202,DEN,1330303,MIA,1659,167,2259,161,0
1167,08/05/2018,19805,N801NN,2323,1330303,MIA,1129202,DEN,1057,3,1307,1,4.030194512
1168,08/05/2018,19805,N970NN,2324,1410005,PHL,1393006,ORD,457,-3,552,-23,4.030194512
1169,08/05/2018,19805,N317PG,2325,1490803,SNA,1129806,DFW,1728,-2,2229,-3,4.030194512
1170,08/05/2018,19805,N921NN,2327,1042302,AUS,1393006,ORD,642,-7,911,-34,4.030194512
1171,08/05/2018,19805,N928AN,2328,1039707,ATL,1289208,LAX,647,-8,843,-9,4.030194512
1172,08/05/2018,19805,N874NN,2329,1330303,MIA,1410005,PHL,2228,58,109,48,0
1173,08/05/2018,19805,N9617R,2330,1129806,DFW,1334207,MKE,1602,32,1815,28,0
1174,08/05/2018,19805,N9617R,2330,1334207,MKE,1129806,DFW,1855,28,2119,15,0
1175,08/05/2018,19805,N977NN,2331,1104205,CLE,1129806,DFW,1520,219,1707,213,0
1176,08/05/2018,19805,N977NN,2331,1129806,DFW,1104205,CLE,1054,214,1430,211,0
1177,08/05/2018,19805,N948NN,2332,1129806,DFW,1069302,BNA,2047,7,2231,4,4.030194512
1178,08/05/2018,19805,N955AN,2333,1330303,MIA,1410005,PHL,1946,11,2226,-6,4.030194512
1179,08/05/2018,19805,N692AA,2334,1129806,DFW,1410005,PHL,1638,-1,2052,-8,4.030194512
1180,08/05/2018,19805,N979NN,2335,1014005,ABQ,1129806,DFW,456,-4,735,-16,4.030194512
1181,08/05/2018,19805,N849NN,2336,1410005,PHL,1072102,BOS,1425,1,1539,-6,4.030194512
1182,08/05/2018,19805,N983TW,2337,1385103,OKC,1129806,DFW,458,-5,554,-9,4.030194512
1183,08/05/2018,19805,N821NN,2338,1129806,DFW,1489302,SMF,922,2,1058,-2,4.030194512
1184,08/05/2018,19805,N821NN,2338,1489302,SMF,1129806,DFW,1254,67,1845,90,0
1185,08/05/2018,19805,N359PX,2339,1410702,PHX,1247805,JFK,907,4,1702,-13,4.030194512
1186,08/05/2018,19805,N937NN,2340,1410005,PHL,1129806,DFW,531,-4,740,-27,4.030194512
1187,08/05/2018,19805,N846NN,2341,1330303,MIA,1288903,LAS,2151,-2,2347,-24,4.030194512
1188,08/05/2018,19805,N964TW,2342,1468305,SAT,1129806,DFW,625,-5,758,12,4.030194512
1189,08/05/2018,19805,N70425,2343,1129806,DFW,1387102,OMA,707,8,852,10,4.030194512
1190,08/05/2018,19805,N70425,2343,1387102,OMA,1129806,DFW,922,-2,1115,-9,4.030194512
1191,08/05/2018,19805,N346PR,2344,1039707,ATL,1330303,MIA,732,-5,925,-14,4.030194512
1192,08/05/2018,19805,N90024,2345,1129806,DFW,1334207,MKE,930,35,1147,31,0
1193,08/05/2018,19805,N90024,2345,1334207,MKE,1129806,DFW,1237,41,1457,26,0
1194,08/05/2018,19805,N932AM,2346,1393006,ORD,1129806,DFW,1427,2,1700,10,4.030194512
1195,08/05/2018,19805,N966AN,2347,1129806,DFW,1110902,COS,2240,0,2329,1,4.030194512
1196,08/05/2018,19805,N306PB,2348,1127805,DCA,1129806,DFW,1453,-7,1700,-26,4.030194512
1197,08/05/2018,19805,N883NN,2351,1127805,DCA,1129806,DFW,2007,2,2210,-24,4.030194512
1198,08/05/2018,19805,N883NN,2351,1129806,DFW,1127805,DCA,1503,-2,1858,-17,4.030194512
1199,08/05/2018,20409,N709JB,1572,1169706,FLL,1295304,LGA,1057,-8,1339,-21,4.030194512
1200,08/05/2018,20409,N309JB,1579,1127805,DCA,1169706,FLL,952,-8,1220,-16,4.030194512
1201,08/05/2018,20409,N348JB,1580,1169706,FLL,1127805,DCA,1630,-10,1856,-17,4.030194512
1202,08/05/2018,20409,N267JB,1583,1072102,BOS,1449202,RDU,2052,-8,2237,-19,4.030194512
1203,08/05/2018,20409,N328JB,1585,1072102,BOS,1412202,PIT,1302,-1,1437,-11,4.030194512
1204,08/05/2018,20409,N827JB,1586,1320402,MCO,1079206,BUF,1309,-3,1536,-12,4.030194512
1205,08/05/2018,20409,N665JB,1590,1169706,FLL,1143302,DTW,2045,-2,2329,-16,4.030194512
1206,08/05/2018,20409,N283JB,1591,1247805,JFK,1015405,ACK,1639,199,1751,198,0
1207,08/05/2018,20409,N346JB,1592,1015405,ACK,1247805,JFK,1246,55,1357,58,0
1208,08/05/2018,20409,N231JB,1600,1072102,BOS,1127805,DCA,558,-2,725,-9,4.030194512
1209,08/05/2018,20409,N828JB,1606,1169706,FLL,1161802,EWR,1537,2,1826,-16,4.030194512
1210,08/05/2018,20409,N923JB,1611,1247805,JFK,1288903,LAS,733,-2,944,-20,4.030194512
1211,08/05/2018,20409,N339JB,1615,1072102,BOS,1079206,BUF,2357,200,116,192,0
1212,08/05/2018,20409,N206JB,1616,1079206,BUF,1072102,BOS,1704,-5,1828,-4,4.030194512
1213,08/05/2018,20409,N992JB,1623,1247805,JFK,1289208,LAX,1926,-4,2243,-10,4.030194512
1214,08/05/2018,20409,N506JB,1625,1483106,SJC,1295406,LGB,1021,-5,1133,-11,4.030194512
1215,08/05/2018,20409,N506JB,1626,1295406,LGB,1483106,SJC,830,-7,936,-10,4.030194512
1216,08/05/2018,20409,N594JB,1631,1486903,SLC,1295406,LGB,1455,-7,1556,7,4.030194512
1217,08/05/2018,20409,N594JB,1632,1295406,LGB,1486903,SLC,1137,-6,1416,-6,4.030194512
1218,08/05/2018,20409,N323JB,1634,1247805,JFK,1078502,BTV,948,39,1121,54,0
1219,08/05/2018,20409,N962JB,1635,1477104,SFO,1295406,LGB,4,392,124,389,0
1220,08/05/2018,20409,N807JB,1653,1169706,FLL,1484306,SJU,933,-5,1219,4,4.030194512
1221,08/05/2018,20409,N807JB,1654,1484306,SJU,1169706,FLL,1313,-2,1542,-14,4.030194512
1222,08/05/2018,20409,N621JB,1667,1072102,BOS,1099402,CHS,938,-4,1151,-16,4.030194512
1223,08/05/2018,20409,N621JB,1668,1099402,CHS,1072102,BOS,1245,-9,1457,-13,4.030194512
1224,08/05/2018,20409,N307JB,1674,1099402,CHS,1247805,JFK,2032,-11,2235,-5,4.030194512
1225,08/05/2018,20409,N706JB,1677,1247805,JFK,1245102,JAX,2049,19,2314,2,4.030194512
1226,08/05/2018,20409,N789JB,1678,1245102,JAX,1247805,JFK,531,1,743,1,4.030194512
1227,08/05/2018,20409,N190JB,1679,1072102,BOS,1161802,EWR,2151,-9,2257,-25,4.030194512
1228,08/05/2018,20409,N309JB,1680,1169706,FLL,1127805,DCA,654,-6,911,-13,4.030194512
1229,08/05/2018,20409,N284JB,1685,1072102,BOS,1412202,PIT,1502,2,1641,-6,4.030194512
1230,08/05/2018,20409,N284JB,1686,1412202,PIT,1072102,BOS,1714,-8,1850,-9,4.030194512
1231,08/05/2018,20409,N353JB,1694,1320402,MCO,1219702,HPN,1715,-12,1947,-27,4.030194512
1232,08/05/2018,20409,N970JB,1701,1247805,JFK,1169706,FLL,734,1,1043,6,4.030194512
1233,08/05/2018,20409,N355JB,1711,1072102,BOS,1393006,ORD,1451,143,1624,122,0
1234,08/05/2018,20409,N355JB,1712,1393006,ORD,1072102,BOS,1840,222,2155,212,0
1235,08/05/2018,20409,N987JB,1715,1247805,JFK,1477104,SFO,2212,27,139,24,0
1236,08/05/2018,20409,N976JB,1723,1247805,JFK,1289208,LAX,2219,50,116,32,0
1237,08/05/2018,20409,N591JB,1729,1247805,JFK,1463502,RSW,1448,-3,1747,-17,4.030194512
1238,08/05/2018,20409,N591JB,1730,1463502,RSW,1247805,JFK,1844,-9,2119,-31,4.030194512
1239,08/05/2018,20409,N216JB,1734,1402702,PBI,1127805,DCA,1234,-10,1446,-20,4.030194512
1240,08/05/2018,20409,N566JB,1735,1072102,BOS,1348702,MSP,1410,0,1606,-23,4.030194512
1241,08/05/2018,20409,N566JB,1736,1348702,MSP,1072102,BOS,1701,-9,2034,-20,4.030194512
1242,08/05/2018,20409,N292JB,1751,1015405,ACK,1072102,BOS,1854,-14,1943,-13,4.030194512
1243,08/05/2018,20409,N292JB,1752,1072102,BOS,1015405,ACK,1726,-10,1817,-16,4.030194512
1244,08/05/2018,20409,N279JB,1776,1410005,PHL,1072102,BOS,856,-15,1017,-21,4.030194512
1245,08/05/2018,20409,N236JB,1785,1072102,BOS,1412202,PIT,2209,2,2352,5,4.030194512
1246,08/05/2018,20409,N328JB,1786,1412202,PIT,1072102,BOS,1514,-9,1651,-10,4.030194512
1247,08/05/2018,20409,N216JB,1789,1072102,BOS,1127805,DCA,709,-3,827,-25,4.030194512
1248,08/05/2018,20409,N348JB,1790,1127805,DCA,1072102,BOS,1950,-10,2109,-24,4.030194512
1249,08/05/2018,20409,N346JB,1791,1247805,JFK,1015405,ACK,1033,28,1151,35,0
1250,08/05/2018,20409,N954JB,1802,1169706,FLL,1247805,JFK,2015,29,2300,21,0
1251,08/05/2018,20409,N821JB,1804,1484306,SJU,1247805,JFK,2003,14,2354,15,0
1252,08/05/2018,20409,N589JB,1806,1069302,BNA,1072102,BOS,949,-6,1316,-9,4.030194512
1253,08/05/2018,20409,N589JB,1807,1072102,BOS,1069302,BNA,742,12,901,-14,4.030194512
1254,08/05/2018,20409,N247JB,1808,1226402,IAD,1247805,JFK,2120,42,2235,28,0
1255,08/05/2018,20409,N508JB,1815,1509602,SYR,1247805,JFK,2157,168,2259,149,0
1256,08/05/2018,20409,N509JB,1822,1295406,LGB,1405702,PDX,1828,5,2032,-5,4.030194512
1257,08/05/2018,20409,N945JB,1823,1247805,JFK,1289208,LAX,2243,-7,126,-34,4.030194512
1258,08/05/2018,20409,N640JB,1827,1161802,EWR,1320402,MCO,1118,3,1342,-14,4.030194512
1259,08/05/2018,20409,N985JB,1833,1072102,BOS,1477104,SFO,1041,-9,1422,-6,4.030194512
1260,08/05/2018,20409,N187JB,1836,1143302,DTW,1072102,BOS,536,-9,720,-12,4.030194512
1261,08/05/2018,20409,N292JB,1837,1072102,BOS,1143302,DTW,2039,-2,2235,-10,4.030194512
1262,08/05/2018,20409,N206JB,1840,1104205,CLE,1072102,BOS,548,3,728,1,4.030194512
1263,08/05/2018,20409,N179JB,1841,1072102,BOS,1104205,CLE,2005,-5,2154,-16,4.030194512
1264,08/05/2018,20409,N375JB,1853,1245102,JAX,1169706,FLL,1101,4,1213,-3,4.030194512
1265,08/05/2018,20409,N187JB,1885,1072102,BOS,1412202,PIT,1756,0,1928,-18,4.030194512
1266,08/05/2018,20409,N187JB,1886,1412202,PIT,1072102,BOS,2012,-9,2143,-9,4.030194512
1267,08/05/2018,20409,N184JB,1887,1393305,ORH,1320402,MCO,1653,-8,1944,-15,4.030194512
1268,08/05/2018,20409,N184JB,1888,1320402,MCO,1393305,ORH,1335,-5,1617,-9,4.030194512
1269,08/05/2018,20409,N956JB,1889,1247805,JFK,1320402,MCO,1736,-4,2021,-28,4.030194512
1270,08/05/2018,20409,N507JB,1895,1219702,HPN,1320402,MCO,623,-7,854,-12,4.030194512
1271,08/05/2018,20409,N258JB,1901,1079206,BUF,1247805,JFK,1135,-4,1250,-9,4.030194512
1272,08/05/2018,20409,N565JB,1903,1247805,JFK,1484306,SJU,2201,31,151,15,0
1273,08/05/2018,20409,N612JB,1904,1484306,SJU,1247805,JFK,348,62,731,59,0
1274,08/05/2018,20409,N606JB,1905,1161802,EWR,1169706,FLL,2050,-9,2342,-20,4.030194512
1275,08/05/2018,20409,N603JB,1906,1069302,BNA,1072102,BOS,1933,-4,2300,-5,4.030194512
1276,08/05/2018,20409,N603JB,1907,1072102,BOS,1069302,BNA,1700,-3,1840,-17,4.030194512
1277,08/05/2018,20409,N521JB,1925,1483106,SJC,1295406,LGB,1635,-5,1742,-14,4.030194512
1278,08/05/2018,20409,N521JB,1926,1295406,LGB,1483106,SJC,1453,3,1557,-3,4.030194512
1279,08/05/2018,20409,N274JB,1927,1072102,BOS,1082106,BWI,1405,11,1538,10,4.030194512
1280,08/05/2018,20409,N632JB,512,1042302,AUS,1169706,FLL,1112,-5,1449,-20,4.030194512
1281,08/05/2018,20409,N521JB,514,1295406,LGB,1247805,JFK,1851,345,258,326,0
1282,08/05/2018,20409,N197JB,515,1072102,BOS,1079206,BUF,715,-5,835,-18,4.030194512
1283,08/05/2018,20409,N947JB,516,1477104,SFO,1247805,JFK,1353,36,2213,15,0
1284,08/05/2018,20409,N562JB,519,1247805,JFK,1039707,ATL,756,22,1002,1,4.030194512
1285,08/05/2018,20409,N562JB,520,1039707,ATL,1247805,JFK,1048,7,1254,-5,4.030194512
1286,08/05/2018,20409,N935JB,523,1247805,JFK,1289208,LAX,1237,0,1511,-24,4.030194512
1287,08/05/2018,20409,N990JB,524,1289208,LAX,1247805,JFK,1240,-3,2043,-34,4.030194512
1288,08/05/2018,20409,N564JB,525,1247805,JFK,1530402,TPA,604,5,845,10,4.030194512
1289,08/05/2018,20409,N775JB,529,1169706,FLL,1467903,SAN,1735,-5,1939,-13,4.030194512
1290,08/05/2018,20409,N775JB,530,1467903,SAN,1169706,FLL,2054,-2,459,1,4.030194512
1291,08/05/2018,20409,N804JB,531,1486903,SLC,1295406,LGB,1906,-5,1947,-9,4.030194512
1292,08/05/2018,20409,N804JB,532,1295406,LGB,1486903,SLC,1550,0,1822,-8,4.030194512
1293,08/05/2018,20409,N534JB,533,1052906,BDL,1530402,TPA,1330,2,1614,-12,4.030194512
1294,08/05/2018,20409,N969JB,534,1477104,SFO,1072102,BOS,1342,-10,2213,-24,4.030194512
1295,08/05/2018,20409,N228JB,535,1507002,SWF,1169706,FLL,1939,-10,2233,-22,4.030194512
1296,08/05/2018,20409,N228JB,536,1169706,FLL,1507002,SWF,1600,-8,1850,-24,4.030194512
1297,08/05/2018,20409,N608JB,537,1052906,BDL,1320402,MCO,1743,1,2031,-7,4.030194512
1298,08/05/2018,20409,N828JB,543,1161802,EWR,1402702,PBI,1922,0,2206,-11,4.030194512
1299,08/05/2018,20409,N178JB,548,1530402,TPA,1219702,HPN,1950,95,2233,87,0
1300,08/05/2018,20409,N329JB,549,1127805,DCA,1530402,TPA,1257,-3,1505,-17,4.030194512
1301,08/05/2018,20409,N965JB,553,1247805,JFK,1402702,PBI,2028,22,2314,-1,4.030194512
1302,08/05/2018,20409,N203JB,554,1127805,DCA,1072102,BOS,1435,7,1548,-12,4.030194512
1303,08/05/2018,20409,N621JB,561,1072102,BOS,1484306,SJU,1602,-3,1952,-12,4.030194512
1304,08/05/2018,20409,N621JB,562,1484306,SJU,1072102,BOS,2050,-9,23,-33,4.030194512
1305,08/05/2018,20409,N656JB,563,1393006,ORD,1169706,FLL,730,30,1131,23,0
1306,08/05/2018,20409,N656JB,563,1169706,FLL,1484306,SJU,1250,50,1520,40,31
1307,08/05/2018,20409,N630JB,566,1484306,SJU,1169706,FLL,1808,17,2055,28,0
1308,08/05/2018,20409,N703JB,567,1039707,ATL,1169706,FLL,1417,-2,1609,-8,4.030194512
1309,08/05/2018,20409,N809JB,568,1169706,FLL,1039707,ATL,2042,-7,2218,-22,4.030194512
1310,08/05/2018,20409,N775JB,569,1072102,BOS,1169706,FLL,646,1,1004,-7,4.030194512
1311,08/05/2018,20409,N834JB,570,1169706,FLL,1072102,BOS,1322,6,1619,-11,4.030194512
1312,08/05/2018,20409,N763JB,573,1161802,EWR,1530402,TPA,555,-6,855,9,4.030194512
1313,08/05/2018,20409,N763JB,574,1530402,TPA,1161802,EWR,939,10,1229,14,4.030194512
1314,08/05/2018,20409,N590JB,575,1247805,JFK,1349505,MSY,1427,-2,1632,-18,4.030194512
1315,08/05/2018,20409,N590JB,576,1349505,MSY,1247805,JFK,1751,13,2143,-9,4.030194512
1316,08/05/2018,20409,N947JB,577,1169706,FLL,1477104,SFO,940,34,1241,36,0
1317,08/05/2018,20409,N983JB,578,1477104,SFO,1169706,FLL,843,-12,1705,-37,4.030194512
1318,08/05/2018,20409,N547JB,581,1247805,JFK,1219102,HOU,1448,18,1714,-17,4.030194512
1319,08/05/2018,20409,N907JB,583,1247805,JFK,1320402,MCO,708,8,950,4,4.030194512
1320,08/05/2018,20409,N957JB,584,1320402,MCO,1247805,JFK,1357,4,1614,-16,4.030194512
1321,08/05/2018,20409,N324JB,586,1247805,JFK,1457606,ROC,1625,141,1742,131,0
1322,08/05/2018,20409,N190JB,589,1127805,DCA,1245102,JAX,904,-9,1108,-12,4.030194512
1323,08/05/2018,20409,N231JB,590,1127805,DCA,1099402,CHS,1251,1,1427,0,4.030194512
1324,08/05/2018,20409,N247JB,593,1015405,ACK,1127805,DCA,1334,12,1502,2,4.030194512
1325,08/05/2018,20409,N247JB,594,1127805,DCA,1015405,ACK,1104,-11,1242,2,4.030194512
1326,08/05/2018,20409,N967JB,597,1072102,BOS,1474703,SEA,700,5,951,-18,4.030194512
1327,08/05/2018,20409,N967JB,598,1474703,SEA,1072102,BOS,1112,-8,1919,-26,4.030194512
1328,08/05/2018,20409,N317JB,599,1052906,BDL,1127805,DCA,1928,-6,2041,-18,4.030194512
1329,08/05/2018,20409,N958JB,601,1247805,JFK,1169706,FLL,559,19,853,16,0
1330,08/05/2018,20409,N605JB,602,1410702,PHX,1072102,BOS,2343,-10,747,-3,4.030194512
1331,08/05/2018,20409,N638JB,603,1072102,BOS,1410702,PHX,1908,-3,2127,-26,4.030194512
1332,08/05/2018,20409,N903JB,611,1247805,JFK,1288903,LAS,1926,-4,2159,-29,4.030194512
1333,08/05/2018,20409,N942JB,615,1247805,JFK,1477104,SFO,1139,10,1504,8,4.030194512
1334,08/05/2018,20409,N985JB,616,1477104,SFO,1247805,JFK,1533,-7,2349,-25,4.030194512
1335,08/05/2018,20409,N944JB,624,1289208,LAX,1247805,JFK,1415,30,2234,16,0
1336,08/05/2018,20409,N355JB,626,1082106,BWI,1072102,BOS,1024,-8,1139,-16,4.030194512
1337,08/05/2018,20409,N640JB,629,1320402,MCO,1073203,BQN,2216,16,105,19,0
1338,08/05/2018,20409,N796JB,630,1073203,BQN,1320402,MCO,217,17,444,-2,4.030194512
1339,08/05/2018,20409,N993JB,633,1072102,BOS,1477104,SFO,1601,16,1934,8,4.030194512
1340,08/05/2018,20409,N374JB,640,1104205,CLE,1072102,BOS,1932,21,2120,29,0
1341,08/05/2018,20409,N374JB,641,1072102,BOS,1104205,CLE,1718,43,1858,22,0
1342,08/05/2018,20409,N827JB,644,1402702,PBI,1161802,EWR,612,-5,852,-12,4.030194512
1343,08/05/2018,20409,N375JB,645,1452401,RIC,1169706,FLL,1841,-2,2054,-10,4.030194512
1344,08/05/2018,20409,N375JB,646,1169706,FLL,1452401,RIC,1542,-11,1802,-6,4.030194512
1345,08/05/2018,20409,N627JB,647,1072102,BOS,1486903,SLC,1814,3,2132,-8,4.030194512
1346,08/05/2018,20409,N627JB,648,1486903,SLC,1072102,BOS,2224,-6,444,-22,4.030194512
1347,08/05/2018,20409,N534JB,655,1509602,SYR,1320402,MCO,620,-5,909,1,4.030194512
1348,08/05/2018,20409,N827JB,656,1320402,MCO,1509602,SYR,2012,-10,2248,-12,4.030194512
1349,08/05/2018,20409,N517JB,657,1104205,CLE,1169706,FLL,715,-5,956,-14,4.030194512
1350,08/05/2018,20409,N563JB,658,1169706,FLL,1104205,CLE,2101,20,2339,9,4.030194512
1351,08/05/2018,20409,N334JB,660,1410005,PHL,1072102,BOS,1823,112,1935,94,0
1352,08/05/2018,20409,N608JB,667,1320402,MCO,1425404,PSE,2126,3,13,-2,4.030194512
1353,08/05/2018,20409,N779JB,668,1425404,PSE,1320402,MCO,410,165,650,149,0
1354,08/05/2018,20409,N957JB,669,1247805,JFK,1483106,SJC,1737,-3,2112,-11,4.030194512
1355,08/05/2018,20409,N957JB,670,1483106,SJC,1247805,JFK,2255,-4,735,5,4.030194512
1356,08/05/2018,20409,N358JB,671,1393305,ORH,1247805,JFK,553,-11,655,-6,4.030194512
1357,08/05/2018,20409,N661JB,672,1169706,FLL,1295304,LGA,1736,-8,2011,-39,4.030194512
1358,08/05/2018,20409,N526JB,675,1247805,JFK,1349505,MSY,713,-9,919,-14,4.030194512
1359,08/05/2018,20409,N265JB,676,1247805,JFK,1393305,ORH,2222,-8,2345,4,4.030194512
1360,08/05/2018,20409,N612JB,677,1247805,JFK,1245102,JAX,825,-5,1040,-21,4.030194512
1361,08/05/2018,20409,N612JB,678,1245102,JAX,1247805,JFK,1142,-2,1358,-2,4.030194512
1362,08/05/2018,20409,N705JB,680,1295406,LGB,1288903,LAS,1257,-4,1354,-18,4.030194512
1363,08/05/2018,20409,N274JB,682,1452401,RIC,1072102,BOS,2021,-18,2146,-24,4.030194512
1364,08/05/2018,20409,N324JB,685,1457606,ROC,1247805,JFK,1818,129,1929,119,0
1365,08/05/2018,20409,N991JB,687,1072102,BOS,1289208,LAX,1906,-8,2213,-33,4.030194512
1366,08/05/2018,20409,N984JB,688,1289208,LAX,1072102,BOS,1510,-8,2359,4,4.030194512
1367,08/05/2018,20409,N203JB,689,1072102,BOS,1127805,DCA,1230,15,1355,2,4.030194512
1368,08/05/2018,20409,N903JB,690,1320402,MCO,1247805,JFK,1506,-9,1723,-36,4.030194512
1369,08/05/2018,20409,N554JB,694,1169706,FLL,1082106,BWI,2213,30,47,33,0
1370,08/05/2018,20409,N353JB,695,1219702,HPN,1320402,MCO,2036,-13,2257,-27,4.030194512
1371,08/05/2018,20409,N646JB,696,1039707,ATL,1072102,BOS,1710,-7,1929,-34,4.030194512
1372,08/05/2018,20409,N646JB,697,1072102,BOS,1039707,ATL,1333,-7,1612,-20,4.030194512
1373,08/05/2018,20409,N656JB,698,1320402,MCO,1295304,LGA,1958,46,2229,30,0
1374,08/05/2018,20409,N247JB,699,1052906,BDL,1127805,DCA,846,-10,1000,-21,4.030194512
1375,08/05/2018,20409,N982JB,700,1289208,LAX,1169706,FLL,755,5,1553,-15,4.030194512
1376,08/05/2018,20409,N986JB,701,1169706,FLL,1289208,LAX,1053,12,1302,-1,4.030194512
1377,08/05/2018,20409,N258JB,702,1247805,JFK,1079206,BUF,933,-6,1044,-20,4.030194512
1378,08/05/2018,20409,N612JB,703,1247805,JFK,1484306,SJU,1506,21,1858,15,0
1379,08/05/2018,20409,N612JB,704,1484306,SJU,1247805,JFK,1944,16,2322,4,4.030194512
1380,08/05/2018,20409,N586JB,705,1161802,EWR,1169706,FLL,1451,0,1803,4,4.030194512
1381,08/05/2018,20409,N709JB,706,1169706,FLL,1161802,EWR,1854,-4,2142,-19,4.030194512
1382,08/05/2018,20409,N923JB,711,1247805,JFK,1288903,LAS,2117,10,2339,-19,4.030194512
1383,08/05/2018,20409,N579JB,714,1129806,DFW,1072102,BOS,1843,11,2313,-2,4.030194512
1384,08/05/2018,20409,N279JB,716,1245102,JAX,1127805,DCA,1613,-8,1823,14,4.030194512
1385,08/05/2018,20409,N229JB,717,1072102,BOS,1247805,JFK,947,-3,1048,-16,4.030194512
1386,08/05/2018,20409,N323JB,718,1247805,JFK,1072102,BOS,2254,-1,8,-6,4.030194512
1387,08/05/2018,20409,N587JB,719,1247805,JFK,1039707,ATL,1502,3,1728,-16,4.030194512
1388,08/05/2018,20409,N587JB,720,1039707,ATL,1247805,JFK,1819,-6,2032,-13,4.030194512
1389,08/05/2018,20409,N523JB,721,1072102,BOS,1402702,PBI,749,35,1045,15,0
1390,08/05/2018,20409,N649JB,722,1402702,PBI,1072102,BOS,1139,-10,1429,-25,4.030194512
1391,08/05/2018,20409,N317JB,724,1320402,MCO,1127805,DCA,1440,-5,1644,-15,4.030194512
1392,08/05/2018,20409,N729JB,725,1483106,SJC,1295406,LGB,1900,0,2010,-5,4.030194512
1393,08/05/2018,20409,N729JB,726,1295406,LGB,1483106,SJC,1708,-2,1815,-5,4.030194512
1394,08/05/2018,20409,N183JB,727,1072102,BOS,1082106,BWI,615,5,738,-3,4.030194512
1395,08/05/2018,20409,N598JB,729,1320402,MCO,1073203,BQN,703,-2,947,-6,4.030194512
1396,08/05/2018,20409,N598JB,730,1073203,BQN,1320402,MCO,1029,-4,1304,-22,4.030194512
1397,08/05/2018,20409,N598JB,733,1320402,MCO,1484306,SJU,1413,2,1705,-1,4.030194512
1398,08/05/2018,20409,N656JB,734,1484306,SJU,1320402,MCO,1607,42,1902,35,0
1399,08/05/2018,20409,N729JB,735,1477104,SFO,1295406,LGB,607,7,733,3,4.030194512
1400,08/05/2018,20409,N521JB,736,1295406,LGB,1477104,SFO,1018,-10,1144,-13,4.030194512
1401,08/05/2018,20409,N633JB,737,1052906,BDL,1320402,MCO,656,-9,941,-12,4.030194512
1402,08/05/2018,20409,N789JB,745,1247805,JFK,1425404,PSE,2154,31,152,17,0
1403,08/05/2018,20409,N587JB,746,1425404,PSE,1247805,JFK,246,1,703,21,0
1404,08/05/2018,20409,N923JB,748,1288903,LAS,1247805,JFK,1058,-16,1850,-28,4.030194512
1405,08/05/2018,20409,N339JB,760,1410005,PHL,1072102,BOS,2058,73,2208,58,0
1406,08/05/2018,20409,N625JB,761,1295304,LGA,1402702,PBI,1644,14,1924,-18,4.030194512
1407,08/05/2018,20409,N353JB,767,1320402,MCO,1425404,PSE,2358,-1,252,-3,4.030194512
1408,08/05/2018,20409,N197JB,783,1072102,BOS,1449202,RDU,1609,-1,1757,-14,4.030194512
1409,08/05/2018,20409,N351JB,785,1247805,JFK,1449202,RDU,1205,5,1350,3,4.030194512
1410,08/05/2018,20409,N351JB,786,1449202,RDU,1247805,JFK,1430,8,1556,-2,4.030194512
1411,08/05/2018,20409,N950JB,789,1247805,JFK,1320402,MCO,1227,67,1515,60,0
1412,08/05/2018,20409,N247JB,790,1127805,DCA,1072102,BOS,1724,109,1844,93,0
1413,08/05/2018,20409,N630JB,794,1042302,AUS,1247805,JFK,553,3,1028,-3,4.030194512
1414,08/05/2018,20409,N805JB,795,1247805,JFK,1042302,AUS,847,-4,1120,-28,4.030194512
1415,08/05/2018,20409,N746JB,796,1039707,ATL,1072102,BOS,2012,16,2247,8,4.030194512
1416,08/05/2018,20409,N746JB,797,1072102,BOS,1039707,ATL,1650,29,1929,13,4.030194512
1417,08/05/2018,20409,N247JB,798,1127805,DCA,1052906,BDL,655,-10,811,-10,4.030194512
1418,08/05/2018,20409,N659JB,801,1320402,MCO,1486903,SLC,2007,21,2234,9,4.030194512
1419,08/05/2018,20409,N659JB,802,1486903,SLC,1320402,MCO,2342,27,558,22,0
1420,08/05/2018,20409,N630JB,803,1247805,JFK,1484306,SJU,1332,33,1722,24,0
1421,08/05/2018,20409,N519JB,811,1161802,EWR,1463502,RSW,645,-4,934,-13,4.030194512
1422,08/05/2018,20409,N519JB,812,1463502,RSW,1161802,EWR,1020,-7,1301,-21,4.030194512
1423,08/05/2018,20409,N588JB,813,1219702,HPN,1169706,FLL,1830,-5,2119,-16,4.030194512
1424,08/05/2018,20409,N192JB,814,1169706,FLL,1219702,HPN,1926,-9,2211,-18,4.030194512
1425,08/05/2018,20409,N193JB,815,1072102,BOS,1079206,BUF,1831,-11,1959,-17,4.030194512
1426,08/05/2018,20409,N197JB,816,1079206,BUF,1072102,BOS,909,-19,1030,-17,4.030194512
1427,08/05/2018,20409,N317JB,823,1127805,DCA,1320402,MCO,1141,-4,1400,-6,4.030194512
1428,08/05/2018,20409,N216JB,824,1320402,MCO,1127805,DCA,1853,7,2106,7,4.030194512
1429,08/05/2018,20409,N644JB,825,1483106,SJC,1295406,LGB,831,-10,943,-15,4.030194512
1430,08/05/2018,20409,N644JB,826,1295406,LGB,1483106,SJC,640,-10,755,-6,4.030194512
1431,08/05/2018,20409,N519JB,828,1320402,MCO,1161802,EWR,1729,-2,2026,7,4.030194512
1432,08/05/2018,20409,N236JB,832,1295304,LGA,1072102,BOS,1346,-9,1441,-40,4.030194512
1433,08/05/2018,20409,N980JB,833,1072102,BOS,1477104,SFO,1808,0,2138,-19,4.030194512
1434,08/05/2018,20409,N993JB,834,1477104,SFO,1072102,BOS,2036,0,450,-18,4.030194512
1435,08/05/2018,20409,N503JB,835,1072102,BOS,1348702,MSP,556,-4,814,3,4.030194512
1436,08/05/2018,20409,N503JB,836,1348702,MSP,1072102,BOS,928,-9,1305,-20,4.030194512
1437,08/05/2018,20409,N905JB,838,1073203,BQN,1247805,JFK,709,119,1043,103,0
1438,08/05/2018,20409,N913JB,839,1247805,JFK,1073203,BQN,34,38,420,30,0
1439,08/05/2018,20409,N374JB,840,1509602,SYR,1072102,BOS,520,-8,620,-10,4.030194512
1440,08/05/2018,20409,N634JB,841,1247805,JFK,1468502,SAV,626,-4,847,8,4.030194512
1441,08/05/2018,20409,N634JB,842,1468502,SAV,1247805,JFK,956,-10,1150,-15,4.030194512
1442,08/05/2018,20409,N231JB,844,1099402,CHS,1127805,DCA,1053,7,1214,2,4.030194512
1443,08/05/2018,20409,N324JB,845,1072102,BOS,1509602,SYR,2242,7,2350,5,4.030194512
1444,08/05/2018,20409,N239JB,846,1320402,MCO,1507002,SWF,1342,-7,1622,-18,4.030194512
1445,08/05/2018,20409,N279JB,854,1127805,DCA,1072102,BOS,1906,20,2021,1,4.030194512
1446,08/05/2018,20409,N197JB,859,1072102,BOS,1410005,PHL,1139,-7,1246,-33,4.030194512
1447,08/05/2018,20409,N292JB,860,1410005,PHL,1072102,BOS,535,-10,638,-26,4.030194512
1448,08/05/2018,20409,N638JB,861,1072102,BOS,1484306,SJU,708,3,1052,-12,4.030194512
1449,08/05/2018,20409,N603JB,862,1484306,SJU,1072102,BOS,351,-4,737,-20,4.030194512
1450,08/05/2018,20409,N229JB,863,1225002,HYA,1247805,JFK,1322,-2,1421,-7,4.030194512
1451,08/05/2018,20409,N229JB,864,1247805,JFK,1225002,HYA,1139,-2,1240,-6,4.030194512
1452,08/05/2018,20409,N603JB,865,1072102,BOS,1463502,RSW,853,-7,1207,-22,4.030194512
1453,08/05/2018,20409,N524JB,877,1072102,BOS,1288903,LAS,1653,13,1942,2,4.030194512
1454,08/05/2018,20409,N524JB,878,1288903,LAS,1072102,BOS,2303,87,658,79,0
1455,08/05/2018,20409,N521JB,880,1295406,LGB,1288903,LAS,635,-10,753,0,4.030194512
1456,08/05/2018,20409,N970JB,883,1247805,JFK,1320402,MCO,1535,6,1818,-16,4.030194512
1457,08/05/2018,20409,N265JB,885,1247805,JFK,1449202,RDU,912,88,1038,68,0
1458,08/05/2018,20409,N265JB,886,1449202,RDU,1247805,JFK,1118,73,1243,66,0
1459,08/05/2018,20409,N231JB,890,1127805,DCA,1072102,BOS,1731,7,1903,4,4.030194512
1460,08/05/2018,20409,N579JB,891,1072102,BOS,1530402,TPA,651,3,946,-15,4.030194512
1461,08/05/2018,20409,N579JB,892,1530402,TPA,1072102,BOS,1054,8,1347,-1,4.030194512
1462,08/05/2018,20409,N793JB,905,1247805,JFK,1393006,ORD,605,-10,747,-2,4.030194512
1463,08/05/2018,20409,N358JB,906,1393006,ORD,1247805,JFK,1105,18,1410,10,4.030194512
1464,08/05/2018,20409,N266JB,913,1219702,HPN,1169706,FLL,753,-7,1109,11,4.030194512
1465,08/05/2018,20409,N588JB,914,1169706,FLL,1219702,HPN,745,-10,1026,-24,4.030194512
1466,08/05/2018,20409,N929JB,915,1247805,JFK,1477104,SFO,1620,5,2006,6,4.030194512
1467,08/05/2018,20409,N929JB,916,1477104,SFO,1247805,JFK,2109,-1,523,-15,4.030194512
1468,08/05/2018,20409,N324JB,917,1072102,BOS,1247805,JFK,516,-4,616,-9,4.030194512
1469,08/05/2018,20409,N324JB,918,1247805,JFK,1072102,BOS,2014,129,2131,116,0
1470,08/05/2018,20409,N827JB,927,1161802,EWR,1320402,MCO,936,-8,1220,-7,4.030194512
1471,08/05/2018,20409,N591JB,929,1247805,JFK,1463502,RSW,657,-3,952,-11,4.030194512
1472,08/05/2018,20409,N591JB,930,1463502,RSW,1247805,JFK,1054,-4,1333,-11,4.030194512
1473,08/05/2018,20409,N547JB,932,1219102,HOU,1072102,BOS,1804,-7,2253,-6,4.030194512
1474,08/05/2018,20409,N329JB,933,1320402,MCO,1484306,SJU,2200,8,104,23,0
1475,08/05/2018,20409,N593JB,943,1169706,FLL,1295406,LGB,1907,-8,2124,-11,4.030194512
1476,08/05/2018,20409,N594JB,944,1295406,LGB,1169706,FLL,2126,49,522,41,0
1477,08/05/2018,20409,N506JB,947,1474703,SEA,1029906,ANC,2112,13,2342,9,4.030194512
1478,08/05/2018,20409,N937JB,948,1288903,LAS,1247805,JFK,649,-9,1444,-15,4.030194512
1479,08/05/2018,20409,N907JB,951,1072102,BOS,1320402,MCO,1457,11,1805,7,4.030194512
1480,08/05/2018,20409,N535JB,952,1320402,MCO,1072102,BOS,1400,44,1639,25,0
1481,08/05/2018,20409,N703JB,953,1169706,FLL,1484306,SJU,2346,-13,221,-13,4.030194512
1482,08/05/2018,20409,N504JB,954,1484306,SJU,1169706,FLL,515,15,740,0,4.030194512
1483,08/05/2018,20409,N563JB,959,1052906,BDL,1169706,FLL,815,-4,1107,-16,4.030194512
1484,08/05/2018,20409,N633JB,969,1452401,RIC,1320402,MCO,1435,55,1634,52,0
1485,08/05/2018,20409,N633JB,970,1320402,MCO,1452401,RIC,1120,16,1316,16,0
1486,08/05/2018,20409,N715JB,971,1295304,LGA,1169706,FLL,938,-7,1216,-43,4.030194512
1487,08/05/2018,20409,N834JB,976,1169706,FLL,1410005,PHL,2134,3,4,-14,4.030194512
1488,08/05/2018,20409,N187JB,984,1449202,RDU,1072102,BOS,1521,-5,1708,-13,4.030194512
1489,08/05/2018,20409,N967JB,987,1072102,BOS,1289208,LAX,2049,-6,26,7,4.030194512
1490,08/05/2018,20409,N991JB,988,1289208,LAX,1072102,BOS,2349,-7,836,0,4.030194512
1491,08/05/2018,20409,N231JB,989,1099402,CHS,1127805,DCA,1506,3,1647,14,4.030194512
1492,08/05/2018,20409,N952JB,990,1320402,MCO,1247805,JFK,619,-6,908,14,4.030194512
1493,08/05/2018,20409,N655JB,992,1530402,TPA,1072102,BOS,1409,-4,1707,-11,4.030194512
1494,08/05/2018,20409,N599JB,993,1072102,BOS,1129202,DEN,1859,-1,2123,-14,4.030194512
1495,08/05/2018,20409,N599JB,994,1129202,DEN,1072102,BOS,2216,-11,348,-31,4.030194512
1496,08/05/2018,20409,N646JB,997,1072102,BOS,1039707,ATL,2105,-5,2325,-30,4.030194512
1497,08/05/2018,20409,N505JB,998,1029906,ANC,1474703,SEA,305,126,722,122,0
1498,08/05/2018,20409,N258JB,1001,1079206,BUF,1247805,JFK,2042,-13,2207,-13,4.030194512
1499,08/05/2018,20409,N506JB,1006,1295406,LGB,1474703,SEA,1744,3,2018,-1,4.030194512
1500,08/05/2018,20409,N505JB,1007,1474703,SEA,1295406,LGB,822,140,1059,141,0
1501,08/05/2018,20409,N203JB,1011,1072102,BOS,1393006,ORD,1657,-6,1907,3,4.030194512
1502,08/05/2018,20409,N307JB,1012,1393006,ORD,1072102,BOS,943,18,1254,9,4.030194512
1503,08/05/2018,20409,N592JB,1013,1247805,JFK,1295406,LGB,1725,-5,2013,-35,4.030194512
1504,08/05/2018,20409,N273JB,1017,1245102,JAX,1169706,FLL,633,-7,747,-6,4.030194512
1505,08/05/2018,20409,N375JB,1018,1169706,FLL,1245102,JAX,903,-2,1007,-15,4.030194512
1506,08/05/2018,20409,N746JB,1022,1402702,PBI,1072102,BOS,543,-2,828,-17,4.030194512
1507,08/05/2018,20409,N329JB,1023,1127805,DCA,1320402,MCO,1848,-3,2056,-15,4.030194512
1508,08/05/2018,20409,N328JB,1027,1072102,BOS,1082106,BWI,1735,-12,1941,15,0
1509,08/05/2018,20409,N337JB,1028,1320402,MCO,1161802,EWR,1744,196,2021,181,0
1510,08/05/2018,20409,N607JB,1031,1072102,BOS,1219102,HOU,722,0,1014,-19,4.030194512
1511,08/05/2018,20409,N316JB,1033,1320402,MCO,1484306,SJU,501,-4,750,-4,4.030194512
1512,08/05/2018,20409,N354JB,1034,1484306,SJU,1320402,MCO,41,221,322,209,0
1513,08/05/2018,20409,N638JB,1035,1502403,STT,1484306,SJU,1251,-12,1323,-19,4.030194512
1514,08/05/2018,20409,N273JB,1036,1484306,SJU,1502403,STT,1432,22,1501,16,0
1515,08/05/2018,20409,N571JB,1038,1042302,AUS,1072102,BOS,1840,-5,2333,-9,4.030194512
1516,08/05/2018,20409,N632JB,1039,1072102,BOS,1042302,AUS,714,-1,1004,-28,4.030194512
1517,08/05/2018,20409,N597JB,1041,1247805,JFK,1468502,SAV,1632,-6,1847,-24,4.030194512
1518,08/05/2018,20409,N597JB,1042,1468502,SAV,1247805,JFK,1940,-11,2201,-2,4.030194512
1519,08/05/2018,20409,N231JB,1043,1127805,DCA,1099402,CHS,829,-1,1009,2,4.030194512
1520,08/05/2018,20409,N662JB,1052,1484306,SJU,1530402,TPA,1102,-5,1346,-15,4.030194512
1521,08/05/2018,20409,N586JB,1053,1169706,FLL,1484306,SJU,644,-4,916,-6,4.030194512
1522,08/05/2018,20409,N334JB,1059,1072102,BOS,1410005,PHL,1635,138,1748,112,0
1523,08/05/2018,20409,N603JB,1066,1463502,RSW,1072102,BOS,1309,-1,1602,-16,4.030194512
1524,08/05/2018,20409,N536JB,1070,1169706,FLL,1072102,BOS,1939,-10,2235,-25,4.030194512
1525,08/05/2018,20409,N640JB,1075,1430705,PVD,1320402,MCO,1818,3,2109,0,4.030194512
1526,08/05/2018,20409,N640JB,1076,1320402,MCO,1430705,PVD,1443,-4,1739,4,4.030194512
1527,08/05/2018,20409,N991JB,1077,1072102,BOS,1288903,LAS,600,0,836,-7,4.030194512
1528,08/05/2018,20409,N989JB,1078,1288903,LAS,1072102,BOS,705,-15,1450,-37,4.030194512
1529,08/05/2018,20409,N506JB,1936,1295406,LGB,1477104,SFO,1225,-4,1344,-12,4.030194512
1530,08/05/2018,20409,N569JB,1944,1402702,PBI,1161802,EWR,1705,-6,1946,-23,4.030194512
1531,08/05/2018,20409,N950JB,1951,1072102,BOS,1320402,MCO,2038,68,2331,51,0
1532,08/05/2018,20409,N703JB,1954,1484306,SJU,1169706,FLL,2016,-8,2244,-16,4.030194512
1533,08/05/2018,20409,N649JB,1967,1219702,HPN,1402702,PBI,726,-4,958,-18,4.030194512
1534,08/05/2018,20409,N588JB,1968,1402702,PBI,1219702,HPN,1500,0,1731,-22,4.030194512
1535,08/05/2018,20409,N779JB,1973,1161802,EWR,1530402,TPA,1453,-7,1742,-12,4.030194512
1536,08/05/2018,20409,N266JB,1979,1127805,DCA,1169706,FLL,1815,110,2041,94,94
1537,08/05/2018,20409,N705JB,1980,1295406,LGB,1288903,LAS,1856,129,2000,126,0
1538,08/05/2018,20409,N328JB,1986,1412202,PIT,1072102,BOS,520,-10,654,-9,4.030194512
1539,08/05/2018,20409,N503JB,1991,1072102,BOS,1530402,TPA,1409,-1,1707,-22,4.030194512
1540,08/05/2018,20409,N643JB,1992,1530402,TPA,1072102,BOS,811,-9,1055,-27,4.030194512
1541,08/05/2018,20409,N236JB,1998,1320402,MCO,1295304,LGA,951,-9,1214,-19,4.030194512
1542,08/05/2018,20409,N351JB,2001,1079206,BUF,1247805,JFK,524,-11,641,-16,4.030194512
1543,08/05/2018,20409,N229JB,2002,1247805,JFK,1079206,BUF,2344,59,48,32,0
1544,08/05/2018,20409,N531JB,2006,1169706,FLL,1161802,EWR,636,-4,918,-14,4.030194512
1545,08/05/2018,20409,N536JB,2007,1412202,PIT,1169706,FLL,634,4,901,-7,4.030194512
1546,08/05/2018,20409,N517JB,2008,1169706,FLL,1412202,PIT,2003,-7,2239,-8,4.030194512
1547,08/05/2018,20409,N231JB,2009,1072102,BOS,1245102,JAX,1946,29,2213,2,4.030194512
1548,08/05/2018,20409,N304JB,2019,1393305,ORH,1169706,FLL,1824,-8,2119,-20,4.030194512
1549,08/05/2018,20409,N304JB,2020,1169706,FLL,1393305,ORH,1443,-9,1735,-22,4.030194512
1550,08/05/2018,20409,N978JB,2024,1289208,LAX,1247805,JFK,12,-1,838,-1,4.030194512
1551,08/05/2018,20409,N640JB,2028,1320402,MCO,1161802,EWR,757,-3,1033,-1,4.030194512
1552,08/05/2018,20409,N292JB,2036,1143302,DTW,1072102,BOS,1030,-10,1216,-12,4.030194512
1553,08/05/2018,20409,N796JB,2043,1161802,EWR,1402702,PBI,914,-3,1202,-13,4.030194512
1554,08/05/2018,20409,N625JB,2044,1402702,PBI,1161802,EWR,2016,-14,2254,-25,4.030194512
1555,08/05/2018,20409,N281JB,2067,1219702,HPN,1402702,PBI,1557,22,1837,11,4.030194512
1556,08/05/2018,20409,N606JB,2074,1530402,TPA,1161802,EWR,1701,-7,1942,-17,4.030194512
1557,08/05/2018,20409,N705JB,2079,1288903,LAS,1295406,LGB,2056,142,2152,135,0
1558,08/05/2018,20409,N306JB,2080,1169706,FLL,1127805,DCA,2010,43,2232,32,0
1559,08/05/2018,20409,N821JB,2089,1247805,JFK,1320402,MCO,809,4,1047,-8,4.030194512
1560,08/05/2018,20409,N633JB,2090,1320402,MCO,1247805,JFK,1728,42,1948,15,0
1561,08/05/2018,20409,N346JB,2091,1247805,JFK,1015405,ACK,1455,-4,1605,-20,4.030194512
1562,08/05/2018,20409,N346JB,2092,1015405,ACK,1247805,JFK,1714,-6,1809,-21,4.030194512
1563,08/05/2018,20409,N258JB,2101,1079206,BUF,1247805,JFK,736,-9,852,-12,4.030194512
1564,08/05/2018,20409,N279JB,2115,1127805,DCA,1245102,JAX,1339,-6,1527,-19,4.030194512
1565,08/05/2018,20409,N228JB,2116,1245102,JAX,1127805,DCA,1017,-8,1154,-18,4.030194512
1566,08/05/2018,20409,N796JB,2128,1320402,MCO,1161802,EWR,553,-8,827,-7,4.030194512
1567,08/05/2018,20409,N506JB,2135,1477104,SFO,1295406,LGB,1444,8,1605,-3,4.030194512
1568,08/05/2018,20409,N962JB,2136,1295406,LGB,1477104,SFO,2154,385,2320,388,0
1569,08/05/2018,20409,N523JB,2168,1402702,PBI,1219702,HPN,1858,17,2128,-3,4.030194512
1570,08/05/2018,20409,N284JB,2184,1449202,RDU,1072102,BOS,859,-11,1040,-24,4.030194512
1571,08/05/2018,20409,N956JB,2190,1320402,MCO,1247805,JFK,2153,3,27,6,4.030194512
1572,08/05/2018,20409,N267JB,2215,1072102,BOS,1079206,BUF,1033,17,1153,7,4.030194512
1573,08/05/2018,20409,N274JB,2216,1079206,BUF,1072102,BOS,554,-10,712,-11,4.030194512
1574,08/05/2018,20409,N368JB,2224,1320402,MCO,1127805,DCA,1424,179,1642,186,0
1575,08/05/2018,20409,N337JB,2227,1161802,EWR,1320402,MCO,2130,210,2,189,0
1576,08/05/2018,20409,N635JB,2235,1072102,BOS,1348702,MSP,2119,21,2327,15,0
1577,08/05/2018,20409,N510JB,2236,1348702,MSP,1072102,BOS,536,-9,907,-22,4.030194512
1578,08/05/2018,20409,N267JB,2267,1072102,BOS,1099402,CHS,1445,-3,1657,-17,4.030194512
1579,08/05/2018,20409,N267JB,2268,1099402,CHS,1072102,BOS,1745,-4,1943,-23,4.030194512
1580,08/05/2018,20409,N510JB,2269,1072102,BOS,1169706,FLL,1046,4,1346,-22,4.030194512
1581,08/05/2018,20409,N779JB,2275,1052906,BDL,1484306,SJU,2301,43,322,76,0
1582,08/05/2018,20409,N229JB,2279,1072102,BOS,1161802,EWR,538,-7,641,-25,4.030194512
1583,08/05/2018,20409,N229JB,2280,1161802,EWR,1072102,BOS,743,-14,838,-36,4.030194512
1584,08/05/2018,20409,N284JB,2283,1072102,BOS,1449202,RDU,631,-3,814,-21,4.030194512
1585,08/05/2018,20409,N709JB,2289,1143302,DTW,1169706,FLL,701,-9,945,-22,4.030194512
1586,08/05/2018,20409,N351JB,2301,1079206,BUF,1247805,JFK,947,-18,1059,-24,4.030194512
1587,08/05/2018,20409,N374JB,2317,1072102,BOS,1247805,JFK,744,4,852,-2,4.030194512
1588,08/05/2018,20409,N216JB,2323,1127805,DCA,1320402,MCO,1552,11,1810,-1,4.030194512
1589,08/05/2018,20409,N190JB,2324,1320402,MCO,1127805,DCA,614,-6,808,-19,4.030194512
1590,08/05/2018,20409,N284JB,2380,1161802,EWR,1072102,BOS,1316,-14,1425,-16,4.030194512
1591,08/05/2018,20409,N562JB,2401,1247805,JFK,1169706,FLL,1353,-2,1655,-9,4.030194512
1592,08/05/2018,20409,N206JB,2402,1247805,JFK,1079206,BUF,1449,20,1606,7,4.030194512
1593,08/05/2018,20409,N368JB,2416,1042302,AUS,1320402,MCO,957,-14,1319,-31,4.030194512
1594,08/05/2018,20409,N368JB,2417,1320402,MCO,1042302,AUS,752,-8,921,-15,4.030194512
1595,08/05/2018,20409,N653JB,2465,1079206,BUF,1169706,FLL,759,-2,1101,-1,4.030194512
1596,08/05/2018,20409,N510JB,2466,1169706,FLL,1079206,BUF,1509,-10,1802,-17,4.030194512
1597,08/05/2018,20409,N504JB,2469,1072102,BOS,1169706,FLL,2038,-2,2338,-16,4.030194512
1598,08/05/2018,20409,N284JB,2479,1072102,BOS,1161802,EWR,1125,3,1228,-27,4.030194512
1599,08/05/2018,20409,N508JB,2516,1247805,JFK,1509602,SYR,2017,199,2131,182,0
1600,08/05/2018,20409,N179JB,2579,1072102,BOS,1161802,EWR,1525,19,1644,1,4.030194512
1601,08/05/2018,20409,N179JB,2580,1161802,EWR,1072102,BOS,1718,-2,1824,-18,4.030194512
1602,08/05/2018,20409,N183JB,2601,1079206,BUF,1247805,JFK,1730,0,1844,-16,4.030194512
1603,08/05/2018,20409,N265JB,2607,1432105,PWM,1247805,JFK,716,106,826,104,0
1604,08/05/2018,20409,N309JB,2617,1245102,JAX,1169706,FLL,2016,-8,2131,-9,4.030194512
1605,08/05/2018,20409,N266JB,2618,1169706,FLL,1245102,JAX,2126,-5,2235,-8,4.030194512
1606,08/05/2018,20409,N306JB,2625,1449202,RDU,1169706,FLL,1748,67,1937,51,0
1607,08/05/2018,20409,N306JB,2626,1169706,FLL,1449202,RDU,1511,71,1707,61,0
1608,08/05/2018,20409,N623JB,2638,1073203,BQN,1247805,JFK,1306,18,1632,-5,4.030194512
1609,08/05/2018,20409,N623JB,2639,1247805,JFK,1073203,BQN,858,48,1229,23,0
1610,08/05/2018,20409,N354JB,2651,1530402,TPA,1484306,SJU,2049,209,2345,211,0
1611,08/05/2018,20409,N351JB,2702,1247805,JFK,1079206,BUF,800,-7,916,-14,4.030194512
1612,08/05/2018,20409,N309JB,2718,1169706,FLL,1245102,JAX,1824,-8,1940,-9,4.030194512
1613,08/05/2018,20409,N354JB,2752,1484306,SJU,1530402,TPA,1558,127,1848,123,0
1614,08/05/2018,20409,N187JB,2783,1072102,BOS,1449202,RDU,1240,-10,1440,-11,4.030194512
1615,08/05/2018,20409,N203JB,2784,1449202,RDU,1072102,BOS,544,-1,732,-7,4.030194512
1616,08/05/2018,20409,N258JB,2802,1247805,JFK,1079206,BUF,531,-9,641,-15,4.030194512
1617,08/05/2018,20409,N934JB,2819,1072102,BOS,1467903,SAN,718,3,1009,-15,4.030194512
1618,08/05/2018,19393,N901WN,736,1014005,ABQ,1042302,AUS,1840,105,2115,100,0
1619,08/05/2018,19393,N7746C,3068,1014005,ABQ,1042302,AUS,1024,-1,1300,-5,4.030194512
1620,08/05/2018,19393,N563WN,5997,1014005,ABQ,1042302,AUS,1909,9,2149,9,4.030194512
1621,08/05/2018,19393,N936WN,2953,1014005,ABQ,1082106,BWI,1610,0,2139,-16,4.030194512
1622,08/05/2018,19393,N7739A,5374,1014005,ABQ,1082106,BWI,955,0,1537,-3,4.030194512
1623,08/05/2018,19393,N7737E,491,1014005,ABQ,1125903,DAL,1000,0,1232,-8,4.030194512
1624,08/05/2018,19393,N497WN,4201,1014005,ABQ,1125903,DAL,2039,-6,2309,-16,4.030194512
1625,08/05/2018,19393,N943WN,4791,1014005,ABQ,1125903,DAL,1916,31,2159,34,0
1626,08/05/2018,19393,N475WN,4908,1014005,ABQ,1125903,DAL,657,2,931,-4,4.030194512
1627,08/05/2018,19393,N767SW,5302,1014005,ABQ,1125903,DAL,1338,-2,1615,-5,4.030194512
1628,08/05/2018,19393,N221WN,2583,1014005,ABQ,1129202,DEN,1757,7,1917,12,4.030194512
1629,08/05/2018,19393,N908WN,2622,1014005,ABQ,1129202,DEN,644,-1,749,-11,4.030194512
1630,08/05/2018,19393,N462WN,4219,1014005,ABQ,1129202,DEN,1024,9,1128,-2,4.030194512
1631,08/05/2018,19393,N7707C,2612,1014005,ABQ,1219102,HOU,651,1,946,-4,4.030194512
1632,08/05/2018,19393,N7713A,4777,1014005,ABQ,1219102,HOU,2055,-5,2351,-14,4.030194512
1633,08/05/2018,19393,N7705A,5189,1014005,ABQ,1219102,HOU,1601,6,1855,-5,4.030194512
1634,08/05/2018,19393,N250WN,484,1014005,ABQ,1288903,LAS,1129,-1,1156,-4,4.030194512
1635,08/05/2018,19393,N8693A,2590,1014005,ABQ,1288903,LAS,611,11,632,2,4.030194512
1636,08/05/2018,19393,N708SW,4065,1014005,ABQ,1288903,LAS,2001,-4,2029,-6,4.030194512
1637,08/05/2018,19393,N290WN,5206,1014005,ABQ,1288903,LAS,1709,14,1733,8,4.030194512
1638,08/05/2018,19393,N7838A,2587,1014005,ABQ,1289208,LAX,554,-1,643,-12,4.030194512
1639,08/05/2018,19393,N928WN,4551,1014005,ABQ,1289208,LAX,1808,18,1903,13,4.030194512
1640,08/05/2018,19393,N287WN,5553,1014005,ABQ,1289208,LAX,1110,0,1201,-9,4.030194512
1641,08/05/2018,19393,N493WN,376,1014005,ABQ,1319801,MCI,1251,1,1537,-8,4.030194512
1642,08/05/2018,19393,N747SA,1083,1014005,ABQ,1320402,MCO,930,-5,1500,-10,4.030194512
1643,08/05/2018,19393,N8325D,2600,1014005,ABQ,1323202,MDW,548,-2,923,-7,4.030194512
1644,08/05/2018,19393,N961WN,2844,1014005,ABQ,1323202,MDW,1815,35,2153,33,0
1645,08/05/2018,19393,N945WN,3551,1014005,ABQ,1323202,MDW,1235,55,1617,57,0
1646,08/05/2018,19393,N752SW,2733,1014005,ABQ,1379608,OAK,1949,4,2105,0,4.030194512
1647,08/05/2018,19393,N923WN,4287,1014005,ABQ,1379608,OAK,1045,0,1205,0,4.030194512
1648,08/05/2018,19393,N8551Q,4491,1014005,ABQ,1405702,PDX,1305,5,1449,-1,4.030194512
1649,08/05/2018,19393,N957WN,658,1014005,ABQ,1410702,PHX,1048,13,1100,10,4.030194512
1650,08/05/2018,19393,N221WN,2488,1014005,ABQ,1410702,PHX,709,-1,727,2,4.030194512
1651,08/05/2018,19393,N952WN,3241,1014005,ABQ,1410702,PHX,1700,0,1712,2,4.030194512
1652,08/05/2018,19393,N7726A,3757,1014005,ABQ,1410702,PHX,1540,5,1542,-8,4.030194512
1653,08/05/2018,19393,N910WN,4121,1014005,ABQ,1410702,PHX,1917,-3,1932,-3,4.030194512
1654,08/05/2018,19393,N275WN,4376,1014005,ABQ,1410702,PHX,1201,1,1217,7,4.030194512
1655,08/05/2018,19393,N7816B,2836,1014005,ABQ,1467903,SAN,2114,-1,2150,-10,4.030194512
1656,08/05/2018,19393,N7720F,4454,1014005,ABQ,1467903,SAN,728,-2,809,-6,4.030194512
1657,08/05/2018,19393,N413WN,3230,1014005,ABQ,1483106,SJC,1453,-2,1606,-9,4.030194512
1658,08/05/2018,19393,N235WN,3193,1014005,ABQ,1490803,SNA,1308,-2,1400,5,4.030194512
1659,08/05/2018,19393,N468WN,2614,1025702,ALB,1082106,BWI,606,-4,709,-16,4.030194512
1660,08/05/2018,19393,N269WN,2653,1025702,ALB,1082106,BWI,900,-5,1006,-14,4.030194512
1661,08/05/2018,19393,N239WN,3015,1025702,ALB,1082106,BWI,1949,49,2053,38,0
1662,08/05/2018,19393,N243WN,3708,1025702,ALB,1082106,BWI,1718,-2,1827,-13,4.030194512
1663,08/05/2018,19393,N8642E,5254,1025702,ALB,1082106,BWI,1151,-4,1258,-12,4.030194512
1664,08/05/2018,19393,N7831B,3819,1025702,ALB,1129202,DEN,1047,-3,1234,-21,4.030194512
1665,08/05/2018,19393,N8518R,2674,1025702,ALB,1169706,FLL,618,3,923,-7,4.030194512
1666,08/05/2018,19393,N449WN,2800,1025702,ALB,1320402,MCO,1453,-2,1753,3,4.030194512
1667,08/05/2018,19393,N237WN,2737,1025702,ALB,1323202,MDW,1708,3,1801,-14,4.030194512
1668,08/05/2018,19393,N8672F,2992,1025702,ALB,1323202,MDW,655,0,745,-15,4.030194512
1669,08/05/2018,19393,N8571Z,3285,1025702,ALB,1530402,TPA,1610,15,1902,12,4.030194512
1670,08/05/2018,19393,N259WN,1037,1027903,AMA,1125903,DAL,1047,2,1153,-2,4.030194512
1671,08/05/2018,19393,N758SW,2673,1027903,AMA,1125903,DAL,545,-5,644,-16,4.030194512
1672,08/05/2018,19393,N940WN,5086,1027903,AMA,1125903,DAL,1534,-1,1638,-7,4.030194512
1673,08/05/2018,19393,N416WN,5091,1027903,AMA,1125903,DAL,1904,-1,2006,-9,4.030194512
1674,08/05/2018,19393,N420WN,4849,1027903,AMA,1288903,LAS,1439,-6,1434,-16,4.030194512
1675,08/05/2018,19393,N7740A,2912,1039707,ATL,1042302,AUS,2242,137,2353,128,0
1676,08/05/2018,19393,N7882B,3150,1039707,ATL,1042302,AUS,1058,13,1211,6,4.030194512
1677,08/05/2018,19393,N7878A,3272,1039707,ATL,1072102,BOS,909,-1,1136,-14,4.030194512
1678,08/05/2018,19393,N8697C,4586,1039707,ATL,1072102,BOS,1559,-1,1821,-19,4.030194512
1679,08/05/2018,19393,N481WN,826,1039707,ATL,1082106,BWI,1527,2,1739,14,4.030194512
1680,08/05/2018,19393,N262WN,3210,1039707,ATL,1082106,BWI,1235,0,1415,-10,4.030194512
1681,08/05/2018,19393,N426WN,3646,1039707,ATL,1082106,BWI,2239,64,48,78,0
1682,08/05/2018,19393,N741SA,4140,1039707,ATL,1082106,BWI,600,0,741,-9,4.030194512
1683,08/05/2018,19393,N7830A,4597,1039707,ATL,1082106,BWI,1804,-1,2022,17,0
1684,08/05/2018,19393,N406WN,5577,1039707,ATL,1082106,BWI,2140,100,2329,89,0
1685,08/05/2018,19393,N939WN,3990,1039707,ATL,1104205,CLE,2236,11,21,6,4.030194512
1686,08/05/2018,19393,N8667D,4311,1039707,ATL,1104205,CLE,856,-4,1036,-9,4.030194512
1687,08/05/2018,19393,N277WN,4281,1039707,ATL,1106606,CMH,841,-4,1008,-12,4.030194512
1688,08/05/2018,19393,N726SW,5216,1039707,ATL,1106606,CMH,2227,2,2346,-9,4.030194512
1689,08/05/2018,19393,N747SA,1083,1039707,ATL,1125903,DAL,633,-2,732,-8,4.030194512
1690,08/05/2018,19393,N8668A,1594,1039707,ATL,1125903,DAL,2222,67,2322,57,0
1691,08/05/2018,19393,N7873A,3061,1039707,ATL,1125903,DAL,1115,0,1221,-4,4.030194512
1692,08/05/2018,19393,N7824A,3578,1039707,ATL,1125903,DAL,1426,1,1524,-6,4.030194512
1693,08/05/2018,19393,N757LV,4874,1039707,ATL,1125903,DAL,1836,66,1941,61,0
1694,08/05/2018,19393,N223WN,14,1039707,ATL,1127805,DCA,712,-8,846,-19,4.030194512
1695,08/05/2018,19393,N916WN,2805,1039707,ATL,1127805,DCA,1204,-1,1342,-8,4.030194512
1696,08/05/2018,19393,N773SA,3206,1039707,ATL,1127805,DCA,1611,1,1752,-8,4.030194512
1697,08/05/2018,19393,N7834A,4069,1039707,ATL,1127805,DCA,2239,39,28,38,0
1698,08/05/2018,19393,N7888A,2715,1039707,ATL,1129202,DEN,2048,78,2148,53,0
1699,08/05/2018,19393,N7719A,3384,1039707,ATL,1129202,DEN,1350,0,1500,0,4.030194512
1700,08/05/2018,19393,N8564Z,4100,1039707,ATL,1129202,DEN,2248,13,2340,-15,4.030194512
1701,08/05/2018,19393,N925WN,4325,1039707,ATL,1129202,DEN,542,-3,640,-10,4.030194512
1702,08/05/2018,19393,N967WN,3712,1039707,ATL,1143302,DTW,2323,43,104,24,0
1703,08/05/2018,19393,N7865A,4205,1039707,ATL,1143302,DTW,1601,1,1800,-5,4.030194512
1704,08/05/2018,19393,N566WN,4735,1039707,ATL,1143302,DTW,851,1,1043,-7,4.030194512
1705,08/05/2018,19393,N567WN,210,1039707,ATL,1169706,FLL,656,-4,840,-10,4.030194512
1706,08/05/2018,19393,N8329B,3783,1039707,ATL,1169706,FLL,1838,8,2040,10,4.030194512
1707,08/05/2018,19393,N230WN,4141,1039707,ATL,1169706,FLL,1104,-1,1300,-5,4.030194512
1708,08/05/2018,19393,N969WN,4677,1039707,ATL,1169706,FLL,1446,6,1626,-9,4.030194512
1709,08/05/2018,19393,N238WN,5457,1039707,ATL,1169706,FLL,2023,3,2206,-14,4.030194512
1710,08/05/2018,19393,N7888A,2714,1039707,ATL,1199603,GSP,1620,-5,1703,-17,4.030194512
1711,08/05/2018,19393,N404WN,3888,1039707,ATL,1199603,GSP,1041,-4,1126,-14,4.030194512
1712,08/05/2018,19393,N7853B,4691,1039707,ATL,1199603,GSP,2244,19,2345,25,0
1713,08/05/2018,19393,N7711N,2691,1039707,ATL,1219102,HOU,633,-2,726,-9,4.030194512
1714,08/05/2018,19393,N8543Z,2797,1039707,ATL,1219102,HOU,2247,2,2344,-11,4.030194512
1715,08/05/2018,19393,N284WN,2985,1039707,ATL,1219102,HOU,1534,-1,1644,-6,4.030194512
1716,08/05/2018,19393,N8663A,3268,1039707,ATL,1219102,HOU,2015,15,2112,-3,4.030194512
1717,08/05/2018,19393,N967WN,3710,1039707,ATL,1219102,HOU,1357,7,1456,-4,4.030194512
1718,08/05/2018,19393,N701GS,4652,1039707,ATL,1219102,HOU,1044,-1,1141,-14,4.030194512
1719,08/05/2018,19393,N7826B,3383,1039707,ATL,1226402,IAD,1559,-1,1744,-6,4.030194512
1720,08/05/2018,19393,N967WN,3707,1039707,ATL,1226402,IAD,851,-4,1032,-8,4.030194512
1721,08/05/2018,19393,N7705A,1234,1039707,ATL,1233904,IND,2321,-4,33,-22,4.030194512
1722,08/05/2018,19393,N7879A,4146,1039707,ATL,1233904,IND,901,-4,1022,-13,4.030194512
1723,08/05/2018,19393,N919WN,5428,1039707,ATL,1233904,IND,1948,3,2111,-9,4.030194512
1724,08/05/2018,19393,N231WN,1496,1039707,ATL,1245102,JAX,1039,-6,1140,-15,4.030194512
1725,08/05/2018,19393,N7845A,3343,1039707,ATL,1245102,JAX,1352,7,1457,2,4.030194512
1726,08/05/2018,19393,N924WN,4203,1039707,ATL,1245102,JAX,2017,-3,2120,-10,4.030194512
1727,08/05/2018,19393,N8689C,4013,1039707,ATL,1288903,LAS,2249,34,2359,29,0
1728,08/05/2018,19393,N8544Z,4939,1039707,ATL,1288903,LAS,531,1,621,-19,4.030194512
1729,08/05/2018,19393,N8529Z,5011,1039707,ATL,1288903,LAS,1626,21,1745,25,0
1730,08/05/2018,19393,N8545V,5550,1039707,ATL,1288903,LAS,1858,3,1957,-13,4.030194512
1731,08/05/2018,19393,N8508W,1059,1039707,ATL,1289208,LAX,1551,16,1727,2,4.030194512
1732,08/05/2018,19393,N8674B,3211,1039707,ATL,1289208,LAX,2021,6,2159,-6,4.030194512
1733,08/05/2018,19393,N8639B,4782,1039707,ATL,1289208,LAX,905,20,1030,0,4.030194512
1734,08/05/2018,19393,N434WN,2610,1039707,ATL,1295304,LGA,1710,10,1923,3,4.030194512
1735,08/05/2018,19393,N8564Z,2700,1039707,ATL,1295304,LGA,640,-5,839,-16,4.030194512
1736,08/05/2018,19393,N706SW,3166,1039707,ATL,1295304,LGA,1955,30,2208,18,0
1737,08/05/2018,19393,N239WN,3924,1039707,ATL,1295304,LGA,855,-5,1119,-1,4.030194512
1738,08/05/2018,19393,N226WN,4579,1039707,ATL,1295304,LGA,1208,-2,1416,-9,4.030194512
1739,08/05/2018,19393,N7747C,4058,1039707,ATL,1319801,MCI,845,0,938,-17,4.030194512
1740,08/05/2018,19393,N8321D,4948,1039707,ATL,1319801,MCI,2347,17,38,3,4.030194512
1741,08/05/2018,19393,N425LV,5546,1039707,ATL,1319801,MCI,2139,119,2232,102,0
1742,08/05/2018,19393,N787SA,2711,1039707,ATL,1320402,MCO,546,-4,705,-10,4.030194512
1743,08/05/2018,19393,N8572X,3168,1039707,ATL,1320402,MCO,1055,0,1222,-3,4.030194512
1744,08/05/2018,19393,N909WN,4895,1039707,ATL,1320402,MCO,1345,-5,1512,-8,4.030194512
1745,08/05/2018,19393,N796SW,5214,1039707,ATL,1320402,MCO,2128,78,2249,64,0
1746,08/05/2018,19393,N734SA,2736,1039707,ATL,1323202,MDW,549,-1,628,-12,4.030194512
1747,08/05/2018,19393,N8683D,3028,1039707,ATL,1323202,MDW,2045,10,2125,-5,4.030194512
1748,08/05/2018,19393,N423WN,4811,1039707,ATL,1323202,MDW,1901,16,1939,-6,4.030194512
1749,08/05/2018,19393,N8550Q,4823,1039707,ATL,1323202,MDW,1710,5,1756,-9,4.030194512
1750,08/05/2018,19393,N924WN,4834,1039707,ATL,1323202,MDW,1322,-3,1400,-15,4.030194512
1751,08/05/2018,19393,N728SW,4911,1039707,ATL,1323202,MDW,947,-3,1034,-11,4.030194512
1752,08/05/2018,19393,N563WN,3185,1039707,ATL,1334207,MKE,849,-1,937,-18,4.030194512
1753,08/05/2018,19393,N492WN,3945,1039707,ATL,1334207,MKE,2224,-1,2318,-12,4.030194512
1754,08/05/2018,19393,N941WN,3318,1039707,ATL,1348702,MSP,1847,72,2010,55,0
1755,08/05/2018,19393,N230WN,3361,1039707,ATL,1348702,MSP,2315,20,33,-2,4.030194512
1756,08/05/2018,19393,N569WN,2699,1039707,ATL,1349505,MSY,806,-4,825,-15,4.030194512
1757,08/05/2018,19393,N918WN,3546,1039707,ATL,1349505,MSY,1326,-4,1341,-19,4.030194512
1758,08/05/2018,19393,N966WN,4123,1039707,ATL,1349505,MSY,1045,-5,1107,-13,4.030194512
1759,08/05/2018,19393,N903WN,5695,1039707,ATL,1349505,MSY,2016,1,2056,6,4.030194512
1760,08/05/2018,19393,N8501V,2788,1039707,ATL,1379608,OAK,950,0,1138,-12,4.030194512
1761,08/05/2018,19393,N793SA,5523,1039707,ATL,1379608,OAK,1604,-1,1803,-2,4.030194512
1762,08/05/2018,19393,N8554X,3099,1039707,ATL,1402702,PBI,1413,-2,1553,-12,4.030194512
1763,08/05/2018,19393,N247WN,4067,1039707,ATL,1402702,PBI,1133,-2,1316,-9,4.030194512
1764,08/05/2018,19393,N8547V,2665,1039707,ATL,1410005,PHL,2237,2,41,1,4.030194512
1765,08/05/2018,19393,N298WN,3300,1039707,ATL,1410005,PHL,1449,-1,1649,-1,4.030194512
1766,08/05/2018,19393,N465WN,3529,1039707,ATL,1410005,PHL,854,4,1050,-5,4.030194512
1767,08/05/2018,19393,N8709Q,2738,1039707,ATL,1410702,PHX,713,-2,755,-10,4.030194512
1768,08/05/2018,19393,N8633A,3610,1039707,ATL,1410702,PHX,2025,35,2100,10,4.030194512
1769,08/05/2018,19393,N258WN,4392,1039707,ATL,1412202,PIT,1613,-2,1744,-11,4.030194512
1770,08/05/2018,19393,N7885A,3319,1039707,ATL,1449202,RDU,2225,0,2344,-6,4.030194512
1771,08/05/2018,19393,N217JC,4099,1039707,ATL,1449202,RDU,1042,-3,1202,-8,4.030194512
1772,08/05/2018,19393,N451WN,3139,1039707,ATL,1452401,RIC,1050,-5,1228,-7,4.030194512
1773,08/05/2018,19393,N436WN,5358,1039707,ATL,1452401,RIC,2255,10,32,7,4.030194512
1774,08/05/2018,19393,N484WN,5914,1039707,ATL,1452401,RIC,1526,6,1659,-1,4.030194512
1775,08/05/2018,19393,N8608N,1424,1039707,ATL,1463502,RSW,1052,-3,1223,-12,4.030194512
1776,08/05/2018,19393,N8605E,5223,1039707,ATL,1467903,SAN,1356,6,1502,-13,4.030194512
1777,08/05/2018,19393,N719SW,2937,1039707,ATL,1468305,SAT,1052,-3,1213,-7,4.030194512
1778,08/05/2018,19393,N8308K,3963,1039707,ATL,1468305,SAT,2007,-3,2118,-22,4.030194512
1779,08/05/2018,19393,N451WN,446,1039707,ATL,1501606,STL,1556,-4,1702,17,0
1780,08/05/2018,19393,N484WN,2799,1039707,ATL,1501606,STL,2218,143,2245,125,0
1781,08/05/2018,19393,N7849A,2822,1039707,ATL,1501606,STL,756,-4,819,-21,4.030194512
1782,08/05/2018,19393,N7730A,3629,1039707,ATL,1501606,STL,1029,-1,1100,-15,4.030194512
1783,08/05/2018,19393,N404WN,3890,1039707,ATL,1530402,TPA,1358,-2,1517,-13,4.030194512
1784,08/05/2018,19393,N404WN,3895,1039707,ATL,1530402,TPA,1913,53,2032,37,0
1785,08/05/2018,19393,N928WN,4551,1039707,ATL,1530402,TPA,1043,-2,1202,-13,4.030194512
1786,08/05/2018,19393,N793SA,4576,1039707,ATL,1530402,TPA,557,-3,717,-8,4.030194512
1787,08/05/2018,19393,N8540V,5436,1039707,ATL,1530402,TPA,2107,47,2221,31,0
1788,08/05/2018,19393,N957WN,658,1042302,AUS,1014005,ABQ,920,0,1006,1,4.030194512
1789,08/05/2018,19393,N290WN,5206,1042302,AUS,1014005,ABQ,1554,14,1629,4,4.030194512
1790,08/05/2018,19393,N235WN,5998,1042302,AUS,1014005,ABQ,1159,9,1232,-3,4.030194512
1791,08/05/2018,19393,N8683D,2767,1042302,AUS,1039707,ATL,621,21,919,4,4.030194512
1792,08/05/2018,19393,N939WN,3990,1042302,AUS,1039707,ATL,1834,-1,2153,3,4.030194512
1793,08/05/2018,19393,N951WN,1089,1042302,AUS,1069302,BNA,654,-1,846,-14,4.030194512
1794,08/05/2018,19393,N431WN,2828,1042302,AUS,1069302,BNA,2110,-5,2254,-26,4.030194512
1795,08/05/2018,19393,N931WN,3928,1042302,AUS,1069302,BNA,1904,9,2057,2,4.030194512
1796,08/05/2018,19393,N249WN,4258,1042302,AUS,1069302,BNA,1250,0,1448,-2,4.030194512
1797,08/05/2018,19393,N901WN,736,1042302,AUS,1072102,BOS,2152,97,246,86,0
1798,08/05/2018,19393,N8577Z,2731,1042302,AUS,1082106,BWI,1727,2,2123,-17,4.030194512
1799,08/05/2018,19393,N8634A,2743,1042302,AUS,1082106,BWI,600,0,1006,-4,4.030194512
1800,08/05/2018,19393,N231WN,1496,1042302,AUS,1125903,DAL,1549,4,1642,-3,4.030194512
1801,08/05/2018,19393,N7740A,2912,1042302,AUS,1125903,DAL,21,116,105,100,0
1802,08/05/2018,19393,N792SW,3322,1042302,AUS,1125903,DAL,704,4,755,-5,4.030194512
1803,08/05/2018,19393,N7811F,3526,1042302,AUS,1125903,DAL,1426,11,1519,9,4.030194512
1804,08/05/2018,19393,N218WN,4254,1042302,AUS,1125903,DAL,2041,56,2132,52,0
1805,08/05/2018,19393,N7861J,4266,1042302,AUS,1125903,DAL,554,-1,644,-6,4.030194512
1806,08/05/2018,19393,N757LV,4513,1042302,AUS,1125903,DAL,1109,84,1201,76,0
1807,08/05/2018,19393,N7886A,5251,1042302,AUS,1125903,DAL,1724,-6,1818,-12,4.030194512
1808,08/05/2018,19393,N225WN,5596,1042302,AUS,1125903,DAL,2159,59,2252,57,0
1809,08/05/2018,19393,N8312C,3850,1042302,AUS,1127805,DCA,1128,-2,1521,-24,4.030194512
1810,08/05/2018,19393,N440LV,2627,1042302,AUS,1129202,DEN,2200,10,2254,-6,4.030194512
1811,08/05/2018,19393,N8312C,2650,1042302,AUS,1129202,DEN,1940,-5,2053,-7,4.030194512
1812,08/05/2018,19393,N962WN,2769,1042302,AUS,1129202,DEN,813,-2,924,-1,4.030194512
1813,08/05/2018,19393,N964WN,3362,1042302,AUS,1129202,DEN,1055,-5,1154,-16,4.030194512
1814,08/05/2018,19393,N750SA,4118,1042302,AUS,1129202,DEN,614,-1,722,-3,4.030194512
1815,08/05/2018,19393,N8685B,4545,1042302,AUS,1129202,DEN,1528,3,1631,-14,4.030194512
1816,08/05/2018,19393,N569WN,2702,1042302,AUS,1148102,ECP,1134,14,1319,-1,4.030194512
1817,08/05/2018,19393,N218WN,1254,1042302,AUS,1154005,ELP,925,-5,952,-8,4.030194512
1818,08/05/2018,19393,N480WN,3686,1042302,AUS,1154005,ELP,2132,-3,2153,-12,4.030194512
1819,08/05/2018,19393,N8685B,2750,1042302,AUS,1161802,EWR,639,39,1102,22,0
1820,08/05/2018,19393,N498WN,3756,1042302,AUS,1161802,EWR,2143,88,208,73,0
1821,08/05/2018,19393,N789SW,3171,1042302,AUS,1169706,FLL,1109,-6,1438,-27,4.030194512
1822,08/05/2018,19393,N709SW,4846,1042302,AUS,1169706,FLL,811,-9,1138,-32,4.030194512
1823,08/05/2018,19393,N7882B,3150,1042302,AUS,1219102,HOU,1253,18,1349,19,0
1824,08/05/2018,19393,N8328A,3334,1042302,AUS,1219102,HOU,644,-1,725,-10,4.030194512
1825,08/05/2018,19393,N498WN,3667,1042302,AUS,1219102,HOU,1644,89,1752,102,0
1826,08/05/2018,19393,N7874B,4887,1042302,AUS,1219102,HOU,923,18,1012,12,4.030194512
1827,08/05/2018,19393,N292WN,5100,1042302,AUS,1219102,HOU,1821,6,1917,12,4.030194512
1828,08/05/2018,19393,N218WN,2789,1042302,AUS,1220605,HRL,1722,47,1817,42,0
1829,08/05/2018,19393,N8625A,3123,1042302,AUS,1233904,IND,1551,1,1913,3,4.030194512
1830,08/05/2018,19393,N8306H,2704,1042302,AUS,1288903,LAS,513,-2,549,-11,4.030194512
1831,08/05/2018,19393,N8699A,3153,1042302,AUS,1288903,LAS,1330,0,1419,4,4.030194512
1832,08/05/2018,19393,N295WN,4508,1042302,AUS,1288903,LAS,2133,3,2206,-9,4.030194512
1833,08/05/2018,19393,N956WN,4070,1042302,AUS,1289208,LAX,545,0,645,-10,4.030194512
1834,08/05/2018,19393,N714CB,5448,1042302,AUS,1289208,LAX,2322,27,8,3,4.030194512
1835,08/05/2018,19393,N488WN,5151,1042302,AUS,1289607,LBB,1319,-1,1419,-11,4.030194512
1836,08/05/2018,19393,N750SA,4465,1042302,AUS,1319801,MCI,1234,-1,1418,-7,4.030194512
1837,08/05/2018,19393,N491WN,2882,1042302,AUS,1320402,MCO,2224,19,149,9,4.030194512
1838,08/05/2018,19393,N8527Q,3731,1042302,AUS,1320402,MCO,927,-3,1254,-16,4.030194512
1839,08/05/2018,19393,N743SW,2593,1042302,AUS,1323202,MDW,1043,-2,1259,-16,4.030194512
1840,08/05/2018,19393,N7704B,3338,1042302,AUS,1323202,MDW,1359,-1,1627,-3,4.030194512
1841,08/05/2018,19393,N900WN,4807,1042302,AUS,1323202,MDW,1833,3,2101,1,4.030194512
1842,08/05/2018,19393,N755SA,2761,1042302,AUS,1349505,MSY,659,-1,812,-13,4.030194512
1843,08/05/2018,19393,N236WN,5314,1042302,AUS,1349505,MSY,1633,3,1754,-1,4.030194512
1844,08/05/2018,19393,N556WN,212,1042302,AUS,1379608,OAK,1918,-2,2046,-19,4.030194512
1845,08/05/2018,19393,N232WN,5093,1042302,AUS,1405702,PDX,1408,-7,1607,-8,4.030194512
1846,08/05/2018,19393,N936WN,2953,1042302,AUS,1410702,PHX,1239,-1,1249,-11,4.030194512
1847,08/05/2018,19393,N7887A,3252,1042302,AUS,1410702,PHX,1706,-4,1713,-17,4.030194512
1848,08/05/2018,19393,N735SA,3827,1042302,AUS,1410702,PHX,1950,10,1957,-3,4.030194512
1849,08/05/2018,19393,N7701B,3897,1042302,AUS,1410702,PHX,733,13,744,4,4.030194512
1850,08/05/2018,19393,N462WN,4215,1042302,AUS,1467903,SAN,2223,43,2302,32,0
1851,08/05/2018,19393,N276WN,5566,1042302,AUS,1467903,SAN,1022,27,1103,18,0
1852,08/05/2018,19393,N8539V,4947,1042302,AUS,1477104,SFO,2234,39,2,27,0
1853,08/05/2018,19393,N8570W,22,1042302,AUS,1483106,SJC,858,-2,1019,-11,4.030194512
1854,08/05/2018,19393,N8614M,25,1042302,AUS,1483106,SJC,1902,2,2017,-18,4.030194512
1855,08/05/2018,19393,N787SA,6597,1042302,AUS,1483106,SJC,1204,9,1326,1,4.030194512
1856,08/05/2018,19393,N421LV,3612,1042302,AUS,1489302,SMF,1651,46,1817,37,0
1857,08/05/2018,19393,N7746C,3068,1042302,AUS,1501606,STL,1339,-1,1532,-8,4.030194512
1858,08/05/2018,19393,N8679A,3420,1042302,AUS,1530402,TPA,1223,3,1540,-5,4.030194512
1859,08/05/2018,19393,N787SA,6596,1042302,AUS,1530402,TPA,2051,46,2400,30,0
1860,08/05/2018,19393,N7862A,1193,1052906,BDL,1082106,BWI,2028,-7,2127,-23,4.030194512
1861,08/05/2018,19393,N765SW,1422,1052906,BDL,1082106,BWI,602,-3,700,-20,4.030194512
1862,08/05/2018,19393,N269WN,2655,1052906,BDL,1082106,BWI,1246,-4,1346,-14,4.030194512
1863,08/05/2018,19393,N7723E,2835,1052906,BDL,1082106,BWI,709,-1,805,-15,4.030194512
1864,08/05/2018,19393,N941WN,2986,1052906,BDL,1082106,BWI,913,-7,1017,-13,4.030194512
1865,08/05/2018,19393,N263WN,4988,1052906,BDL,1082106,BWI,1453,-2,1548,-22,4.030194512
1866,08/05/2018,19393,N714CB,5448,1052906,BDL,1082106,BWI,1821,31,1927,22,0
1867,08/05/2018,19393,N8621A,3826,1052906,BDL,1129202,DEN,1053,-2,1247,-23,4.030194512
1868,08/05/2018,19393,N968WN,4184,1052906,BDL,1169706,FLL,1107,2,1354,-16,4.030194512
1869,08/05/2018,19393,N8643A,2796,1052906,BDL,1288903,LAS,730,0,945,-15,4.030194512
1870,08/05/2018,19393,N8641B,184,1052906,BDL,1320402,MCO,633,3,905,-10,4.030194512
1871,08/05/2018,19393,N7812G,3204,1052906,BDL,1320402,MCO,2059,39,2333,23,0
1872,08/05/2018,19393,N8510E,4025,1052906,BDL,1320402,MCO,1134,-1,1411,-9,4.030194512
1873,08/05/2018,19393,N491WN,2787,1052906,BDL,1323202,MDW,558,-2,703,-17,4.030194512
1874,08/05/2018,19393,N262WN,3210,1052906,BDL,1323202,MDW,1720,30,1827,12,4.030194512
1875,08/05/2018,19393,N8719Q,4144,1052906,BDL,1323202,MDW,1222,-3,1329,-16,4.030194512
1876,08/05/2018,19393,N705SW,2798,1052906,BDL,1530402,TPA,517,-3,805,-5,4.030194512
1877,08/05/2018,19393,N8561Z,5279,1052906,BDL,1530402,TPA,1837,-3,2121,-19,4.030194512
1878,08/05/2018,19393,N7727A,156,1059904,BHM,1082106,BWI,1120,0,1408,-12,4.030194512
1879,08/05/2018,19393,N761RR,3024,1059904,BHM,1125903,DAL,709,-1,843,-7,4.030194512
1880,08/05/2018,19393,N7818L,5390,1059904,BHM,1125903,DAL,1336,-4,1515,-5,4.030194512
1881,08/05/2018,19393,N7863A,2820,1059904,BHM,1219102,HOU,808,-2,950,0,4.030194512
1882,08/05/2018,19393,N430WN,3949,1059904,BHM,1219102,HOU,1932,-8,2108,-12,4.030194512
1883,08/05/2018,19393,N8314L,1426,1059904,BHM,1288903,LAS,1059,-1,1259,9,4.030194512
1884,08/05/2018,19393,N412WN,852,1059904,BHM,1320402,MCO,1650,-5,1915,-10,4.030194512
1885,08/05/2018,19393,N7881A,2811,1059904,BHM,1320402,MCO,706,-4,944,4,4.030194512
1886,08/05/2018,19393,N965WN,4548,1059904,BHM,1320402,MCO,1209,14,1440,10,4.030194512
1887,08/05/2018,19393,N8692F,457,1059904,BHM,1323202,MDW,2028,63,2210,60,0
1888,08/05/2018,19393,N8631A,2804,1059904,BHM,1323202,MDW,818,3,952,-8,4.030194512
1889,08/05/2018,19393,N705SW,1586,1059904,BHM,1530402,TPA,1011,1,1230,-5,4.030194512
1890,08/05/2018,19393,N495WN,3129,1059904,BHM,1530402,TPA,1821,66,2037,57,0
1891,08/05/2018,19393,N935WN,2904,1069302,BNA,1042302,AUS,2044,39,2239,29,0
1892,08/05/2018,19393,N8625A,4619,1069302,BNA,1042302,AUS,1314,4,1509,-6,4.030194512
1893,08/05/2018,19393,N787SA,4722,1069302,BNA,1042302,AUS,930,10,1125,0,4.030194512
1894,08/05/2018,19393,N757LV,5259,1069302,BNA,1042302,AUS,727,-3,924,-11,4.030194512
1895,08/05/2018,19393,N8614M,1515,1069302,BNA,1072102,BOS,1028,-2,1354,-11,4.030194512
1896,08/05/2018,19393,N914WN,3822,1069302,BNA,1072102,BOS,611,1,927,-18,4.030194512
1897,08/05/2018,19393,N208WN,5560,1069302,BNA,1072102,BOS,2140,185,100,175,0
1898,08/05/2018,19393,N215WN,1532,1069302,BNA,1082106,BWI,700,-5,933,-17,4.030194512
1899,08/05/2018,19393,N8520Q,1575,1069302,BNA,1082106,BWI,1034,-1,1309,-6,4.030194512
1900,08/05/2018,19393,N239WN,2995,1069302,BNA,1082106,BWI,1420,25,1724,49,0
1901,08/05/2018,19393,N213WN,3472,1069302,BNA,1082106,BWI,1709,-1,2003,8,4.030194512
1902,08/05/2018,19393,N944WN,4511,1069302,BNA,1082106,BWI,1947,22,2244,34,0
1903,08/05/2018,19393,N442WN,5192,1069302,BNA,1082106,BWI,2256,1,125,-10,4.030194512
1904,08/05/2018,19393,N7742B,274,1069302,BNA,1099402,CHS,1426,-4,1719,24,0
1905,08/05/2018,19393,N775SW,2892,1069302,BNA,1099402,CHS,853,-7,1135,10,4.030194512
1906,08/05/2018,19393,N216WR,632,1069302,BNA,1104205,CLE,1127,-3,1349,-6,4.030194512
1907,08/05/2018,19393,N246LV,4570,1069302,BNA,1104205,CLE,2207,7,25,5,4.030194512
1908,08/05/2018,19393,N253WN,4906,1069302,BNA,1104205,CLE,1522,37,1746,36,36
1909,08/05/2018,19393,N7741C,2624,1069302,BNA,1105703,CLT,827,-3,1037,-3,4.030194512
1910,08/05/2018,19393,N447WN,3730,1069302,BNA,1105703,CLT,2207,22,7,12,4.030194512
1911,08/05/2018,19393,N951WN,1089,1069302,BNA,1106606,CMH,933,-2,1139,-6,4.030194512
1912,08/05/2018,19393,N233LV,5097,1069302,BNA,1106606,CMH,2204,19,7,12,4.030194512
1913,08/05/2018,19393,N746SW,2585,1069302,BNA,1125903,DAL,606,-4,741,-14,4.030194512
1914,08/05/2018,19393,N206WN,4427,1069302,BNA,1125903,DAL,1958,8,2136,1,4.030194512
1915,08/05/2018,19393,N229WN,4709,1069302,BNA,1125903,DAL,818,-2,954,-11,4.030194512
1916,08/05/2018,19393,N410WN,4938,1069302,BNA,1125903,DAL,1314,-6,1451,-14,4.030194512
1917,08/05/2018,19393,N401WN,4984,1069302,BNA,1125903,DAL,1817,12,1950,0,4.030194512
1918,08/05/2018,19393,N910WN,4121,1069302,BNA,1127805,DCA,1115,-5,1347,-13,4.030194512
1919,08/05/2018,19393,N7716A,4317,1069302,BNA,1127805,DCA,2131,16,2359,9,4.030194512
1920,08/05/2018,19393,N7725A,4401,1069302,BNA,1127805,DCA,1618,3,1904,9,4.030194512
1921,08/05/2018,19393,N8705Q,3013,1069302,BNA,1129202,DEN,1545,45,1736,51,41
1922,08/05/2018,19393,N8679A,3420,1069302,BNA,1129202,DEN,1825,0,2029,14,4.030194512
1923,08/05/2018,19393,N769SW,4055,1069302,BNA,1129202,DEN,545,0,716,-14,4.030194512
1924,08/05/2018,19393,N438WN,5394,1069302,BNA,1129202,DEN,2119,24,2304,24,0
1925,08/05/2018,19393,N238WN,5457,1069302,BNA,1129202,DEN,1012,2,1136,-19,4.030194512
1926,08/05/2018,19393,N7859B,2987,1069302,BNA,1143302,DTW,1019,69,1245,60,0
1927,08/05/2018,19393,N287WN,5553,1069302,BNA,1143302,DTW,2151,6,13,-2,4.030194512
1928,08/05/2018,19393,N7888A,2713,1069302,BNA,1148102,ECP,834,-6,945,-10,4.030194512
1929,08/05/2018,19393,N754SW,3932,1069302,BNA,1148102,ECP,2000,15,2111,11,4.030194512
1930,08/05/2018,19393,N900WN,4807,1069302,BNA,1148102,ECP,1331,-4,1445,-5,4.030194512
1931,08/05/2018,19393,N458WN,2175,1069302,BNA,1169706,FLL,555,-5,854,-16,4.030194512
1932,08/05/2018,19393,N8682B,3009,1069302,BNA,1169706,FLL,1312,2,1615,-10,4.030194512
1933,08/05/2018,19393,N7833A,3412,1069302,BNA,1169706,FLL,937,-3,1238,-17,4.030194512
1934,08/05/2018,19393,N7830A,4964,1069302,BNA,1169706,FLL,2247,32,142,12,4.030194512
1935,08/05/2018,19393,N244WN,2838,1069302,BNA,1219102,HOU,949,-1,1138,-12,4.030194512
1936,08/05/2018,19393,N727SW,2857,1069302,BNA,1219102,HOU,1913,-2,2103,-12,4.030194512
1937,08/05/2018,19393,N780SW,5472,1069302,BNA,1219102,HOU,547,-3,744,-1,4.030194512
1938,08/05/2018,19393,N7734H,5518,1069302,BNA,1219102,HOU,1650,15,1841,6,4.030194512
1939,08/05/2018,19393,N481WN,826,1069302,BNA,1245102,JAX,1020,0,1240,-5,4.030194512
1940,08/05/2018,19393,N925WN,3348,1069302,BNA,1245102,JAX,1619,19,1850,25,0
1941,08/05/2018,19393,N7703A,3683,1069302,BNA,1245102,JAX,2148,3,8,-2,4.030194512
1942,08/05/2018,19393,N492WN,2813,1069302,BNA,1288903,LAS,1158,13,1339,4,4.030194512
1943,08/05/2018,19393,N7865A,4206,1069302,BNA,1288903,LAS,1955,-5,2135,-15,4.030194512
1944,08/05/2018,19393,N475WN,4908,1069302,BNA,1288903,LAS,1715,0,1911,6,4.030194512
1945,08/05/2018,19393,N8704Q,5466,1069302,BNA,1288903,LAS,641,1,820,-10,4.030194512
1946,08/05/2018,19393,N296WN,1742,1069302,BNA,1289208,LAX,1845,0,2114,4,4.030194512
1947,08/05/2018,19393,N456WN,5130,1069302,BNA,1289208,LAX,1543,38,1817,47,38
1948,08/05/2018,19393,N756SA,5346,1069302,BNA,1289208,LAX,732,92,942,82,0
1949,08/05/2018,19393,N562WN,2578,1069302,BNA,1295304,LGA,1137,2,1451,6,4.030194512
1950,08/05/2018,19393,N7882B,3150,1069302,BNA,1295304,LGA,1656,16,1951,-4,4.030194512
1951,08/05/2018,19393,N454WN,4794,1069302,BNA,1295304,LGA,726,6,1029,-1,4.030194512
1952,08/05/2018,19393,N701GS,2620,1069302,BNA,1319801,MCI,1624,-1,1801,1,4.030194512
1953,08/05/2018,19393,N7714B,3069,1069302,BNA,1319801,MCI,816,-4,930,-25,4.030194512
1954,08/05/2018,19393,N762SW,4585,1069302,BNA,1319801,MCI,1200,-5,1325,-15,4.030194512
1955,08/05/2018,19393,N7749B,4663,1069302,BNA,1319801,MCI,2015,30,2141,21,0
1956,08/05/2018,19393,N8549Z,661,1069302,BNA,1320402,MCO,546,-4,830,-5,4.030194512
1957,08/05/2018,19393,N7748A,2663,1069302,BNA,1320402,MCO,1245,0,1524,-11,4.030194512
1958,08/05/2018,19393,N7834A,3292,1069302,BNA,1320402,MCO,1611,11,1855,5,4.030194512
1959,08/05/2018,19393,N226WN,3542,1069302,BNA,1320402,MCO,2132,7,11,1,4.030194512
1960,08/05/2018,19393,N409WN,4770,1069302,BNA,1320402,MCO,1839,-6,2124,-11,4.030194512
1961,08/05/2018,19393,N8637A,5410,1069302,BNA,1320402,MCO,815,-5,1055,-10,4.030194512
1962,08/05/2018,19393,N406WN,431,1069302,BNA,1323202,MDW,1309,-1,1430,-5,4.030194512
1963,08/05/2018,19393,N709SW,1686,1069302,BNA,1323202,MDW,1936,1,2053,-12,4.030194512
1964,08/05/2018,19393,N8628A,2853,1069302,BNA,1323202,MDW,600,0,717,-8,4.030194512
1965,08/05/2018,19393,N260WN,3080,1069302,BNA,1323202,MDW,2205,20,2320,10,4.030194512
1966,08/05/2018,19393,N7713A,4378,1069302,BNA,1323202,MDW,727,-3,845,-10,4.030194512
1967,08/05/2018,19393,N470WN,4478,1069302,BNA,1323202,MDW,1811,16,1954,34,0
1968,08/05/2018,19393,N296WN,5059,1069302,BNA,1323202,MDW,1024,-1,1139,-16,4.030194512
1969,08/05/2018,19393,N921WN,3928,1069302,BNA,1334207,MKE,2301,76,21,41,0
1970,08/05/2018,19393,N763SW,5198,1069302,BNA,1334207,MKE,1100,-5,1222,-28,4.030194512
1971,08/05/2018,19393,N289CT,3554,1069302,BNA,1348702,MSP,1028,3,1224,-6,4.030194512
1972,08/05/2018,19393,N456WN,3714,1069302,BNA,1349505,MSY,817,-3,932,-13,4.030194512
1973,08/05/2018,19393,N497WN,4743,1069302,BNA,1349505,MSY,1206,-4,1321,-19,4.030194512
1974,08/05/2018,19393,N7868K,4787,1069302,BNA,1349505,MSY,1952,7,2113,3,4.030194512
1975,08/05/2018,19393,N915WN,5531,1069302,BNA,1349505,MSY,1718,-2,1842,-8,4.030194512
1976,08/05/2018,19393,N8654B,4054,1069302,BNA,1379608,OAK,1955,0,2212,-23,4.030194512
1977,08/05/2018,19393,N799SW,3810,1069302,BNA,1410005,PHL,2302,57,148,48,0
1978,08/05/2018,19393,N8698B,4125,1069302,BNA,1410005,PHL,1524,34,1815,25,25
1979,08/05/2018,19393,N8622A,4573,1069302,BNA,1410005,PHL,1115,-5,1407,-13,4.030194512
1980,08/05/2018,19393,N217JC,4099,1069302,BNA,1410702,PHX,1349,-1,1515,-5,4.030194512
1981,08/05/2018,19393,N8630B,5376,1069302,BNA,1410702,PHX,2056,21,2214,4,4.030194512
1982,08/05/2018,19393,N8508W,5579,1069302,BNA,1410702,PHX,602,-3,723,-17,4.030194512
1983,08/05/2018,19393,N710SW,3902,1069302,BNA,1412202,PIT,1830,30,2052,27,0
1984,08/05/2018,19393,N280WN,5113,1069302,BNA,1412202,PIT,1024,-6,1243,-12,4.030194512
1985,08/05/2018,19393,N201LV,2769,1069302,BNA,1419306,PNS,2000,15,2111,11,4.030194512
1986,08/05/2018,19393,N210WN,4349,1069302,BNA,1419306,PNS,837,2,945,-5,4.030194512
1987,08/05/2018,19393,N931WN,3698,1069302,BNA,1449202,RDU,2150,0,9,-6,4.030194512
1988,08/05/2018,19393,N7865A,4205,1069302,BNA,1449202,RDU,820,-5,1045,-5,4.030194512
1989,08/05/2018,19393,N249WN,4258,1069302,BNA,1449202,RDU,1553,28,1817,27,27
1990,08/05/2018,19393,N786SW,4406,1069302,BNA,1467903,SAN,804,-1,958,-12,4.030194512
1991,08/05/2018,19393,N7741C,5348,1069302,BNA,1467903,SAN,2047,2,2236,-14,4.030194512
1992,08/05/2018,19393,N7855A,3853,1069302,BNA,1468305,SAT,747,-3,950,-15,4.030194512
1993,08/05/2018,19393,N7748A,4612,1069302,BNA,1468305,SAT,2056,31,2305,30,0
1994,08/05/2018,19393,N8576Z,527,1069302,BNA,1474703,SEA,827,-3,1103,-22,4.030194512
1995,08/05/2018,19393,N465WN,712,1069302,BNA,1501606,STL,1320,-5,1414,-16,4.030194512
1996,08/05/2018,19393,N795SW,4676,1069302,BNA,1501606,STL,1006,1,1101,-9,4.030194512
1997,08/05/2018,19393,N8600F,5567,1069302,BNA,1501606,STL,1940,-5,2037,-13,4.030194512
1998,08/05/2018,19393,N7728D,3251,1069302,BNA,1530402,TPA,1245,25,1522,17,0
1999,08/05/2018,19393,N7841A,3373,1069302,BNA,1530402,TPA,718,-2,951,-9,4.030194512
2000,08/05/2018,19393,N418WN,4656,1069302,BNA,1530402,TPA,1836,76,2115,70,0
2001,08/05/2018,19393,N291WN,4734,1069302,BNA,1530402,TPA,1417,-3,1833,88,0
2002,08/05/2018,19393,N236WN,5315,1069302,BNA,1530402,TPA,2247,7,123,3,4.030194512
2003,08/05/2018,19393,N8664J,2861,1071302,BOI,1129202,DEN,659,-1,848,3,4.030194512
2004,08/05/2018,19393,N251WN,3298,1071302,BOI,1129202,DEN,1148,-2,1322,-13,4.030194512
2005,08/05/2018,19393,N225WN,5596,1071302,BOI,1129202,DEN,1542,47,1734,54,0
2006,08/05/2018,19393,N251WN,239,1071302,BOI,1188402,GEG,847,-3,839,-11,4.030194512
2007,08/05/2018,19393,N7835A,4046,1071302,BOI,1188402,GEG,1613,-2,1615,0,4.030194512
2008,08/05/2018,19393,N7835A,3935,1071302,BOI,1288903,LAS,1937,22,2008,13,4.030194512
2009,08/05/2018,19393,N769SW,4055,1071302,BOI,1288903,LAS,1120,35,1154,29,0
2010,08/05/2018,19393,N713SW,4391,1071302,BOI,1323202,MDW,1723,23,2138,23,0
2011,08/05/2018,19393,N739GB,5140,1071302,BOI,1379608,OAK,1809,9,1837,-3,4.030194512
2012,08/05/2018,19393,N282WN,5337,1071302,BOI,1379608,OAK,811,-4,847,-13,4.030194512
2013,08/05/2018,19393,N913WN,3215,1071302,BOI,1410702,PHX,1232,22,1328,18,0
2014,08/05/2018,19393,N293WN,5443,1071302,BOI,1467903,SAN,1257,-3,1403,-7,4.030194512
2015,08/05/2018,19393,N745SW,3048,1071302,BOI,1483106,SJC,1420,20,1503,23,0
2016,08/05/2018,19393,N212WN,4477,1071302,BOI,1489302,SMF,1451,11,1508,3,4.030194512
2017,08/05/2018,19393,N8572X,3168,1072102,BOS,1039707,ATL,711,1,940,-25,4.030194512
2018,08/05/2018,19393,N904WN,4691,1072102,BOS,1039707,ATL,1839,9,2114,-21,4.030194512
2019,08/05/2018,19393,N8614M,25,1072102,BOS,1042302,AUS,1517,27,1813,3,4.030194512
2020,08/05/2018,19393,N296WN,1742,1072102,BOS,1069302,BNA,1631,11,1757,-13,4.030194512
2021,08/05/2018,19393,N775SW,2892,1072102,BOS,1069302,BNA,622,-3,753,-17,4.030194512
2022,08/05/2018,19393,N497WN,4743,1072102,BOS,1069302,BNA,930,0,1052,-28,4.030194512
2023,08/05/2018,19393,N7832A,280,1072102,BOS,1082106,BWI,708,-2,823,-27,4.030194512
2024,08/05/2018,19393,N777QC,779,1072102,BOS,1082106,BWI,552,-3,705,-25,4.030194512
2025,08/05/2018,19393,N7724A,2977,1072102,BOS,1082106,BWI,906,-9,1025,-30,4.030194512
2026,08/05/2018,19393,N952WN,3241,1072102,BOS,1082106,BWI,1150,0,1306,-14,4.030194512
2027,08/05/2018,19393,N243WN,3705,1072102,BOS,1082106,BWI,2141,-4,2313,-2,4.030194512
2028,08/05/2018,19393,N914WN,3822,1072102,BOS,1082106,BWI,1020,0,1137,-18,4.030194512
2029,08/05/2018,19393,N8632A,4360,1072102,BOS,1082106,BWI,1419,9,1543,-2,4.030194512
2030,08/05/2018,19393,N8678E,5020,1072102,BOS,1082106,BWI,2026,21,2143,-2,4.030194512
2031,08/05/2018,19393,N766SW,5211,1072102,BOS,1082106,BWI,1721,11,1909,14,4.030194512
2032,08/05/2018,19393,N231WN,1496,1072102,BOS,1106606,CMH,540,-5,727,-23,4.030194512
2033,08/05/2018,19393,N7854B,3244,1072102,BOS,1106606,CMH,2057,7,2247,-8,4.030194512
2034,08/05/2018,19393,N8541W,745,1072102,BOS,1125903,DAL,1207,7,1433,-32,4.030194512
2035,08/05/2018,19393,N713SW,2870,1072102,BOS,1129202,DEN,525,-5,744,-21,4.030194512
2036,08/05/2018,19393,N8615E,2924,1072102,BOS,1129202,DEN,1829,-1,2111,-14,4.030194512
2037,08/05/2018,19393,N7832A,3132,1072102,BOS,1129202,DEN,1125,-5,1342,-28,4.030194512
2038,08/05/2018,19393,N8707P,2881,1072102,BOS,1219102,HOU,656,1,953,-7,4.030194512
2039,08/05/2018,19393,N7878A,3743,1072102,BOS,1219102,HOU,1226,1,1522,-8,4.030194512
2040,08/05/2018,19393,N7821L,5271,1072102,BOS,1233904,IND,1409,-1,1627,-13,4.030194512
2041,08/05/2018,19393,N452WN,4903,1072102,BOS,1319801,MCI,657,-3,902,-33,4.030194512
2042,08/05/2018,19393,N8697C,4937,1072102,BOS,1319801,MCI,1929,-1,2139,-36,4.030194512
2043,08/05/2018,19393,N912WN,704,1072102,BOS,1323202,MDW,2036,1,2149,-31,4.030194512
2044,08/05/2018,19393,N8602F,2894,1072102,BOS,1323202,MDW,754,-1,914,-21,4.030194512
2045,08/05/2018,19393,N704SW,3064,1072102,BOS,1323202,MDW,1555,0,1722,-13,4.030194512
2046,08/05/2018,19393,N7884G,3530,1072102,BOS,1323202,MDW,1307,-3,1428,-27,4.030194512
2047,08/05/2018,19393,N937WN,3906,1072102,BOS,1323202,MDW,548,-2,722,-8,4.030194512
2048,08/05/2018,19393,N204WN,5526,1072102,BOS,1334207,MKE,1005,-5,1122,-23,4.030194512
2049,08/05/2018,19393,N477WN,3103,1072102,BOS,1501606,STL,904,-6,1049,-26,4.030194512
2050,08/05/2018,19393,N907WN,3303,1072102,BOS,1501606,STL,1344,-6,1523,-27,4.030194512
2051,08/05/2018,19393,N8719Q,3502,1072102,BOS,1501606,STL,1842,2,2035,-20,4.030194512
2052,08/05/2018,19393,N263WN,3033,1079206,BUF,1082106,BWI,1840,0,1944,-6,4.030194512
2053,08/05/2018,19393,N7742B,4448,1079206,BUF,1082106,BWI,631,1,729,-11,4.030194512
2054,08/05/2018,19393,N904WN,4691,1079206,BUF,1082106,BWI,1431,-4,1539,-6,4.030194512
2055,08/05/2018,19393,N726SW,5216,1079206,BUF,1082106,BWI,1048,-7,1150,-10,4.030194512
2056,08/05/2018,19393,N7885A,2903,1079206,BUF,1169706,FLL,730,0,1020,-5,4.030194512
2057,08/05/2018,19393,N285WN,5368,1079206,BUF,1288903,LAS,1110,5,1251,1,4.030194512
2058,08/05/2018,19393,N738CB,2909,1079206,BUF,1320402,MCO,545,0,807,-8,4.030194512
2059,08/05/2018,19393,N264LV,5413,1079206,BUF,1320402,MCO,2007,2,2229,-6,4.030194512
2060,08/05/2018,19393,N789SW,3171,1079206,BUF,1323202,MDW,1919,-1,1942,-18,4.030194512
2061,08/05/2018,19393,N718SW,3972,1079206,BUF,1323202,MDW,1245,-5,1324,-1,4.030194512
2062,08/05/2018,19393,N226WN,4579,1079206,BUF,1323202,MDW,701,-4,727,-13,4.030194512
2063,08/05/2018,19393,N718SW,5545,1079206,BUF,1323202,MDW,1705,0,1732,-13,4.030194512
2064,08/05/2018,19393,N8575Z,284,1079206,BUF,1410702,PHX,651,1,808,-17,4.030194512
2065,08/05/2018,19393,N561WN,3499,1079206,BUF,1530402,TPA,531,-4,756,-14,4.030194512
2066,08/05/2018,19393,N8549Z,5345,1079206,BUF,1530402,TPA,2000,20,2219,4,4.030194512
2067,08/05/2018,19393,N951WN,3832,1080003,BUR,1125903,DAL,1559,14,2050,5,4.030194512
2068,08/05/2018,19393,N8615E,1724,1080003,BUR,1129202,DEN,730,0,1024,-16,4.030194512
2069,08/05/2018,19393,N460WN,3775,1080003,BUR,1129202,DEN,1539,144,1843,138,0
2070,08/05/2018,19393,N7858A,4420,1080003,BUR,1129202,DEN,1040,25,1336,6,4.030194512
2071,08/05/2018,19393,N452WN,256,1080003,BUR,1288903,LAS,2254,69,2347,62,0
2072,08/05/2018,19393,N467WN,2618,1080003,BUR,1288903,LAS,1638,33,1733,23,0
2073,08/05/2018,19393,N7744A,2921,1080003,BUR,1288903,LAS,656,-4,752,-13,4.030194512
2074,08/05/2018,19393,N551WN,3851,1080003,BUR,1288903,LAS,1222,2,1321,-4,4.030194512
2075,08/05/2018,19393,N277WN,4280,1080003,BUR,1288903,LAS,1844,-1,1939,-6,4.030194512
2076,08/05/2018,19393,N212WN,4477,1080003,BUR,1288903,LAS,1720,0,1822,-3,4.030194512
2077,08/05/2018,19393,N943WN,4791,1080003,BUR,1288903,LAS,1410,15,1509,9,4.030194512
2078,08/05/2018,19393,N414WN,5072,1080003,BUR,1288903,LAS,832,-3,929,-6,4.030194512
2079,08/05/2018,19393,N942WN,5114,1080003,BUR,1288903,LAS,1030,0,1125,-10,4.030194512
2080,08/05/2018,19393,N711HK,2778,1080003,BUR,1379608,OAK,2052,47,2156,41,0
2081,08/05/2018,19393,N211WN,2932,1080003,BUR,1379608,OAK,712,-8,820,-15,4.030194512
2082,08/05/2018,19393,N771SA,2962,1080003,BUR,1379608,OAK,1411,36,1521,36,0
2083,08/05/2018,19393,N956WN,3346,1080003,BUR,1379608,OAK,1717,42,1821,36,0
2084,08/05/2018,19393,N566WN,4735,1080003,BUR,1379608,OAK,1457,12,1600,5,4.030194512
2085,08/05/2018,19393,N228WN,4840,1080003,BUR,1379608,OAK,1234,24,1337,17,0
2086,08/05/2018,19393,N200WN,4992,1080003,BUR,1379608,OAK,833,-2,941,-4,4.030194512
2087,08/05/2018,19393,N7844A,5085,1080003,BUR,1379608,OAK,2141,-4,2246,-9,4.030194512
2088,08/05/2018,19393,N555LV,5109,1080003,BUR,1379608,OAK,1120,0,1225,-5,4.030194512
2089,08/05/2018,19393,N781WN,5141,1080003,BUR,1379608,OAK,921,-4,1027,-8,4.030194512
2090,08/05/2018,19393,N488WN,5153,1080003,BUR,1379608,OAK,1818,-2,1926,-4,4.030194512
2091,08/05/2018,19393,N435WN,4611,1080003,BUR,1405702,PDX,1044,14,1248,8,4.030194512
2092,08/05/2018,19393,N8539V,1528,1080003,BUR,1410702,PHX,914,-1,1035,-5,4.030194512
2093,08/05/2018,19393,N7822A,3332,1080003,BUR,1410702,PHX,1148,8,1303,-2,4.030194512
2094,08/05/2018,19393,N7726A,3755,1080003,BUR,1410702,PHX,2144,-1,2257,-8,4.030194512
2095,08/05/2018,19393,N499WN,3765,1080003,BUR,1410702,PHX,1626,1,1741,-9,4.030194512
2096,08/05/2018,19393,N556WN,5361,1080003,BUR,1410702,PHX,725,0,833,-22,4.030194512
2097,08/05/2018,19393,N7715E,2943,1080003,BUR,1477104,SFO,700,-5,811,-14,4.030194512
2098,08/05/2018,19393,N761RR,3526,1080003,BUR,1477104,SFO,2053,-2,2209,-1,4.030194512
2099,08/05/2018,19393,N768SW,5174,1080003,BUR,1477104,SFO,1315,5,1433,8,4.030194512
2100,08/05/2018,19393,N768SW,5179,1080003,BUR,1477104,SFO,1702,22,1812,17,0
2101,08/05/2018,19393,N720WN,799,1080003,BUR,1483106,SJC,1911,21,2011,16,0
2102,08/05/2018,19393,N7716A,1326,1080003,BUR,1483106,SJC,844,-1,945,-5,4.030194512
2103,08/05/2018,19393,N405WN,2280,1080003,BUR,1483106,SJC,1706,-4,1807,-8,4.030194512
2104,08/05/2018,19393,N211WN,4371,1080003,BUR,1483106,SJC,1041,-4,1151,1,4.030194512
2105,08/05/2018,19393,N7864B,4718,1080003,BUR,1483106,SJC,1431,16,1526,6,4.030194512
2106,08/05/2018,19393,N294WN,4829,1080003,BUR,1483106,SJC,1536,11,1642,12,4.030194512
2107,08/05/2018,19393,N793SA,5499,1080003,BUR,1483106,SJC,2019,9,2121,6,4.030194512
2108,08/05/2018,19393,N7843A,3347,1080003,BUR,1486903,SLC,1957,52,2227,42,0
2109,08/05/2018,19393,N200WN,1764,1080003,BUR,1489302,SMF,1543,8,1702,12,4.030194512
2110,08/05/2018,19393,N201LV,2781,1080003,BUR,1489302,SMF,705,-5,821,-9,4.030194512
2111,08/05/2018,19393,N764SW,3845,1080003,BUR,1489302,SMF,1937,-3,2048,-7,4.030194512
2112,08/05/2018,19393,N711HK,4600,1080003,BUR,1489302,SMF,1302,7,1415,5,4.030194512
2113,08/05/2018,19393,N927WN,4638,1080003,BUR,1489302,SMF,1722,2,1838,3,4.030194512
2114,08/05/2018,19393,N723SW,4730,1080003,BUR,1489302,SMF,1114,4,1220,-5,4.030194512
2115,08/05/2018,19393,N739GB,5316,1080003,BUR,1489302,SMF,2053,-2,2200,-10,4.030194512
2116,08/05/2018,19393,N952WN,3241,1082106,BWI,1014005,ABQ,1419,4,1602,-23,4.030194512
2117,08/05/2018,19393,N287WN,5553,1082106,BWI,1014005,ABQ,824,-1,1032,-3,4.030194512
2118,08/05/2018,19393,N7742B,274,1082106,BWI,1025702,ALB,2037,37,2142,32,0
2119,08/05/2018,19393,N449WN,2893,1082106,BWI,1025702,ALB,1301,-4,1402,-13,4.030194512
2120,08/05/2018,19393,N239WN,2995,1082106,BWI,1025702,ALB,1805,50,1910,40,0
2121,08/05/2018,19393,N7831B,3819,1082106,BWI,1025702,ALB,857,-3,1014,-1,4.030194512
2122,08/05/2018,19393,N944WN,4511,1082106,BWI,1025702,ALB,2317,22,18,13,4.030194512
2123,08/05/2018,19393,N451WN,444,1082106,BWI,1039707,ATL,810,-5,955,-15,4.030194512
2124,08/05/2018,19393,N8668A,1594,1082106,BWI,1039707,ATL,1930,70,2126,66,0
2125,08/05/2018,19393,N8501V,2788,1082106,BWI,1039707,ATL,700,0,853,3,4.030194512
2126,08/05/2018,19393,N230WN,3361,1082106,BWI,1039707,ATL,2024,4,2225,15,0
2127,08/05/2018,19393,N275WN,4376,1082106,BWI,1039707,ATL,2202,2,2342,-13,4.030194512
2128,08/05/2018,19393,N793SA,5523,1082106,BWI,1039707,ATL,1322,-3,1500,-20,4.030194512
2129,08/05/2018,19393,N7887A,3252,1082106,BWI,1042302,AUS,1410,10,1613,-12,4.030194512
2130,08/05/2018,19393,N714CB,5448,1082106,BWI,1042302,AUS,2022,27,2236,21,0
2131,08/05/2018,19393,N269WN,2656,1082106,BWI,1052906,BDL,1055,-5,1154,-16,4.030194512
2132,08/05/2018,19393,N936WN,2953,1082106,BWI,1052906,BDL,2304,9,9,4,4.030194512
2133,08/05/2018,19393,N7812G,3204,1082106,BWI,1052906,BDL,1917,47,2024,39,24
2134,08/05/2018,19393,N262WN,3210,1082106,BWI,1052906,BDL,1524,19,1627,12,4.030194512
2135,08/05/2018,19393,N941WN,4119,1082106,BWI,1052906,BDL,721,-9,826,-14,4.030194512
2136,08/05/2018,19393,N968WN,4184,1082106,BWI,1052906,BDL,922,2,1022,-8,4.030194512
2137,08/05/2018,19393,N449WN,5078,1082106,BWI,1052906,BDL,2241,151,2345,145,0
2138,08/05/2018,19393,N8314L,1426,1082106,BWI,1059904,BHM,907,-3,958,-12,4.030194512
2139,08/05/2018,19393,N8577Z,2731,1082106,BWI,1069302,BNA,2237,2,2313,-12,4.030194512
2140,08/05/2018,19393,N7855A,3853,1082106,BWI,1069302,BNA,609,-1,640,-20,4.030194512
2141,08/05/2018,19393,N7725A,4403,1082106,BWI,1069302,BNA,1442,2,1537,2,4.030194512
2142,08/05/2018,19393,N7748A,4612,1082106,BWI,1069302,BNA,1943,43,2019,29,13
2143,08/05/2018,19393,N7830A,4964,1082106,BWI,1069302,BNA,2114,29,2155,20,0
2144,08/05/2018,19393,N763SW,5198,1082106,BWI,1069302,BNA,934,-6,1005,-25,4.030194512
2145,08/05/2018,19393,N243WN,856,1082106,BWI,1072102,BOS,1948,28,2104,14,4.030194512
2146,08/05/2018,19393,N477WN,2981,1082106,BWI,1072102,BOS,645,-5,759,-16,4.030194512
2147,08/05/2018,19393,N704SW,3064,1082106,BWI,1072102,BOS,1349,-1,1510,-10,4.030194512
2148,08/05/2018,19393,N7832A,3132,1082106,BWI,1072102,BOS,928,-2,1040,-15,4.030194512
2149,08/05/2018,19393,N7884G,3302,1082106,BWI,1072102,BOS,1056,-4,1212,-18,4.030194512
2150,08/05/2018,19393,N8655D,4251,1082106,BWI,1072102,BOS,2137,7,2256,1,4.030194512
2151,08/05/2018,19393,N904WN,4691,1082106,BWI,1072102,BOS,1633,8,1800,5,4.030194512
2152,08/05/2018,19393,N962WN,4928,1082106,BWI,1072102,BOS,2257,7,13,-2,4.030194512
2153,08/05/2018,19393,N766SW,5204,1082106,BWI,1072102,BOS,1525,20,1642,7,4.030194512
2154,08/05/2018,19393,N477WN,2908,1082106,BWI,1079206,BUF,2248,-2,2351,-4,4.030194512
2155,08/05/2018,19393,N718SW,3972,1082106,BWI,1079206,BUF,1111,1,1211,-4,4.030194512
2156,08/05/2018,19393,N263WN,4988,1082106,BWI,1079206,BUF,1657,2,1758,-7,4.030194512
2157,08/05/2018,19393,N766SW,5211,1082106,BWI,1079206,BUF,2002,12,2104,4,4.030194512
2158,08/05/2018,19393,N944WN,2819,1082106,BWI,1099402,CHS,1610,-5,1814,24,0
2159,08/05/2018,19393,N947WN,3728,1082106,BWI,1099402,CHS,901,-4,1045,0,4.030194512
2160,08/05/2018,19393,N253WN,4906,1082106,BWI,1099402,CHS,2033,38,2155,25,0
2161,08/05/2018,19393,N726SW,5216,1082106,BWI,1099402,CHS,1237,-3,1402,-13,4.030194512
2162,08/05/2018,19393,N8525S,1759,1082106,BWI,1104205,CLE,2325,0,35,-5,4.030194512
2163,08/05/2018,19393,N704SW,3063,1082106,BWI,1104205,CLE,1008,-2,1117,-3,4.030194512
2164,08/05/2018,19393,N7868K,4787,1082106,BWI,1104205,CLE,1707,27,1814,19,0
2165,08/05/2018,19393,N412WN,4164,1082106,BWI,1105703,CLT,1028,-7,1154,-6,4.030194512
2166,08/05/2018,19393,N966WN,4185,1082106,BWI,1105703,CLT,2010,30,2128,23,0
2167,08/05/2018,19393,N8532S,3019,1082106,BWI,1106606,CMH,1950,20,2103,13,4.030194512
2168,08/05/2018,19393,N7742B,4448,1082106,BWI,1106606,CMH,837,-3,945,-15,4.030194512
2169,08/05/2018,19393,N237WN,4654,1082106,BWI,1106606,CMH,2356,21,107,17,0
2170,08/05/2018,19393,N254WN,2648,1082106,BWI,1119302,CVG,1559,-1,1727,-8,4.030194512
2171,08/05/2018,19393,N7723E,3034,1082106,BWI,1119302,CVG,900,5,1025,-5,4.030194512
2172,08/05/2018,19393,N203WN,3295,1082106,BWI,1119302,CVG,2313,-7,26,-29,4.030194512
2173,08/05/2018,19393,N500WR,1416,1082106,BWI,1125903,DAL,1000,0,1142,-23,4.030194512
2174,08/05/2018,19393,N8676A,3747,1082106,BWI,1125903,DAL,2048,53,2232,32,0
2175,08/05/2018,19393,N8632A,4360,1082106,BWI,1125903,DAL,1705,30,1859,14,4.030194512
2176,08/05/2018,19393,N259WN,5331,1082106,BWI,1125903,DAL,612,-3,804,-16,4.030194512
2177,08/05/2018,19393,N745SW,3090,1082106,BWI,1129202,DEN,621,1,754,-21,4.030194512
2178,08/05/2018,19393,N8690A,3133,1082106,BWI,1129202,DEN,1731,1,1959,29,0
2179,08/05/2018,19393,N8718Q,3607,1082106,BWI,1129202,DEN,1113,-2,1252,-13,4.030194512
2180,08/05/2018,19393,N8655D,4051,1082106,BWI,1129202,DEN,829,-1,1012,-13,4.030194512
2181,08/05/2018,19393,N8708Q,4635,1082106,BWI,1129202,DEN,1536,31,1724,24,0
2182,08/05/2018,19393,N8678E,5020,1082106,BWI,1129202,DEN,2238,-2,19,-16,4.030194512
2183,08/05/2018,19393,N8511K,2990,1082106,BWI,1143302,DTW,1855,0,2047,22,0
2184,08/05/2018,19393,N7845A,3343,1082106,BWI,1143302,DTW,854,-1,1012,-18,4.030194512
2185,08/05/2018,19393,N272WN,3900,1082106,BWI,1143302,DTW,2307,22,23,8,4.030194512
2186,08/05/2018,19393,N710SW,3902,1082106,BWI,1148102,ECP,1447,22,1611,36,0
2187,08/05/2018,19393,N263WN,3027,1082106,BWI,1169706,FLL,614,-6,836,-19,4.030194512
2188,08/05/2018,19393,N8504G,3510,1082106,BWI,1169706,FLL,1956,21,2220,10,4.030194512
2189,08/05/2018,19393,N707SA,3802,1082106,BWI,1169706,FLL,1257,-3,1518,-17,4.030194512
2190,08/05/2018,19393,N455WN,4001,1082106,BWI,1169706,FLL,1719,9,2019,34,0
2191,08/05/2018,19393,N8512U,4717,1082106,BWI,1169706,FLL,2119,-1,2340,-15,4.030194512
2192,08/05/2018,19393,N291WN,4801,1082106,BWI,1169706,FLL,726,-4,957,-13,4.030194512
2193,08/05/2018,19393,N8319F,4868,1082106,BWI,1169706,FLL,1113,-2,1328,-22,4.030194512
2194,08/05/2018,19393,N8662F,5445,1082106,BWI,1169706,FLL,2242,2,102,-8,4.030194512
2195,08/05/2018,19393,N8526W,5561,1082106,BWI,1169706,FLL,1506,16,1720,-5,4.030194512
2196,08/05/2018,19393,N491WN,2882,1082106,BWI,1198603,GRR,1554,-6,1724,-16,4.030194512
2197,08/05/2018,19393,N470WN,1745,1082106,BWI,1219102,HOU,747,2,950,-5,4.030194512
2198,08/05/2018,19393,N7845A,3589,1082106,BWI,1219102,HOU,1819,14,2040,20,0
2199,08/05/2018,19393,N8555Z,4915,1082106,BWI,1219102,HOU,1334,-1,1533,-12,4.030194512
2200,08/05/2018,19393,N8578Q,4918,1082106,BWI,1219102,HOU,2126,-4,2325,-20,4.030194512
2201,08/05/2018,19393,N7812G,3004,1082106,BWI,1233904,IND,1058,-2,1223,-17,4.030194512
2202,08/05/2018,19393,N560WN,3309,1082106,BWI,1233904,IND,2036,36,2210,30,0
2203,08/05/2018,19393,N791SW,5334,1082106,BWI,1233904,IND,1659,-1,1836,-9,4.030194512
2204,08/05/2018,19393,N8608N,1424,1082106,BWI,1239102,ISP,1658,18,1757,12,4.030194512
2205,08/05/2018,19393,N8301J,4833,1082106,BWI,1239102,ISP,857,-8,1001,-9,4.030194512
2206,08/05/2018,19393,N437WN,5121,1082106,BWI,1239102,ISP,2302,2,2400,-5,4.030194512
2207,08/05/2018,19393,N766SW,5203,1082106,BWI,1239102,ISP,1141,1,1243,3,4.030194512
2208,08/05/2018,19393,N7876A,3001,1082106,BWI,1245102,JAX,1534,9,1723,-2,4.030194512
2209,08/05/2018,19393,N7859B,3015,1082106,BWI,1245102,JAX,2145,50,2333,38,0
2210,08/05/2018,19393,N481WN,3378,1082106,BWI,1245102,JAX,1819,4,2023,8,4.030194512
2211,08/05/2018,19393,N234WN,4220,1082106,BWI,1245102,JAX,832,2,1018,-12,4.030194512
2212,08/05/2018,19393,N8517F,2952,1082106,BWI,1288903,LAS,636,-4,813,-27,4.030194512
2213,08/05/2018,19393,N8554X,3099,1082106,BWI,1288903,LAS,2015,5,2202,-8,4.030194512
2214,08/05/2018,19393,N8611F,3191,1082106,BWI,1288903,LAS,2222,-3,2,-23,4.030194512
2215,08/05/2018,19393,N8656B,4855,1082106,BWI,1288903,LAS,1348,13,1537,2,4.030194512
2216,08/05/2018,19393,N8673F,5155,1082106,BWI,1288903,LAS,1054,-1,1244,-11,4.030194512
2217,08/05/2018,19393,N8652B,5509,1082106,BWI,1288903,LAS,1649,19,1839,4,4.030194512
2218,08/05/2018,19393,N8519R,428,1082106,BWI,1289208,LAX,1511,6,1724,-16,4.030194512
2219,08/05/2018,19393,N8662F,4530,1082106,BWI,1289208,LAX,936,1,1139,-31,4.030194512
2220,08/05/2018,19393,N8565Z,5579,1082106,BWI,1289208,LAX,2057,27,2310,5,4.030194512
2221,08/05/2018,19393,N941WN,2986,1082106,BWI,1319801,MCI,1112,-3,1228,-27,4.030194512
2222,08/05/2018,19393,N213WN,3472,1082106,BWI,1319801,MCI,2051,6,2221,-4,4.030194512
2223,08/05/2018,19393,N7739A,3749,1082106,BWI,1319801,MCI,1629,9,1804,4,4.030194512
2224,08/05/2018,19393,N8691A,371,1082106,BWI,1320402,MCO,622,7,822,-8,4.030194512
2225,08/05/2018,19393,N213WN,670,1082106,BWI,1320402,MCO,1252,7,1457,-3,4.030194512
2226,08/05/2018,19393,N7727A,2754,1082106,BWI,1320402,MCO,657,-3,906,-9,4.030194512
2227,08/05/2018,19393,N7744A,3349,1082106,BWI,1320402,MCO,2002,-3,2210,-10,4.030194512
2228,08/05/2018,19393,N7730A,3633,1082106,BWI,1320402,MCO,1950,50,2156,41,15
2229,08/05/2018,19393,N8626B,3980,1082106,BWI,1320402,MCO,1008,-2,1213,-12,4.030194512
2230,08/05/2018,19393,N245WN,4011,1082106,BWI,1320402,MCO,2129,24,2328,8,4.030194512
2231,08/05/2018,19393,N8713M,4388,1082106,BWI,1320402,MCO,1813,18,2042,32,0
2232,08/05/2018,19393,N8642E,5254,1082106,BWI,1320402,MCO,1434,29,1641,16,0
2233,08/05/2018,19393,N8503A,5600,1082106,BWI,1320402,MCO,809,-6,1014,-21,4.030194512
2234,08/05/2018,19393,N239WN,2939,1082106,BWI,1323202,MDW,2248,-2,2336,-14,4.030194512
2235,08/05/2018,19393,N8648A,3023,1082106,BWI,1323202,MDW,1930,20,2029,19,18
2236,08/05/2018,19393,N451WN,3141,1082106,BWI,1323202,MDW,2114,19,2224,29,0
2237,08/05/2018,19393,N8534Z,4303,1082106,BWI,1323202,MDW,1325,10,1401,-14,4.030194512
2238,08/05/2018,19393,N7749B,4663,1082106,BWI,1323202,MDW,1610,0,1730,20,0
2239,08/05/2018,19393,N7864B,4724,1082106,BWI,1323202,MDW,721,-4,820,-5,4.030194512
2240,08/05/2018,19393,N8627B,5234,1082106,BWI,1323202,MDW,1146,-4,1226,-24,4.030194512
2241,08/05/2018,19393,N463WN,5569,1082106,BWI,1323202,MDW,1019,-1,1104,-11,4.030194512
2242,08/05/2018,19393,N777QC,779,1082106,BWI,1324402,MEM,847,17,946,-4,4.030194512
2243,08/05/2018,19393,N8684F,3353,1082106,BWI,1324402,MEM,2004,9,2110,0,4.030194512
2244,08/05/2018,19393,N289CT,2760,1082106,BWI,1329604,MHT,2258,13,12,7,4.030194512
2245,08/05/2018,19393,N8677A,2968,1082106,BWI,1329604,MHT,758,-2,909,-11,4.030194512
2246,08/05/2018,19393,N760SW,3485,1082106,BWI,1329604,MHT,1717,-3,1835,-5,4.030194512
2247,08/05/2018,19393,N254WN,3659,1082106,BWI,1329604,MHT,1142,-3,1256,-9,4.030194512
2248,08/05/2018,19393,N247WN,4067,1082106,BWI,1329604,MHT,1949,34,2106,31,16
2249,08/05/2018,19393,N8676A,5069,1082106,BWI,1329604,MHT,1530,5,1644,-1,4.030194512
2250,08/05/2018,19393,N8654B,4054,1082106,BWI,1334207,MKE,1546,1,1640,-5,4.030194512
2251,08/05/2018,19393,N8568Z,4246,1082106,BWI,1334207,MKE,2251,6,2335,-10,4.030194512
2252,08/05/2018,19393,N909WN,4895,1082106,BWI,1334207,MKE,827,-3,909,-26,4.030194512
2253,08/05/2018,19393,N7727A,156,1082106,BWI,1348702,MSP,1459,-1,1637,-3,4.030194512
2254,08/05/2018,19393,N567WN,3033,1082106,BWI,1348702,MSP,2120,55,2259,54,0
2255,08/05/2018,19393,N442WN,2993,1082106,BWI,1349505,MSY,1016,-4,1146,-14,4.030194512
2256,08/05/2018,19393,N8717M,3050,1082106,BWI,1349505,MSY,857,2,1022,-13,4.030194512
2257,08/05/2018,19393,N8567Z,3186,1082106,BWI,1349505,MSY,1550,0,1711,-19,4.030194512
2258,08/05/2018,19393,N8507C,5306,1082106,BWI,1349505,MSY,2139,49,2300,30,0
2259,08/05/2018,19393,N8307K,3179,1082106,BWI,1379608,OAK,1420,0,1710,5,4.030194512
2260,08/05/2018,19393,N785SW,4181,1082106,BWI,1385103,OKC,1501,16,1646,-4,4.030194512
2261,08/05/2018,19393,N264LV,2642,1082106,BWI,1393102,ORF,836,-4,919,-16,4.030194512
2262,08/05/2018,19393,N7711N,2691,1082106,BWI,1393102,ORF,1459,4,1539,-6,4.030194512
2263,08/05/2018,19393,N7724A,2977,1082106,BWI,1393102,ORF,1127,-8,1209,-16,4.030194512
2264,08/05/2018,19393,N7739A,3696,1082106,BWI,1393102,ORF,2314,19,2359,14,4.030194512
2265,08/05/2018,19393,N284WN,2985,1082106,BWI,1402702,PBI,952,-3,1203,-17,4.030194512
2266,08/05/2018,19393,N8524Z,3598,1082106,BWI,1402702,PBI,2036,1,2250,-10,4.030194512
2267,08/05/2018,19393,N8672F,4167,1082106,BWI,1402702,PBI,1654,34,1923,38,34
2268,08/05/2018,19393,N269WN,2655,1082106,BWI,1405702,PDX,1444,4,1705,-15,4.030194512
2269,08/05/2018,19393,N8651A,4145,1082106,BWI,1410702,PHX,636,-4,758,-27,4.030194512
2270,08/05/2018,19393,N946WN,4665,1082106,BWI,1410702,PHX,2034,34,2202,12,4.030194512
2271,08/05/2018,19393,N8601C,5338,1082106,BWI,1410702,PHX,1420,0,1555,-15,4.030194512
2272,08/05/2018,19393,N473WN,3690,1082106,BWI,1412202,PIT,1104,-6,1150,-20,4.030194512
2273,08/05/2018,19393,N7752B,4590,1082106,BWI,1412202,PIT,2307,2,2359,-6,4.030194512
2274,08/05/2018,19393,N7862A,1194,1082106,BWI,1430705,PVD,2243,-7,2353,-12,4.030194512
2275,08/05/2018,19393,N215WN,1532,1082106,BWI,1430705,PVD,1030,0,1136,-9,4.030194512
2276,08/05/2018,19393,N8578Q,2784,1082106,BWI,1430705,PVD,1734,24,1841,16,0
2277,08/05/2018,19393,N914WN,2832,1082106,BWI,1430705,PVD,1229,-6,1339,-11,4.030194512
2278,08/05/2018,19393,N7876A,3058,1082106,BWI,1430705,PVD,659,-6,801,-19,4.030194512
2279,08/05/2018,19393,N760SW,3094,1082106,BWI,1430705,PVD,2127,-3,2233,-12,4.030194512
2280,08/05/2018,19393,N926WN,5040,1082106,BWI,1430705,PVD,1958,28,2103,18,18
2281,08/05/2018,19393,N441WN,5125,1082106,BWI,1430705,PVD,1441,1,1552,-3,4.030194512
2282,08/05/2018,19393,N729SW,2972,1082106,BWI,1432105,PWM,2230,-30,2349,-36,4.030194512
2283,08/05/2018,19393,N7876A,3563,1082106,BWI,1432105,PWM,1106,-4,1227,-8,4.030194512
2284,08/05/2018,19393,N946WN,4889,1082106,BWI,1432105,PWM,1533,13,1653,3,4.030194512
2285,08/05/2018,19393,N8538V,1432,1082106,BWI,1449202,RDU,1739,14,1847,17,0
2286,08/05/2018,19393,N248WN,3339,1082106,BWI,1449202,RDU,840,5,938,-7,4.030194512
2287,08/05/2018,19393,N7833A,4269,1082106,BWI,1449202,RDU,1856,1,1957,-3,4.030194512
2288,08/05/2018,19393,N561WN,4363,1082106,BWI,1449202,RDU,1415,15,1521,16,0
2289,08/05/2018,19393,N926WN,4476,1082106,BWI,1449202,RDU,2342,32,42,27,0
2290,08/05/2018,19393,N222WN,5273,1082106,BWI,1449202,RDU,1027,-3,1123,-12,4.030194512
2291,08/05/2018,19393,N7855A,5469,1082106,BWI,1449202,RDU,2054,34,2156,31,0
2292,08/05/2018,19393,N264LV,2647,1082106,BWI,1457606,ROC,1150,0,1251,-9,4.030194512
2293,08/05/2018,19393,N8546V,3342,1082106,BWI,1457606,ROC,2244,-1,2357,2,4.030194512
2294,08/05/2018,19393,N966WN,4123,1082106,BWI,1457606,ROC,1600,0,1705,-5,4.030194512
2295,08/05/2018,19393,N441WN,2970,1082106,BWI,1463502,RSW,614,-6,839,-16,4.030194512
2296,08/05/2018,19393,N408WN,3228,1082106,BWI,1463502,RSW,2025,20,2242,7,4.030194512
2297,08/05/2018,19393,N8553W,3813,1082106,BWI,1463502,RSW,1632,12,1911,21,12
2298,08/05/2018,19393,N741SA,4140,1082106,BWI,1463502,RSW,842,-3,1107,-13,4.030194512
2299,08/05/2018,19393,N8520Q,1575,1082106,BWI,1467903,SAN,1412,7,1608,-17,4.030194512
2300,08/05/2018,19393,N8704Q,2841,1082106,BWI,1467903,SAN,2006,16,2201,-9,4.030194512
2301,08/05/2018,19393,N8580Z,2954,1082106,BWI,1467903,SAN,838,3,1033,-27,4.030194512
2302,08/05/2018,19393,N7724A,2976,1082106,BWI,1468305,SAT,1440,10,1704,-1,4.030194512
2303,08/05/2018,19393,N8717M,3054,1082106,BWI,1468305,SAT,2049,24,2307,12,4.030194512
2304,08/05/2018,19393,N765SW,4708,1082106,BWI,1468305,SAT,834,9,1049,-11,4.030194512
2305,08/05/2018,19393,N7877H,3679,1082106,BWI,1473003,SDF,956,11,1129,4,4.030194512
2306,08/05/2018,19393,N403WN,4345,1082106,BWI,1473003,SDF,1715,30,1849,24,10
2307,08/05/2018,19393,N406WN,5577,1082106,BWI,1473003,SDF,2359,64,127,52,0
2308,08/05/2018,19393,N8661A,5406,1082106,BWI,1474703,SEA,1443,3,1713,-12,4.030194512
2309,08/05/2018,19393,N7875A,4222,1082106,BWI,1483106,SJC,1451,1,1735,0,4.030194512
2310,08/05/2018,19393,N8677A,2964,1082106,BWI,1484306,SJU,1254,-1,1651,-9,4.030194512
2311,08/05/2018,19393,N8668A,4758,1082106,BWI,1484306,SJU,825,0,1219,-16,4.030194512
2312,08/05/2018,19393,N8579Z,4693,1082106,BWI,1486903,SLC,1500,10,1803,33,0
2313,08/05/2018,19393,N215WN,4669,1082106,BWI,1489302,SMF,1418,-2,1657,-3,4.030194512
2314,08/05/2018,19393,N7856A,1422,1082106,BWI,1501606,STL,820,0,911,-19,4.030194512
2315,08/05/2018,19393,N7738A,3734,1082106,BWI,1501606,STL,1822,2,1928,-7,4.030194512
2316,08/05/2018,19393,N7712G,4113,1082106,BWI,1501606,STL,1329,-1,1422,-18,4.030194512
2317,08/05/2018,19393,N8720L,4233,1082106,BWI,1501606,STL,1005,0,1056,-19,4.030194512
2318,08/05/2018,19393,N7709A,5468,1082106,BWI,1501606,STL,2237,82,2340,75,0
2319,08/05/2018,19393,N7723E,3035,1082106,BWI,1530402,TPA,1315,0,1525,-10,4.030194512
2320,08/05/2018,19393,N7873A,3061,1082106,BWI,1530402,TPA,602,-3,811,-14,4.030194512
2321,08/05/2018,19393,N7826B,3383,1082106,BWI,1530402,TPA,1058,23,1302,7,4.030194512
2322,08/05/2018,19393,N743SW,4457,1082106,BWI,1530402,TPA,1954,4,2202,-8,4.030194512
2323,08/05/2018,19393,N8513F,4483,1082106,BWI,1530402,TPA,1711,11,1950,25,11
2324,08/05/2018,19393,N8696E,5026,1082106,BWI,1530402,TPA,1542,7,1757,-3,4.030194512
2325,08/05/2018,19393,N468WN,5478,1082106,BWI,1530402,TPA,835,-5,1049,-11,4.030194512
2326,08/05/2018,19393,N944WN,2819,1099402,CHS,1069302,BNA,1852,27,1915,25,0
2327,08/05/2018,19393,N925WN,4325,1099402,CHS,1069302,BNA,1513,13,1536,11,4.030194512
2328,08/05/2018,19393,N7742B,274,1099402,CHS,1082106,BWI,1759,29,1956,56,0
2329,08/05/2018,19393,N704SW,3063,1099402,CHS,1082106,BWI,804,4,919,-6,4.030194512
2330,08/05/2018,19393,N791SW,4222,1099402,CHS,1082106,BWI,1307,27,1421,11,4.030194512
2331,08/05/2018,19393,N729SW,4985,1099402,CHS,1082106,BWI,1950,-5,2115,-10,4.030194512
2332,08/05/2018,19393,N8310C,4343,1099402,CHS,1125903,DAL,1754,-1,1923,-2,4.030194512
2333,08/05/2018,19393,N947WN,3728,1099402,CHS,1129202,DEN,1127,7,1247,-18,4.030194512
2334,08/05/2018,19393,N726SW,5216,1099402,CHS,1219102,HOU,1454,4,1620,0,4.030194512
2335,08/05/2018,19393,N245WN,4432,1099402,CHS,1323202,MDW,1341,21,1440,10,4.030194512
2336,08/05/2018,19393,N8322X,4746,1099402,CHS,1323202,MDW,1641,-4,1807,12,4.030194512
2337,08/05/2018,19393,N225WN,5596,1099402,CHS,1323202,MDW,650,0,742,-13,4.030194512
2338,08/05/2018,19393,N775SW,2896,1099402,CHS,1501606,STL,1211,11,1259,-1,4.030194512
2339,08/05/2018,19393,N719SW,2937,1104205,CLE,1039707,ATL,813,-2,955,-10,4.030194512
2340,08/05/2018,19393,N924WN,4203,1104205,CLE,1039707,ATL,1733,-2,1919,-6,4.030194512
2341,08/05/2018,19393,N7714B,3069,1104205,CLE,1069302,BNA,710,0,732,-13,4.030194512
2342,08/05/2018,19393,N7868K,4787,1104205,CLE,1069302,BNA,1849,19,1914,14,4.030194512
2343,08/05/2018,19393,N410WN,4938,1104205,CLE,1069302,BNA,1213,-2,1228,-17,4.030194512
2344,08/05/2018,19393,N704SW,3064,1104205,CLE,1082106,BWI,1156,1,1300,-10,4.030194512
2345,08/05/2018,19393,N253WN,4906,1104205,CLE,1082106,BWI,1828,48,1943,48,0
2346,08/05/2018,19393,N287WN,5553,1104205,CLE,1082106,BWI,626,1,730,-10,4.030194512
2347,08/05/2018,19393,N8667D,4311,1104205,CLE,1129202,DEN,1147,2,1240,-15,4.030194512
2348,08/05/2018,19393,N8604K,4447,1104205,CLE,1288903,LAS,632,2,743,-12,4.030194512
2349,08/05/2018,19393,N411WN,253,1104205,CLE,1323202,MDW,2109,-6,2107,-18,4.030194512
2350,08/05/2018,19393,N921WN,3083,1104205,CLE,1323202,MDW,930,-5,938,-7,4.030194512
2351,08/05/2018,19393,N216WR,3494,1104205,CLE,1323202,MDW,1640,5,1643,-7,4.030194512
2352,08/05/2018,19393,N285WN,4509,1104205,CLE,1323202,MDW,710,5,712,-8,4.030194512
2353,08/05/2018,19393,N760SW,3082,1104205,CLE,1334207,MKE,713,-2,718,-22,4.030194512
2354,08/05/2018,19393,N278WN,5697,1104205,CLE,1334207,MKE,1859,-1,1903,-17,4.030194512
2355,08/05/2018,19393,N8603F,4517,1104205,CLE,1410702,PHX,1926,6,2023,-12,4.030194512
2356,08/05/2018,19393,N918WN,3546,1104205,CLE,1501606,STL,2017,-3,2039,-11,4.030194512
2357,08/05/2018,19393,N7856A,4041,1104205,CLE,1501606,STL,1310,10,1331,1,4.030194512
2358,08/05/2018,19393,N7721E,5238,1104205,CLE,1501606,STL,938,-7,1004,-11,4.030194512
2359,08/05/2018,19393,N475WN,4908,1105703,CLT,1069302,BNA,1613,-2,1625,-15,4.030194512
2360,08/05/2018,19393,N280WN,5113,1105703,CLT,1069302,BNA,924,-1,938,-17,4.030194512
2361,08/05/2018,19393,N222WN,5317,1105703,CLT,1082106,BWI,817,-3,936,-9,4.030194512
2362,08/05/2018,19393,N7709A,5468,1105703,CLT,1082106,BWI,2025,80,2149,74,0
2363,08/05/2018,19393,N412WN,4164,1105703,CLT,1125903,DAL,1237,2,1359,-6,4.030194512
2364,08/05/2018,19393,N7741C,2624,1105703,CLT,1219102,HOU,1121,-4,1247,-8,4.030194512
2365,08/05/2018,19393,N453WN,3095,1105703,CLT,1323202,MDW,705,-5,750,-10,4.030194512
2366,08/05/2018,19393,N7873A,5344,1105703,CLT,1323202,MDW,1714,4,1803,-2,4.030194512
2367,08/05/2018,19393,N231WN,1496,1106606,CMH,1039707,ATL,823,-2,945,-10,4.030194512
2368,08/05/2018,19393,N406WN,5577,1106606,CMH,1039707,ATL,1935,105,2053,88,0
2369,08/05/2018,19393,N201LV,2769,1106606,CMH,1069302,BNA,1902,7,1907,-3,4.030194512
2370,08/05/2018,19393,N7713A,4378,1106606,CMH,1069302,BNA,647,-3,648,-12,4.030194512
2371,08/05/2018,19393,N7724A,3101,1106606,CMH,1072102,BOS,633,-7,819,-16,4.030194512
2372,08/05/2018,19393,N763SW,5199,1106606,CMH,1072102,BOS,2204,94,2353,88,0
2373,08/05/2018,19393,N7833A,4269,1106606,CMH,1082106,BWI,1645,-5,1751,-14,4.030194512
2374,08/05/2018,19393,N909WN,4895,1106606,CMH,1082106,BWI,612,-3,719,-11,4.030194512
2375,08/05/2018,19393,N441WN,5125,1106606,CMH,1082106,BWI,1251,1,1359,-1,4.030194512
2376,08/05/2018,19393,N909WN,4548,1106606,CMH,1125903,DAL,1840,40,1951,21,0
2377,08/05/2018,19393,N425LV,3624,1106606,CMH,1127805,DCA,941,-4,1101,6,4.030194512
2378,08/05/2018,19393,N439WN,4521,1106606,CMH,1127805,DCA,1818,13,1925,5,4.030194512
2379,08/05/2018,19393,N951WN,1089,1106606,CMH,1129202,DEN,1219,4,1319,4,4.030194512
2380,08/05/2018,19393,N500WR,1417,1106606,CMH,1129202,DEN,2022,-3,2115,-20,4.030194512
2381,08/05/2018,19393,N237WN,2611,1106606,CMH,1169706,FLL,953,-2,1221,-14,4.030194512
2382,08/05/2018,19393,N8538V,869,1106606,CMH,1288903,LAS,702,-3,808,-12,4.030194512
2383,08/05/2018,19393,N8532S,3019,1106606,CMH,1288903,LAS,2134,-1,2237,-13,4.030194512
2384,08/05/2018,19393,N739GB,5140,1106606,CMH,1288903,LAS,1302,12,1411,6,4.030194512
2385,08/05/2018,19393,N774SW,2662,1106606,CMH,1320402,MCO,612,-3,814,-11,4.030194512
2386,08/05/2018,19393,N8690A,3133,1106606,CMH,1320402,MCO,905,5,1104,-6,4.030194512
2387,08/05/2018,19393,N437WN,3202,1106606,CMH,1320402,MCO,1717,2,1917,-8,4.030194512
2388,08/05/2018,19393,N796SW,5210,1106606,CMH,1320402,MCO,1203,-2,1403,-12,4.030194512
2389,08/05/2018,19393,N208WN,946,1106606,CMH,1323202,MDW,1509,4,1511,-4,4.030194512
2390,08/05/2018,19393,N714CB,2957,1106606,CMH,1323202,MDW,1006,1,1009,-1,4.030194512
2391,08/05/2018,19393,N238WN,3111,1106606,CMH,1323202,MDW,711,-4,713,-12,4.030194512
2392,08/05/2018,19393,N268WN,3478,1106606,CMH,1323202,MDW,1825,15,1829,9,4.030194512
2393,08/05/2018,19393,N425LV,5218,1106606,CMH,1323202,MDW,1320,-5,1325,-10,4.030194512
2394,08/05/2018,19393,N7742B,274,1106606,CMH,1349505,MSY,1024,-6,1124,-11,4.030194512
2395,08/05/2018,19393,N8695D,3333,1106606,CMH,1379608,OAK,1625,0,1823,-2,4.030194512
2396,08/05/2018,19393,N550WN,4414,1106606,CMH,1410702,PHX,1957,2,2043,-12,4.030194512
2397,08/05/2018,19393,N279WN,3634,1106606,CMH,1463502,RSW,549,-6,759,-21,4.030194512
2398,08/05/2018,19393,N7711N,132,1106606,CMH,1501606,STL,2031,-4,2043,-12,4.030194512
2399,08/05/2018,19393,N277WN,4281,1106606,CMH,1501606,STL,1052,2,1107,-8,4.030194512
2400,08/05/2018,19393,N406WN,431,1106606,CMH,1530402,TPA,604,-1,808,-7,4.030194512
2401,08/05/2018,19393,N259WN,1037,1106606,CMH,1530402,TPA,2055,-5,2308,-2,4.030194512
2402,08/05/2018,19393,N922WN,3277,1114008,CRP,1219102,HOU,1747,2,1835,-5,4.030194512
2403,08/05/2018,19393,N746SW,4321,1114008,CRP,1219102,HOU,1200,0,1248,-7,4.030194512
2404,08/05/2018,19393,N725SW,4449,1114008,CRP,1219102,HOU,634,-1,721,-9,4.030194512
2405,08/05/2018,19393,N451WN,444,1119302,CVG,1082106,BWI,559,-1,722,-3,4.030194512
2406,08/05/2018,19393,N7744A,2921,1119302,CVG,1082106,BWI,1721,-4,1858,8,4.030194512
2407,08/05/2018,19393,N7723E,3035,1119302,CVG,1082106,BWI,1104,-1,1222,-8,4.030194512
2408,08/05/2018,19393,N254WN,2648,1119302,CVG,1323202,MDW,1839,29,1831,16,0
2409,08/05/2018,19393,N7743B,3135,1119302,CVG,1323202,MDW,646,-4,644,-11,4.030194512
2410,08/05/2018,19393,N914WN,3270,1119302,CVG,1323202,MDW,2054,-1,2048,-12,4.030194512
2411,08/05/2018,19393,N207WN,4084,1119302,CVG,1323202,MDW,1145,-5,1140,-15,4.030194512
2412,08/05/2018,19393,N493WN,376,1125903,DAL,1014005,ABQ,1126,-4,1209,-6,4.030194512
2413,08/05/2018,19393,N747SA,1083,1125903,DAL,1014005,ABQ,816,-4,849,-16,4.030194512
2414,08/05/2018,19393,N221WN,2580,1125903,DAL,1014005,ABQ,1632,-3,1712,-8,4.030194512
2415,08/05/2018,19393,N413WN,3230,1125903,DAL,1014005,ABQ,1340,0,1413,-12,4.030194512
2416,08/05/2018,19393,N7713A,4778,1125903,DAL,1014005,ABQ,1945,0,2020,-10,4.030194512
2417,08/05/2018,19393,N416WN,5089,1125903,DAL,1027903,AMA,1733,8,1836,1,4.030194512
2418,08/05/2018,19393,N259WN,5331,1125903,DAL,1027903,AMA,902,-3,1006,-9,4.030194512
2419,08/05/2018,19393,N453WN,5364,1125903,DAL,1027903,AMA,2217,12,2316,1,4.030194512
2420,08/05/2018,19393,N940WN,5484,1125903,DAL,1027903,AMA,1350,-5,1453,-12,4.030194512
2421,08/05/2018,19393,N7882B,4316,1125903,DAL,1039707,ATL,700,0,1000,-5,4.030194512
2422,08/05/2018,19393,N8545V,4446,1125903,DAL,1039707,ATL,1432,-3,1731,-14,4.030194512
2423,08/05/2018,19393,N8632A,4948,1125903,DAL,1039707,ATL,1948,13,2247,7,4.030194512
2424,08/05/2018,19393,N8529Z,5011,1125903,DAL,1039707,ATL,1243,33,1537,22,0
2425,08/05/2018,19393,N942WN,5114,1125903,DAL,1039707,ATL,2215,30,113,23,0
2426,08/05/2018,19393,N8570W,22,1125903,DAL,1042302,AUS,713,-2,755,-15,4.030194512
2427,08/05/2018,19393,N218WN,1254,1125903,DAL,1042302,AUS,800,-5,849,-11,4.030194512
2428,08/05/2018,19393,N743SW,2593,1125903,DAL,1042302,AUS,918,3,1000,-10,4.030194512
2429,08/05/2018,19393,N218WN,2789,1125903,DAL,1042302,AUS,1510,5,1648,48,0
2430,08/05/2018,19393,N498WN,3756,1125903,DAL,1042302,AUS,2015,85,2100,75,0
2431,08/05/2018,19393,N951WN,3832,1125903,DAL,1042302,AUS,2139,19,2222,7,4.030194512
2432,08/05/2018,19393,N939WN,3990,1125903,DAL,1042302,AUS,1712,7,1757,-3,4.030194512
2433,08/05/2018,19393,N709SW,4846,1125903,DAL,1042302,AUS,607,-3,652,-28,4.030194512
2434,08/05/2018,19393,N488WN,5149,1125903,DAL,1042302,AUS,1144,-6,1230,-15,4.030194512
2435,08/05/2018,19393,N412WN,852,1125903,DAL,1059904,BHM,1447,7,1611,-9,4.030194512
2436,08/05/2018,19393,N930WN,1658,1125903,DAL,1059904,BHM,2053,-7,2219,-21,4.030194512
2437,08/05/2018,19393,N406WN,431,1125903,DAL,1069302,BNA,1055,0,1234,-6,4.030194512
2438,08/05/2018,19393,N8614M,1515,1125903,DAL,1069302,BNA,755,-5,935,-10,4.030194512
2439,08/05/2018,19393,N701GS,2620,1125903,DAL,1069302,BNA,1405,0,1539,-11,4.030194512
2440,08/05/2018,19393,N226WN,3542,1125903,DAL,1069302,BNA,1911,6,2056,6,4.030194512
2441,08/05/2018,19393,N225WN,5596,1125903,DAL,1069302,BNA,2320,50,58,43,0
2442,08/05/2018,19393,N952WN,3241,1125903,DAL,1072102,BOS,609,4,1046,-14,4.030194512
2443,08/05/2018,19393,N488WN,5153,1125903,DAL,1080003,BUR,1644,-1,1739,-16,4.030194512
2444,08/05/2018,19393,N8512U,2784,1125903,DAL,1082106,BWI,1509,164,1930,185,0
2445,08/05/2018,19393,N7812G,3004,1125903,DAL,1082106,BWI,602,-3,955,-5,4.030194512
2446,08/05/2018,19393,N8546V,3342,1125903,DAL,1082106,BWI,1750,0,2135,-15,4.030194512
2447,08/05/2018,19393,N217JC,3930,1125903,DAL,1082106,BWI,2131,11,119,-1,4.030194512
2448,08/05/2018,19393,N925WN,4325,1125903,DAL,1099402,CHS,1059,-1,1423,-2,4.030194512
2449,08/05/2018,19393,N7873A,5344,1125903,DAL,1105703,CLT,1305,0,1630,-5,4.030194512
2450,08/05/2018,19393,N268WN,3478,1125903,DAL,1106606,CMH,1429,14,1743,8,4.030194512
2451,08/05/2018,19393,N7838A,46,1125903,DAL,1127805,DCA,1959,54,2334,39,0
2452,08/05/2018,19393,N413WN,2748,1125903,DAL,1127805,DCA,603,3,949,-1,4.030194512
2453,08/05/2018,19393,N7731A,4277,1125903,DAL,1127805,DCA,901,-4,1241,-14,4.030194512
2454,08/05/2018,19393,N765SW,4708,1125903,DAL,1127805,DCA,1314,-1,1703,-12,4.030194512
2455,08/05/2018,19393,N8525S,1759,1125903,DAL,1129202,DEN,1506,-4,1615,10,4.030194512
2456,08/05/2018,19393,N8711Q,2615,1125903,DAL,1129202,DEN,633,13,723,-2,4.030194512
2457,08/05/2018,19393,N445WN,2619,1125903,DAL,1129202,DEN,1308,-2,1354,-11,4.030194512
2458,08/05/2018,19393,N207WN,2652,1125903,DAL,1129202,DEN,1908,33,2020,35,0
2459,08/05/2018,19393,N8326F,3176,1125903,DAL,1129202,DEN,1040,95,1121,81,0
2460,08/05/2018,19393,N570WN,5091,1125903,DAL,1129202,DEN,2054,4,2156,1,4.030194512
2461,08/05/2018,19393,N8665D,5519,1125903,DAL,1129202,DEN,1650,5,1810,25,0
2462,08/05/2018,19393,N725SW,4449,1125903,DAL,1143302,DTW,1009,-1,1337,-8,4.030194512
2463,08/05/2018,19393,N921WN,3080,1125903,DAL,1148102,ECP,1800,35,1938,23,0
2464,08/05/2018,19393,N7749B,4663,1125903,DAL,1148102,ECP,954,-1,1133,-12,4.030194512
2465,08/05/2018,19393,N7881A,2658,1125903,DAL,1154005,ELP,1753,13,1834,19,0
2466,08/05/2018,19393,N777QC,2873,1125903,DAL,1154005,ELP,2249,9,2315,0,4.030194512
2467,08/05/2018,19393,N461WN,3549,1125903,DAL,1154005,ELP,910,10,932,-3,4.030194512
2468,08/05/2018,19393,N8541W,745,1125903,DAL,1169706,FLL,1553,3,1921,-19,4.030194512
2469,08/05/2018,19393,N8692F,3157,1125903,DAL,1169706,FLL,559,-1,933,-17,4.030194512
2470,08/05/2018,19393,N909WN,3854,1125903,DAL,1169706,FLL,2033,28,6,16,0
2471,08/05/2018,19393,N259WN,1037,1125903,DAL,1219102,HOU,1242,12,1339,4,4.030194512
2472,08/05/2018,19393,N562WN,2578,1125903,DAL,1219102,HOU,739,9,836,1,4.030194512
2473,08/05/2018,19393,N746SW,2585,1125903,DAL,1219102,HOU,825,-5,916,-19,4.030194512
2474,08/05/2018,19393,N757LV,2610,1125903,DAL,1219102,HOU,1247,77,1347,72,0
2475,08/05/2018,19393,N931WN,2632,1125903,DAL,1219102,HOU,1327,-3,1438,3,4.030194512
2476,08/05/2018,19393,N922WN,2633,1125903,DAL,1219102,HOU,1426,-4,1526,-9,4.030194512
2477,08/05/2018,19393,N780SW,2639,1125903,DAL,1219102,HOU,1648,48,1752,42,0
2478,08/05/2018,19393,N286WN,2641,1125903,DAL,1219102,HOU,1357,-3,1505,0,4.030194512
2479,08/05/2018,19393,N965WN,2663,1125903,DAL,1219102,HOU,1853,23,1945,10,4.030194512
2480,08/05/2018,19393,N562WN,2680,1125903,DAL,1219102,HOU,2057,-3,2150,-15,4.030194512
2481,08/05/2018,19393,N761RR,3024,1125903,DAL,1219102,HOU,935,5,1100,25,0
2482,08/05/2018,19393,N273WN,4093,1125903,DAL,1219102,HOU,1507,7,1716,71,0
2483,08/05/2018,19393,N297WN,4469,1125903,DAL,1219102,HOU,2221,21,2321,21,0
2484,08/05/2018,19393,N757LV,4874,1125903,DAL,1219102,HOU,2024,54,2126,51,0
2485,08/05/2018,19393,N475WN,4908,1125903,DAL,1219102,HOU,1031,1,1128,-7,4.030194512
2486,08/05/2018,19393,N767SW,5302,1125903,DAL,1219102,HOU,1704,4,1759,-6,4.030194512
2487,08/05/2018,19393,N708SW,2594,1125903,DAL,1233904,IND,1108,3,1405,0,4.030194512
2488,08/05/2018,19393,N7876A,4549,1125903,DAL,1233904,IND,2007,-3,2307,-3,4.030194512
2489,08/05/2018,19393,N418WN,5057,1125903,DAL,1245102,JAX,1234,9,1541,1,4.030194512
2490,08/05/2018,19393,N7737E,491,1125903,DAL,1288903,LAS,1324,4,1401,-4,4.030194512
2491,08/05/2018,19393,N8611F,2724,1125903,DAL,1288903,LAS,615,10,650,0,4.030194512
2492,08/05/2018,19393,N8720L,4234,1125903,DAL,1288903,LAS,1808,18,1844,9,4.030194512
2493,08/05/2018,19393,N420WN,4329,1125903,DAL,1288903,LAS,856,11,932,2,4.030194512
2494,08/05/2018,19393,N913WN,4786,1125903,DAL,1288903,LAS,2338,43,11,31,0
2495,08/05/2018,19393,N7811F,3185,1125903,DAL,1289208,LAX,1610,30,1703,8,4.030194512
2496,08/05/2018,19393,N8619F,3440,1125903,DAL,1289208,LAX,1202,62,1256,41,0
2497,08/05/2018,19393,N7718B,3940,1125903,DAL,1289208,LAX,558,-2,653,-22,4.030194512
2498,08/05/2018,19393,N7737E,5555,1125903,DAL,1289208,LAX,2118,13,2245,25,0
2499,08/05/2018,19393,N206WN,4427,1125903,DAL,1289607,LBB,2221,11,2315,0,4.030194512
2500,08/05/2018,19393,N488WN,5146,1125903,DAL,1289607,LBB,823,-2,913,-17,4.030194512
2501,08/05/2018,19393,N290WN,5206,1125903,DAL,1289607,LBB,1218,-2,1333,8,4.030194512
2502,08/05/2018,19393,N7818L,5390,1125903,DAL,1289607,LBB,1611,11,1708,3,4.030194512
2503,08/05/2018,19393,N8522P,1462,1125903,DAL,1295304,LGA,1744,-1,2153,-22,4.030194512
2504,08/05/2018,19393,N408WN,4097,1125903,DAL,1295304,LGA,631,1,1052,-8,4.030194512
2505,08/05/2018,19393,N8659D,5228,1125903,DAL,1295304,LGA,1431,21,1846,6,4.030194512
2506,08/05/2018,19393,N8540V,5426,1125903,DAL,1295304,LGA,1107,-3,1519,-16,4.030194512
2507,08/05/2018,19393,N930WN,1657,1125903,DAL,1299206,LIT,1745,-5,1842,-13,4.030194512
2508,08/05/2018,19393,N938WN,4323,1125903,DAL,1299206,LIT,940,5,1041,1,4.030194512
2509,08/05/2018,19393,N922WN,6589,1125903,DAL,1299206,LIT,2214,-6,2312,-13,4.030194512
2510,08/05/2018,19393,N241WN,3199,1125903,DAL,1315805,MAF,755,-5,852,-18,4.030194512
2511,08/05/2018,19393,N241WN,4513,1125903,DAL,1315805,MAF,1139,14,1238,8,4.030194512
2512,08/05/2018,19393,N943WN,4791,1125903,DAL,1315805,MAF,2241,36,2342,32,0
2513,08/05/2018,19393,N410WN,4938,1125903,DAL,1315805,MAF,1546,1,1642,-8,4.030194512
2514,08/05/2018,19393,N286WN,1546,1125903,DAL,1319801,MCI,2201,11,2324,4,4.030194512
2515,08/05/2018,19393,N296WN,3274,1125903,DAL,1319801,MCI,554,-6,723,-17,4.030194512
2516,08/05/2018,19393,N912WN,3520,1125903,DAL,1319801,MCI,933,-2,1056,-9,4.030194512
2517,08/05/2018,19393,N465WN,3532,1125903,DAL,1319801,MCI,1726,6,1845,-5,4.030194512
2518,08/05/2018,19393,N795SW,4676,1125903,DAL,1319801,MCI,1523,3,1647,-3,4.030194512
2519,08/05/2018,19393,N919WN,5428,1125903,DAL,1319801,MCI,749,-1,912,-8,4.030194512
2520,08/05/2018,19393,N500WR,1417,1125903,DAL,1320402,MCO,1252,-3,1615,-20,4.030194512
2521,08/05/2018,19393,N8320J,3126,1125903,DAL,1320402,MCO,609,-1,943,-12,4.030194512
2522,08/05/2018,19393,N401WN,4984,1125903,DAL,1320402,MCO,2038,8,2353,-12,4.030194512
2523,08/05/2018,19393,N725SW,5292,1125903,DAL,1320402,MCO,1648,8,2014,-1,4.030194512
2524,08/05/2018,19393,N8518R,705,1125903,DAL,1323202,MDW,1351,6,1554,-1,4.030194512
2525,08/05/2018,19393,N7861J,2732,1125903,DAL,1323202,MDW,722,-3,925,-10,4.030194512
2526,08/05/2018,19393,N8575Z,2741,1125903,DAL,1323202,MDW,1717,2,1922,-3,4.030194512
2527,08/05/2018,19393,N7743B,3142,1125903,DAL,1323202,MDW,1134,-1,1336,-9,4.030194512
2528,08/05/2018,19393,N441WN,4103,1125903,DAL,1323202,MDW,2159,9,1,6,4.030194512
2529,08/05/2018,19393,N280WN,5113,1125903,DAL,1323202,MDW,2010,0,2216,-4,4.030194512
2530,08/05/2018,19393,N8616C,5912,1125903,DAL,1323202,MDW,610,0,825,0,4.030194512
2531,08/05/2018,19393,N474WN,3477,1125903,DAL,1324402,MEM,1802,2,1917,-8,4.030194512
2532,08/05/2018,19393,N206WN,3523,1125903,DAL,1324402,MEM,1032,-3,1145,-15,4.030194512
2533,08/05/2018,19393,N792SW,3322,1125903,DAL,1348702,MSP,834,-1,1044,-11,4.030194512
2534,08/05/2018,19393,N231WN,1496,1125903,DAL,1349505,MSY,1737,12,1854,4,4.030194512
2535,08/05/2018,19393,N949WN,2916,1125903,DAL,1349505,MSY,1928,18,2036,6,4.030194512
2536,08/05/2018,19393,N7723E,3036,1125903,DAL,1349505,MSY,2222,22,2340,20,0
2537,08/05/2018,19393,N7887A,3252,1125903,DAL,1349505,MSY,659,-6,825,0,4.030194512
2538,08/05/2018,19393,N7825A,3375,1125903,DAL,1349505,MSY,942,-3,1059,-11,4.030194512
2539,08/05/2018,19393,N7830A,4597,1125903,DAL,1349505,MSY,1256,-4,1408,-17,4.030194512
2540,08/05/2018,19393,N8323C,3569,1125903,DAL,1379608,OAK,737,12,916,11,4.030194512
2541,08/05/2018,19393,N468WN,3651,1125903,DAL,1379608,OAK,2022,17,2157,12,4.030194512
2542,08/05/2018,19393,N7849A,3344,1125903,DAL,1385103,OKC,2228,-7,2329,-1,4.030194512
2543,08/05/2018,19393,N7843A,3617,1125903,DAL,1385103,OKC,924,-6,1009,-16,4.030194512
2544,08/05/2018,19393,N7863A,4887,1125903,DAL,1385103,OKC,1800,0,1848,-7,4.030194512
2545,08/05/2018,19393,N472WN,5288,1125903,DAL,1387102,OMA,1054,-1,1234,-1,4.030194512
2546,08/05/2018,19393,N400WN,5142,1125903,DAL,1389101,ONT,1524,14,1610,0,4.030194512
2547,08/05/2018,19393,N761RR,3526,1125903,DAL,1405702,PDX,1549,-1,1738,-7,4.030194512
2548,08/05/2018,19393,N953WN,3418,1125903,DAL,1410005,PHL,732,-3,1149,-1,4.030194512
2549,08/05/2018,19393,N7824A,3578,1125903,DAL,1410702,PHX,1614,4,1627,-8,4.030194512
2550,08/05/2018,19393,N8310C,4343,1125903,DAL,1410702,PHX,2014,-1,2027,-13,4.030194512
2551,08/05/2018,19393,N7722B,4599,1125903,DAL,1410702,PHX,1052,-3,1103,-17,4.030194512
2552,08/05/2018,19393,N8543Z,4670,1125903,DAL,1410702,PHX,600,0,610,-20,4.030194512
2553,08/05/2018,19393,N8502Z,4877,1125903,DAL,1410702,PHX,1236,-4,1253,-12,4.030194512
2554,08/05/2018,19393,N7883A,5557,1125903,DAL,1410702,PHX,1436,1,1445,-10,4.030194512
2555,08/05/2018,19393,N206WN,4424,1125903,DAL,1412202,PIT,1427,-3,1811,6,4.030194512
2556,08/05/2018,19393,N794SW,5166,1125903,DAL,1419306,PNS,1416,-4,1547,-13,4.030194512
2557,08/05/2018,19393,N229WN,4706,1125903,DAL,1449202,RDU,1051,-4,1422,-13,4.030194512
2558,08/05/2018,19393,N746SW,4321,1125903,DAL,1457002,RNO,1514,4,1630,0,4.030194512
2559,08/05/2018,19393,N569WN,2705,1125903,DAL,1467903,SAN,1627,2,1731,11,4.030194512
2560,08/05/2018,19393,N261WN,2877,1125903,DAL,1467903,SAN,1908,3,1950,-10,4.030194512
2561,08/05/2018,19393,N8699A,4487,1125903,DAL,1467903,SAN,558,-2,643,-12,4.030194512
2562,08/05/2018,19393,N8706W,4859,1125903,DAL,1467903,SAN,1237,7,1322,-3,4.030194512
2563,08/05/2018,19393,N559WN,1589,1125903,DAL,1468305,SAT,1310,0,1404,-11,4.030194512
2564,08/05/2018,19393,N241WN,2654,1125903,DAL,1468305,SAT,1657,22,1752,12,4.030194512
2565,08/05/2018,19393,N940WN,2824,1125903,DAL,1468305,SAT,1747,2,1839,-6,4.030194512
2566,08/05/2018,19393,N798SW,3932,1125903,DAL,1468305,SAT,957,72,1051,66,0
2567,08/05/2018,19393,N218WN,4256,1125903,DAL,1468305,SAT,2208,48,2256,36,0
2568,08/05/2018,19393,N7886A,4618,1125903,DAL,1468305,SAT,1934,24,2030,20,0
2569,08/05/2018,19393,N422WN,5171,1125903,DAL,1468305,SAT,1510,0,1606,-4,4.030194512
2570,08/05/2018,19393,N472WN,5285,1125903,DAL,1468305,SAT,729,-6,828,-12,4.030194512
2571,08/05/2018,19393,N758SW,2673,1125903,DAL,1474703,SEA,736,-4,943,-7,4.030194512
2572,08/05/2018,19393,N917WN,2668,1125903,DAL,1477104,SFO,737,12,920,15,0
2573,08/05/2018,19393,N8602F,2894,1125903,DAL,1477104,SFO,2101,1,2246,6,4.030194512
2574,08/05/2018,19393,N8709Q,3815,1125903,DAL,1483106,SJC,2017,-3,2145,-5,4.030194512
2575,08/05/2018,19393,N7745A,4727,1125903,DAL,1483106,SJC,609,4,743,8,4.030194512
2576,08/05/2018,19393,N7832A,4686,1125903,DAL,1486903,SLC,1815,0,1944,-11,4.030194512
2577,08/05/2018,19393,N443WN,1208,1125903,DAL,1489302,SMF,1625,0,1756,-4,4.030194512
2578,08/05/2018,19393,N444WN,2623,1125903,DAL,1490803,SNA,1530,5,1630,0,4.030194512
2579,08/05/2018,19393,N8558Z,458,1125903,DAL,1501606,STL,729,14,858,3,4.030194512
2580,08/05/2018,19393,N712SW,2607,1125903,DAL,1501606,STL,1227,7,1356,-4,4.030194512
2581,08/05/2018,19393,N7714B,3873,1125903,DAL,1501606,STL,2207,22,2338,18,0
2582,08/05/2018,19393,N8716B,4367,1125903,DAL,1501606,STL,1733,33,1913,33,0
2583,08/05/2018,19393,N291WN,4734,1125903,DAL,1501606,STL,2152,102,2324,99,0
2584,08/05/2018,19393,N7854B,4835,1125903,DAL,1501606,STL,900,0,1031,-9,4.030194512
2585,08/05/2018,19393,N8307K,3179,1125903,DAL,1530402,TPA,700,-5,1011,-14,4.030194512
2586,08/05/2018,19393,N945WN,3250,1125903,DAL,1530402,TPA,2043,53,2353,43,0
2587,08/05/2018,19393,N908WN,2868,1125903,DAL,1537002,TUL,2003,-2,2057,-8,4.030194512
2588,08/05/2018,19393,N468WN,3644,1125903,DAL,1537002,TUL,1708,28,1805,25,0
2589,08/05/2018,19393,N297WN,5145,1125903,DAL,1537002,TUL,1008,-2,1103,-7,4.030194512
2590,08/05/2018,19393,N7878A,3272,1127805,DCA,1039707,ATL,625,-5,810,-10,4.030194512
2591,08/05/2018,19393,N969WN,4677,1127805,DCA,1039707,ATL,1153,3,1330,-10,4.030194512
2592,08/05/2018,19393,N423WN,4811,1127805,DCA,1039707,ATL,1557,-3,1808,3,4.030194512
2593,08/05/2018,19393,N227WN,5118,1127805,DCA,1039707,ATL,2118,-7,2253,-22,4.030194512
2594,08/05/2018,19393,N8312C,2650,1127805,DCA,1042302,AUS,1635,0,1837,-23,4.030194512
2595,08/05/2018,19393,N8576Z,527,1127805,DCA,1069302,BNA,653,-2,720,-20,4.030194512
2596,08/05/2018,19393,N727SW,2857,1127805,DCA,1069302,BNA,1729,-1,1817,-13,4.030194512
2597,08/05/2018,19393,N253WN,4906,1127805,DCA,1069302,BNA,1319,-1,1348,-22,4.030194512
2598,08/05/2018,19393,N259WN,1037,1127805,DCA,1106606,CMH,1858,-2,2006,-14,4.030194512
2599,08/05/2018,19393,N425LV,5218,1127805,DCA,1106606,CMH,1137,2,1239,-11,4.030194512
2600,08/05/2018,19393,N7723E,3036,1127805,DCA,1125903,DAL,1917,2,2112,-13,4.030194512
2601,08/05/2018,19393,N413WN,3230,1127805,DCA,1125903,DAL,1055,-5,1243,-22,4.030194512
2602,08/05/2018,19393,N207WN,3756,1127805,DCA,1125903,DAL,1559,-1,1753,-22,4.030194512
2603,08/05/2018,19393,N7854B,4835,1127805,DCA,1125903,DAL,610,0,758,-17,4.030194512
2604,08/05/2018,19393,N490WN,2612,1127805,DCA,1169706,FLL,1601,21,1817,-13,4.030194512
2605,08/05/2018,19393,N7728D,3246,1127805,DCA,1169706,FLL,657,2,932,-8,4.030194512
2606,08/05/2018,19393,N773SA,3206,1127805,DCA,1219102,HOU,1834,-1,2030,-25,4.030194512
2607,08/05/2018,19393,N7731A,4278,1127805,DCA,1219102,HOU,1349,-1,1559,-1,4.030194512
2608,08/05/2018,19393,N7827A,4744,1127805,DCA,1219102,HOU,600,0,751,-19,4.030194512
2609,08/05/2018,19393,N223WN,14,1127805,DCA,1319801,MCI,939,-1,1100,-20,4.030194512
2610,08/05/2018,19393,N765SW,4702,1127805,DCA,1319801,MCI,1747,-3,1935,-5,4.030194512
2611,08/05/2018,19393,N730SW,3010,1127805,DCA,1320402,MCO,640,35,840,20,0
2612,08/05/2018,19393,N916WN,4983,1127805,DCA,1320402,MCO,1434,4,1646,1,4.030194512
2613,08/05/2018,19393,N7748A,562,1127805,DCA,1323202,MDW,600,0,646,-9,4.030194512
2614,08/05/2018,19393,N914WN,1162,1127805,DCA,1323202,MDW,1653,13,1743,3,4.030194512
2615,08/05/2018,19393,N963WN,1290,1127805,DCA,1323202,MDW,816,16,855,0,4.030194512
2616,08/05/2018,19393,N496WN,3308,1127805,DCA,1323202,MDW,1233,3,1305,-20,4.030194512
2617,08/05/2018,19393,N910WN,4121,1127805,DCA,1323202,MDW,1459,-1,1541,-19,4.030194512
2618,08/05/2018,19393,N7725A,4401,1127805,DCA,1323202,MDW,1942,12,2040,10,4.030194512
2619,08/05/2018,19393,N8641B,2793,1127805,DCA,1334207,MKE,1304,9,1348,-7,4.030194512
2620,08/05/2018,19393,N7712G,4113,1127805,DCA,1334207,MKE,2057,-3,2155,-10,4.030194512
2621,08/05/2018,19393,N915WN,4117,1127805,DCA,1349505,MSY,1256,1,1417,-13,4.030194512
2622,08/05/2018,19393,N288WN,4443,1127805,DCA,1349505,MSY,1854,-1,2024,-11,4.030194512
2623,08/05/2018,19393,N7839A,3966,1127805,DCA,1387102,OMA,1637,2,1810,-15,4.030194512
2624,08/05/2018,19393,N439WN,4521,1127805,DCA,1430705,PVD,2010,15,2127,7,4.030194512
2625,08/05/2018,19393,N491WN,5385,1127805,DCA,1430705,PVD,1149,-6,1305,-15,4.030194512
2626,08/05/2018,19393,N760SW,2753,1127805,DCA,1501606,STL,1206,11,1255,-10,4.030194512
2627,08/05/2018,19393,N478WN,3275,1127805,DCA,1501606,STL,756,1,849,-11,4.030194512
2628,08/05/2018,19393,N457WN,3335,1127805,DCA,1501606,STL,1530,0,1631,-14,4.030194512
2629,08/05/2018,19393,N8534Z,3618,1127805,DCA,1501606,STL,1840,-5,2003,3,4.030194512
2630,08/05/2018,19393,N799SW,3752,1127805,DCA,1530402,TPA,849,-6,1117,-13,4.030194512
2631,08/05/2018,19393,N799SW,3810,1127805,DCA,1530402,TPA,1509,-1,1726,-9,4.030194512
2632,08/05/2018,19393,N961WN,2844,1129202,DEN,1014005,ABQ,1604,9,1726,16,0
2633,08/05/2018,19393,N462WN,5049,1129202,DEN,1014005,ABQ,820,-5,949,4,4.030194512
2634,08/05/2018,19393,N8320J,5507,1129202,DEN,1014005,ABQ,2316,46,25,45,0
2635,08/05/2018,19393,N8673F,5155,1129202,DEN,1025702,ALB,1856,86,16,76,0
2636,08/05/2018,19393,N298WN,3300,1129202,DEN,1039707,ATL,916,-4,1402,-13,4.030194512
2637,08/05/2018,19393,N8633A,3609,1129202,DEN,1039707,ATL,1407,12,1927,37,0
2638,08/05/2018,19393,N8681M,4063,1129202,DEN,1039707,ATL,1740,-5,2231,-14,4.030194512
2639,08/05/2018,19393,N230WN,4141,1129202,DEN,1039707,ATL,531,-4,1019,-11,4.030194512
2640,08/05/2018,19393,N7820L,177,1129202,DEN,1042302,AUS,740,-5,1034,-16,4.030194512
2641,08/05/2018,19393,N750SA,2272,1129202,DEN,1042302,AUS,901,1,1155,-10,4.030194512
2642,08/05/2018,19393,N8577Z,2731,1129202,DEN,1042302,AUS,1331,-4,1624,-16,4.030194512
2643,08/05/2018,19393,N276WN,4513,1129202,DEN,1042302,AUS,609,-1,905,-10,4.030194512
2644,08/05/2018,19393,N8638A,4537,1129202,DEN,1042302,AUS,2135,80,32,67,0
2645,08/05/2018,19393,N225WN,5596,1129202,DEN,1042302,AUS,1815,55,2122,57,0
2646,08/05/2018,19393,N8502Z,4877,1129202,DEN,1052906,BDL,1833,63,5,55,0
2647,08/05/2018,19393,N481WN,826,1129202,DEN,1069302,BNA,601,-4,923,-12,4.030194512
2648,08/05/2018,19393,N935WN,2904,1129202,DEN,1069302,BNA,1613,13,2005,35,0
2649,08/05/2018,19393,N8580Z,2954,1129202,DEN,1069302,BNA,1955,0,2316,-9,4.030194512
2650,08/05/2018,19393,N8698B,4125,1129202,DEN,1069302,BNA,1031,1,1354,-6,4.030194512
2651,08/05/2018,19393,N7888A,4648,1129202,DEN,1069302,BNA,2225,40,157,42,0
2652,08/05/2018,19393,N8615E,2924,1129202,DEN,1071302,BOI,2236,11,24,9,4.030194512
2653,08/05/2018,19393,N769SW,4055,1129202,DEN,1071302,BOI,829,9,1041,26,0
2654,08/05/2018,19393,N713SW,4391,1129202,DEN,1071302,BOI,1438,-2,1649,19,0
2655,08/05/2018,19393,N8607M,734,1129202,DEN,1072102,BOS,1729,4,2306,-14,4.030194512
2656,08/05/2018,19393,N907WN,1356,1129202,DEN,1072102,BOS,707,7,1305,-5,4.030194512
2657,08/05/2018,19393,N8615E,1724,1129202,DEN,1072102,BOS,1129,-1,1723,-17,4.030194512
2658,08/05/2018,19393,N951WN,1089,1129202,DEN,1080003,BUR,1409,9,1521,1,4.030194512
2659,08/05/2018,19393,N7858A,4417,1129202,DEN,1080003,BUR,825,0,1006,16,0
2660,08/05/2018,19393,N7844A,5085,1129202,DEN,1080003,BUR,1955,0,2114,-1,4.030194512
2661,08/05/2018,19393,N8525S,1759,1129202,DEN,1082106,BWI,1702,-3,2221,-4,4.030194512
2662,08/05/2018,19393,N944WN,2819,1129202,DEN,1082106,BWI,1010,-5,1523,-17,4.030194512
2663,08/05/2018,19393,N449WN,2893,1129202,DEN,1082106,BWI,701,-4,1214,-11,4.030194512
2664,08/05/2018,19393,N8717M,3056,1129202,DEN,1082106,BWI,1417,22,2005,50,0
2665,08/05/2018,19393,N265WN,4564,1129202,DEN,1082106,BWI,1855,25,2400,5,4.030194512
2666,08/05/2018,19393,N8627B,5234,1129202,DEN,1082106,BWI,529,-1,1040,-10,4.030194512
2667,08/05/2018,19393,N8322X,4746,1129202,DEN,1099402,CHS,1036,-4,1555,-5,4.030194512
2668,08/05/2018,19393,N790SW,3269,1129202,DEN,1104205,CLE,1955,-5,41,-9,4.030194512
2669,08/05/2018,19393,N8679A,3163,1129202,DEN,1106606,CMH,2131,16,200,5,4.030194512
2670,08/05/2018,19393,N437WN,3202,1129202,DEN,1106606,CMH,1152,2,1626,-4,4.030194512
2671,08/05/2018,19393,N221WN,2583,1129202,DEN,1125903,DAL,2001,16,2243,8,4.030194512
2672,08/05/2018,19393,N8602F,2894,1129202,DEN,1125903,DAL,1704,-1,2003,3,4.030194512
2673,08/05/2018,19393,N7832A,3132,1129202,DEN,1125903,DAL,1449,-1,1731,-9,4.030194512
2674,08/05/2018,19393,N7825A,3375,1129202,DEN,1125903,DAL,616,-4,901,-9,4.030194512
2675,08/05/2018,19393,N925WN,4325,1129202,DEN,1125903,DAL,729,-1,1015,-5,4.030194512
2676,08/05/2018,19393,N8716B,4367,1129202,DEN,1125903,DAL,1351,31,1637,27,0
2677,08/05/2018,19393,N940WN,5484,1129202,DEN,1125903,DAL,1023,-2,1305,-15,4.030194512
2678,08/05/2018,19393,N8705Q,4179,1129202,DEN,1143302,DTW,1824,49,2304,49,0
2679,08/05/2018,19393,N8552Z,3715,1129202,DEN,1161802,EWR,1032,7,1607,-13,4.030194512
2680,08/05/2018,19393,N460WN,5236,1129202,DEN,1161802,EWR,1923,118,50,105,0
2681,08/05/2018,19393,N8324A,3392,1129202,DEN,1169706,FLL,1831,11,15,-5,4.030194512
2682,08/05/2018,19393,N8655D,5343,1129202,DEN,1169706,FLL,1115,0,1652,-18,4.030194512
2683,08/05/2018,19393,N273WN,3378,1129202,DEN,1188402,GEG,2311,16,24,14,4.030194512
2684,08/05/2018,19393,N937WN,3417,1129202,DEN,1188402,GEG,1414,14,1525,10,4.030194512
2685,08/05/2018,19393,N7746C,5486,1129202,DEN,1198603,GRR,1921,71,2343,63,0
2686,08/05/2018,19393,N712SW,2607,1129202,DEN,1219102,HOU,615,-5,919,-21,4.030194512
2687,08/05/2018,19393,N276WN,3918,1129202,DEN,1219102,HOU,1931,16,2246,11,4.030194512
2688,08/05/2018,19393,N8302F,5018,1129202,DEN,1219102,HOU,1028,18,1343,8,4.030194512
2689,08/05/2018,19393,N8675A,5046,1129202,DEN,1219102,HOU,1528,8,1840,-5,4.030194512
2690,08/05/2018,19393,N7863A,5241,1129202,DEN,1219102,HOU,2102,17,2,-3,4.030194512
2691,08/05/2018,19393,N964WN,5322,1129202,DEN,1219102,HOU,1314,24,1642,27,0
2692,08/05/2018,19393,N7831B,2785,1129202,DEN,1226402,IAD,1332,-3,1829,-21,4.030194512
2693,08/05/2018,19393,N919WN,5428,1129202,DEN,1226402,IAD,1116,1,1631,-4,4.030194512
2694,08/05/2018,19393,N8685B,6593,1129202,DEN,1226402,IAD,1808,3,2315,-10,4.030194512
2695,08/05/2018,19393,N8328A,3509,1129202,DEN,1233904,IND,2150,35,156,21,0
2696,08/05/2018,19393,N7735A,4789,1129202,DEN,1233904,IND,556,-4,1008,-12,4.030194512
2697,08/05/2018,19393,N7738A,4916,1129202,DEN,1233904,IND,1100,5,1523,8,4.030194512
2698,08/05/2018,19393,N219WN,5424,1129202,DEN,1233904,IND,1514,9,1923,-2,4.030194512
2699,08/05/2018,19393,N7735A,3316,1129202,DEN,1245102,JAX,1922,77,39,74,0
2700,08/05/2018,19393,N7719A,3384,1129202,DEN,1288903,LAS,1546,11,1640,15,0
2701,08/05/2018,19393,N905WN,3776,1129202,DEN,1288903,LAS,1717,12,1805,10,4.030194512
2702,08/05/2018,19393,N927WN,3999,1129202,DEN,1288903,LAS,1011,-4,1057,-13,4.030194512
2703,08/05/2018,19393,N7710A,4248,1129202,DEN,1288903,LAS,1935,-5,2024,-6,4.030194512
2704,08/05/2018,19393,N8630B,4589,1129202,DEN,1288903,LAS,1230,-5,1321,-4,4.030194512
2705,08/05/2018,19393,N220WN,4608,1129202,DEN,1288903,LAS,2216,-4,2305,-5,4.030194512
2706,08/05/2018,19393,N7703A,4754,1129202,DEN,1288903,LAS,620,-5,709,-6,4.030194512
2707,08/05/2018,19393,N8522P,5585,1129202,DEN,1288903,LAS,819,-1,923,8,4.030194512
2708,08/05/2018,19393,N8503A,5600,1129202,DEN,1288903,LAS,1407,7,1459,9,4.030194512
2709,08/05/2018,19393,N8675A,3195,1129202,DEN,1289208,LAX,832,-3,1015,10,4.030194512
2710,08/05/2018,19393,N8621A,3826,1129202,DEN,1289208,LAX,1420,15,1607,32,0
2711,08/05/2018,19393,N764SW,3839,1129202,DEN,1289208,LAX,950,0,1114,-6,4.030194512
2712,08/05/2018,19393,N711HK,3960,1129202,DEN,1289208,LAX,704,-1,830,0,4.030194512
2713,08/05/2018,19393,N282WN,3974,1129202,DEN,1289208,LAX,1937,2,2114,9,4.030194512
2714,08/05/2018,19393,N7829B,4093,1129202,DEN,1289208,LAX,2309,49,42,52,0
2715,08/05/2018,19393,N781WN,5141,1129202,DEN,1289208,LAX,1837,127,2003,123,0
2716,08/05/2018,19393,N727SW,3296,1129202,DEN,1295304,LGA,524,-6,1055,-20,4.030194512
2717,08/05/2018,19393,N8657B,3330,1129202,DEN,1295304,LGA,1729,9,2308,3,4.030194512
2718,08/05/2018,19393,N7829B,5294,1129202,DEN,1295304,LGA,1053,3,1637,-3,4.030194512
2719,08/05/2018,19393,N7836A,3834,1129202,DEN,1295406,LGB,1559,74,1730,85,0
2720,08/05/2018,19393,N7722B,1493,1129202,DEN,1319801,MCI,2147,62,10,50,0
2721,08/05/2018,19393,N568WN,2380,1129202,DEN,1319801,MCI,806,-4,1049,9,4.030194512
2722,08/05/2018,19393,N908WN,2868,1129202,DEN,1319801,MCI,1245,0,1509,-6,4.030194512
2723,08/05/2018,19393,N775SW,2898,1129202,DEN,1319801,MCI,1538,13,1804,4,4.030194512
2724,08/05/2018,19393,N402WN,3751,1129202,DEN,1319801,MCI,1705,15,1939,14,4.030194512
2725,08/05/2018,19393,N7821L,3933,1129202,DEN,1319801,MCI,557,-3,824,-6,4.030194512
2726,08/05/2018,19393,N299WN,3991,1129202,DEN,1319801,MCI,1812,2,2042,-8,4.030194512
2727,08/05/2018,19393,N8667D,1414,1129202,DEN,1320402,MCO,1344,-1,1912,-8,4.030194512
2728,08/05/2018,19393,N8316H,2780,1129202,DEN,1320402,MCO,1051,1,1620,-10,4.030194512
2729,08/05/2018,19393,N8610A,3944,1129202,DEN,1320402,MCO,1827,27,2400,20,0
2730,08/05/2018,19393,N8571Z,4429,1129202,DEN,1320402,MCO,558,-2,1130,0,4.030194512
2731,08/05/2018,19393,N8630B,1461,1129202,DEN,1323202,MDW,604,-1,910,-15,4.030194512
2732,08/05/2018,19393,N8693A,1839,1129202,DEN,1323202,MDW,1606,1,1926,1,4.030194512
2733,08/05/2018,19393,N700GS,2716,1129202,DEN,1323202,MDW,2209,34,111,21,0
2734,08/05/2018,19393,N8664J,2861,1129202,DEN,1323202,MDW,939,9,1248,3,4.030194512
2735,08/05/2018,19393,N8547V,3369,1129202,DEN,1323202,MDW,706,-4,1018,-7,4.030194512
2736,08/05/2018,19393,N466WN,3915,1129202,DEN,1323202,MDW,1801,36,2116,31,0
2737,08/05/2018,19393,N8708Q,4109,1129202,DEN,1323202,MDW,1819,-1,2132,-8,4.030194512
2738,08/05/2018,19393,N8638A,4444,1129202,DEN,1323202,MDW,1519,99,1824,89,0
2739,08/05/2018,19393,N8609A,4488,1129202,DEN,1323202,MDW,1217,2,1527,-3,4.030194512
2740,08/05/2018,19393,N207WN,2652,1129202,DEN,1334207,MKE,2126,61,32,52,0
2741,08/05/2018,19393,N433LV,5321,1129202,DEN,1334207,MKE,1202,62,1509,59,0
2742,08/05/2018,19393,N8601C,5338,1129202,DEN,1334207,MKE,654,14,955,0,4.030194512
2743,08/05/2018,19393,N724SW,3345,1129202,DEN,1348702,MSP,1656,26,1941,21,0
2744,08/05/2018,19393,N433LV,3380,1129202,DEN,1348702,MSP,556,-4,838,-12,4.030194512
2745,08/05/2018,19393,N8682B,3824,1129202,DEN,1348702,MSP,2014,4,2258,-7,4.030194512
2746,08/05/2018,19393,N238WN,5457,1129202,DEN,1348702,MSP,1229,-6,1508,-17,4.030194512
2747,08/05/2018,19393,N428WN,5548,1129202,DEN,1348702,MSP,1426,-4,1709,-11,4.030194512
2748,08/05/2018,19393,N7838A,46,1129202,DEN,1349505,MSY,1128,-2,1452,-18,4.030194512
2749,08/05/2018,19393,N493WN,3739,1129202,DEN,1349505,MSY,2056,-9,16,-24,4.030194512
2750,08/05/2018,19393,N271LV,5088,1129202,DEN,1349505,MSY,1638,33,1956,16,0
2751,08/05/2018,19393,N8701Q,3360,1129202,DEN,1379608,OAK,2258,208,34,209,0
2752,08/05/2018,19393,N8698B,4462,1129202,DEN,1379608,OAK,2239,9,11,6,4.030194512
2753,08/05/2018,19393,N228WN,4839,1129202,DEN,1379608,OAK,820,-5,1023,18,0
2754,08/05/2018,19393,N452WN,4903,1129202,DEN,1379608,OAK,1419,14,1616,36,0
2755,08/05/2018,19393,N477WN,2908,1129202,DEN,1385103,OKC,1504,-1,1736,1,4.030194512
2756,08/05/2018,19393,N759GS,4299,1129202,DEN,1385103,OKC,1958,3,2221,-4,4.030194512
2757,08/05/2018,19393,N422WN,5171,1129202,DEN,1385103,OKC,1025,-5,1248,-17,4.030194512
2758,08/05/2018,19393,N7867A,2629,1129202,DEN,1387102,OMA,1032,-3,1246,-14,4.030194512
2759,08/05/2018,19393,N7702A,3387,1129202,DEN,1387102,OMA,1443,-2,1655,-10,4.030194512
2760,08/05/2018,19393,N7877H,4323,1129202,DEN,1387102,OMA,2114,59,2328,48,0
2761,08/05/2018,19393,N8571Z,3285,1129202,DEN,1389101,ONT,2245,20,2356,21,0
2762,08/05/2018,19393,N8613K,3823,1129202,DEN,1389101,ONT,847,7,1009,19,0
2763,08/05/2018,19393,N947WN,4157,1129202,DEN,1393102,ORF,1359,9,1911,-4,4.030194512
2764,08/05/2018,19393,N500WR,1417,1129202,DEN,1405702,PDX,2243,13,19,9,4.030194512
2765,08/05/2018,19393,N949WN,2961,1129202,DEN,1405702,PDX,834,-1,1027,12,4.030194512
2766,08/05/2018,19393,N8313F,3604,1129202,DEN,1405702,PDX,2002,7,2142,7,4.030194512
2767,08/05/2018,19393,N407WN,4178,1129202,DEN,1405702,PDX,1412,2,1556,6,4.030194512
2768,08/05/2018,19393,N759GS,4681,1129202,DEN,1405702,PDX,621,1,812,12,4.030194512
2769,08/05/2018,19393,N8658A,3450,1129202,DEN,1410005,PHL,1301,-4,1838,-2,4.030194512
2770,08/05/2018,19393,N8527Q,3781,1129202,DEN,1410005,PHL,1850,30,7,17,0
2771,08/05/2018,19393,N8651A,1130,1129202,DEN,1410702,PHX,2242,7,2318,-2,4.030194512
2772,08/05/2018,19393,N8564Z,2700,1129202,DEN,1410702,PHX,1314,4,1400,0,4.030194512
2773,08/05/2018,19393,N752SW,2733,1129202,DEN,1410702,PHX,1533,-2,1627,2,4.030194512
2774,08/05/2018,19393,N962WN,2769,1129202,DEN,1410702,PHX,1013,3,1057,-8,4.030194512
2775,08/05/2018,19393,N719SW,3426,1129202,DEN,1410702,PHX,1714,14,1755,5,4.030194512
2776,08/05/2018,19393,N905WN,3537,1129202,DEN,1410702,PHX,659,24,743,18,0
2777,08/05/2018,19393,N938WN,3684,1129202,DEN,1410702,PHX,2113,63,2159,59,0
2778,08/05/2018,19393,N7817J,4913,1129202,DEN,1410702,PHX,1854,19,1945,15,0
2779,08/05/2018,19393,N444WN,5541,1129202,DEN,1410702,PHX,846,-4,945,5,4.030194512
2780,08/05/2018,19393,N957WN,658,1129202,DEN,1412202,PIT,1827,17,2316,6,4.030194512
2781,08/05/2018,19393,N7877H,3681,1129202,DEN,1419306,PNS,1350,30,1726,21,0
2782,08/05/2018,19393,N8326F,3176,1129202,DEN,1449202,RDU,1207,77,1713,68,0
2783,08/05/2018,19393,N8536Z,5388,1129202,DEN,1449202,RDU,1838,28,2353,23,0
2784,08/05/2018,19393,N8537Z,2890,1129202,DEN,1457002,RNO,1245,15,1356,11,4.030194512
2785,08/05/2018,19393,N8691A,3701,1129202,DEN,1457002,RNO,2212,2,2325,0,4.030194512
2786,08/05/2018,19393,N214WN,5106,1129202,DEN,1457002,RNO,816,-4,959,19,0
2787,08/05/2018,19393,N8678E,558,1129202,DEN,1467903,SAN,618,-2,729,-11,4.030194512
2788,08/05/2018,19393,N713SW,2622,1129202,DEN,1467903,SAN,843,3,1011,11,4.030194512
2789,08/05/2018,19393,N7857B,3248,1129202,DEN,1467903,SAN,1157,-3,1317,2,4.030194512
2790,08/05/2018,19393,N7858A,4421,1129202,DEN,1467903,SAN,1421,11,1638,73,0
2791,08/05/2018,19393,N432WN,4528,1129202,DEN,1467903,SAN,1945,0,2058,-2,4.030194512
2792,08/05/2018,19393,N8538V,5906,1129202,DEN,1467903,SAN,2224,14,2343,18,0
2793,08/05/2018,19393,N443WN,1208,1129202,DEN,1468305,SAT,1049,-1,1347,-8,4.030194512
2794,08/05/2018,19393,N8690A,3133,1129202,DEN,1468305,SAT,2046,26,2341,11,4.030194512
2795,08/05/2018,19393,N447WN,3730,1129202,DEN,1468305,SAT,1554,34,1846,21,0
2796,08/05/2018,19393,N8665D,5519,1129202,DEN,1473003,SDF,1905,30,2326,16,0
2797,08/05/2018,19393,N8711Q,2615,1129202,DEN,1474703,SEA,822,-3,1031,1,4.030194512
2798,08/05/2018,19393,N204WN,4149,1129202,DEN,1474703,SEA,1959,19,2148,13,4.030194512
2799,08/05/2018,19393,N570WN,5091,1129202,DEN,1474703,SEA,2237,7,17,-3,4.030194512
2800,08/05/2018,19393,N8718Q,5418,1129202,DEN,1474703,SEA,1404,4,1620,25,0
2801,08/05/2018,19393,N279WN,425,1129202,DEN,1477104,SFO,1416,16,1606,31,0
2802,08/05/2018,19393,N8573Z,3760,1129202,DEN,1477104,SFO,910,0,1055,10,4.030194512
2803,08/05/2018,19393,N8720L,4234,1129202,DEN,1477104,SFO,2250,0,30,5,4.030194512
2804,08/05/2018,19393,N438WN,836,1129202,DEN,1483106,SJC,823,3,1025,25,0
2805,08/05/2018,19393,N445WN,2619,1129202,DEN,1483106,SJC,1437,-8,1637,22,0
2806,08/05/2018,19393,N462WN,4219,1129202,DEN,1483106,SJC,1210,0,1346,6,4.030194512
2807,08/05/2018,19393,N7831B,5300,1129202,DEN,1483106,SJC,2200,55,2332,57,0
2808,08/05/2018,19393,N8643A,2796,1129202,DEN,1486903,SLC,1422,-3,1608,18,0
2809,08/05/2018,19393,N756SA,2850,1129202,DEN,1486903,SLC,2051,56,2220,60,0
2810,08/05/2018,19393,N908WN,2870,1129202,DEN,1486903,SLC,845,0,1023,13,4.030194512
2811,08/05/2018,19393,N564WN,3012,1129202,DEN,1486903,SLC,2207,-3,2331,-4,4.030194512
2812,08/05/2018,19393,N797MX,5986,1129202,DEN,1486903,SLC,556,-4,722,-3,4.030194512
2813,08/05/2018,19393,N745SW,3090,1129202,DEN,1489302,SMF,901,1,1050,20,0
2814,08/05/2018,19393,N251WN,3298,1129202,DEN,1489302,SMF,1417,2,1558,13,4.030194512
2815,08/05/2018,19393,N947WN,4159,1129202,DEN,1489302,SMF,2224,-1,2358,3,4.030194512
2816,08/05/2018,19393,N741SA,5455,1129202,DEN,1489302,SMF,2100,80,2232,82,0
2817,08/05/2018,19393,N7735A,3312,1129202,DEN,1490803,SNA,1212,-3,1329,-1,4.030194512
2818,08/05/2018,19393,N485WN,3354,1129202,DEN,1490803,SNA,1520,70,1645,80,48
2819,08/05/2018,19393,N776WN,4375,1129202,DEN,1490803,SNA,2048,68,2216,76,0
2820,08/05/2018,19393,N203WN,5159,1129202,DEN,1490803,SNA,819,-1,957,12,4.030194512
2821,08/05/2018,19393,N489WN,5948,1129202,DEN,1490803,SNA,1609,9,1735,15,0
2822,08/05/2018,19393,N266WN,6543,1129202,DEN,1490803,SNA,940,-5,1059,-6,4.030194512
2823,08/05/2018,19393,N705SW,1586,1129202,DEN,1501606,STL,2119,34,6,21,0
2824,08/05/2018,19393,N8617E,3044,1129202,DEN,1501606,STL,1049,19,1345,15,0
2825,08/05/2018,19393,N426WN,5137,1129202,DEN,1501606,STL,1319,-1,1618,3,4.030194512
2826,08/05/2018,19393,N739GB,5140,1129202,DEN,1501606,STL,622,2,910,-10,4.030194512
2827,08/05/2018,19393,N283WN,5194,1129202,DEN,1501606,STL,1914,-1,2205,-10,4.030194512
2828,08/05/2018,19393,N902WN,5573,1129202,DEN,1501606,STL,1718,13,2016,11,4.030194512
2829,08/05/2018,19393,N8628A,2853,1129202,DEN,1530402,TPA,1040,0,1608,-2,4.030194512
2830,08/05/2018,19393,N8301J,3287,1129202,DEN,1530402,TPA,1804,19,2327,12,4.030194512
2831,08/05/2018,19393,N775SW,2901,1129202,DEN,1537002,TUL,2023,18,2247,7,4.030194512
2832,08/05/2018,19393,N400WN,5142,1129202,DEN,1537002,TUL,1028,-2,1259,-6,4.030194512
2833,08/05/2018,19393,N728SW,3735,1129202,DEN,1537603,TUS,2221,-4,2314,-1,4.030194512
2834,08/05/2018,19393,N564WN,4240,1129202,DEN,1537603,TUS,835,0,940,10,4.030194512
2835,08/05/2018,19393,N277WN,4281,1142306,DSM,1288903,LAS,1334,-6,1431,-14,4.030194512
2836,08/05/2018,19393,N258WN,3092,1142306,DSM,1501606,STL,748,-2,845,-5,4.030194512
2837,08/05/2018,19393,N769SW,4055,1142306,DSM,1501606,STL,1821,46,1920,50,0
2838,08/05/2018,19393,N8608N,1424,1143302,DTW,1039707,ATL,804,-1,947,-13,4.030194512
2839,08/05/2018,19393,N7845A,3343,1143302,DTW,1039707,ATL,1102,-3,1248,-17,4.030194512
2840,08/05/2018,19393,N8308K,3963,1143302,DTW,1039707,ATL,1724,-1,1925,0,4.030194512
2841,08/05/2018,19393,N7888A,2713,1143302,DTW,1069302,BNA,711,1,727,-13,4.030194512
2842,08/05/2018,19393,N7865A,4206,1143302,DTW,1069302,BNA,1842,7,1912,2,4.030194512
2843,08/05/2018,19393,N463WN,1312,1143302,DTW,1082106,BWI,811,-4,930,-10,4.030194512
2844,08/05/2018,19393,N8704Q,2839,1143302,DTW,1082106,BWI,1707,2,1844,14,4.030194512
2845,08/05/2018,19393,N7859B,3902,1143302,DTW,1082106,BWI,1329,69,1448,63,0
2846,08/05/2018,19393,N725SW,5292,1143302,DTW,1125903,DAL,1422,2,1555,-5,4.030194512
2847,08/05/2018,19393,N7710A,3400,1143302,DTW,1129202,DEN,639,14,724,-1,4.030194512
2848,08/05/2018,19393,N566WN,4735,1143302,DTW,1288903,LAS,1129,4,1233,-2,4.030194512
2849,08/05/2018,19393,N403WN,3441,1143302,DTW,1323202,MDW,655,0,652,-8,4.030194512
2850,08/05/2018,19393,N714CB,3489,1143302,DTW,1323202,MDW,1337,7,1342,7,4.030194512
2851,08/05/2018,19393,N7884G,4614,1143302,DTW,1323202,MDW,1758,28,1757,22,0
2852,08/05/2018,19393,N8610A,3394,1143302,DTW,1410702,PHX,724,14,810,-10,4.030194512
2853,08/05/2018,19393,N216WR,632,1143302,DTW,1501606,STL,839,-1,905,-10,4.030194512
2854,08/05/2018,19393,N478WN,3279,1143302,DTW,1501606,STL,1252,7,1307,-8,4.030194512
2855,08/05/2018,19393,N907WN,3305,1143302,DTW,1501606,STL,1930,5,1953,-2,4.030194512
2856,08/05/2018,19393,N900WN,4807,1148102,ECP,1042302,AUS,1551,1,1748,-7,4.030194512
2857,08/05/2018,19393,N921WN,3080,1148102,ECP,1069302,BNA,2009,24,2125,20,0
2858,08/05/2018,19393,N7833A,3412,1148102,ECP,1069302,BNA,740,-5,853,-12,4.030194512
2859,08/05/2018,19393,N710SW,3902,1148102,ECP,1069302,BNA,1645,40,1759,34,0
2860,08/05/2018,19393,N7749B,4663,1148102,ECP,1082106,BWI,1215,0,1508,-17,4.030194512
2861,08/05/2018,19393,N569WN,2705,1148102,ECP,1125903,DAL,1352,2,1536,-9,4.030194512
2862,08/05/2018,19393,N7713A,4778,1148102,ECP,1125903,DAL,1655,-5,1841,-14,4.030194512
2863,08/05/2018,19393,N446WN,4198,1148102,ECP,1219102,HOU,1432,7,1619,9,4.030194512
2864,08/05/2018,19393,N7888A,2713,1148102,ECP,1501606,STL,1042,-3,1220,-10,4.030194512
2865,08/05/2018,19393,N957WN,3444,1154005,ELP,1042302,AUS,608,-2,836,-4,4.030194512
2866,08/05/2018,19393,N480WN,3688,1154005,ELP,1042302,AUS,2247,-8,114,-11,4.030194512
2867,08/05/2018,19393,N736SA,2925,1154005,ELP,1125903,DAL,1713,3,1955,0,4.030194512
2868,08/05/2018,19393,N8326F,3440,1154005,ELP,1125903,DAL,714,-1,950,-10,4.030194512
2869,08/05/2018,19393,N273WN,4093,1154005,ELP,1125903,DAL,1140,5,1421,1,4.030194512
2870,08/05/2018,19393,N7861J,1234,1154005,ELP,1219102,HOU,1602,2,1848,-7,4.030194512
2871,08/05/2018,19393,N776WN,2996,1154005,ELP,1219102,HOU,649,-1,935,-10,4.030194512
2872,08/05/2018,19393,N736SA,5361,1154005,ELP,1219102,HOU,1214,4,1500,-10,4.030194512
2873,08/05/2018,19393,N7881A,2658,1154005,ELP,1288903,LAS,1907,22,1942,7,4.030194512
2874,08/05/2018,19393,N8313F,3968,1154005,ELP,1288903,LAS,1050,0,1136,1,4.030194512
2875,08/05/2018,19393,N935WN,4713,1154005,ELP,1288903,LAS,540,0,617,-3,4.030194512
2876,08/05/2018,19393,N7846A,3425,1154005,ELP,1289208,LAX,611,11,854,,4.030194512
2877,08/05/2018,19393,N211WN,4434,1154005,ELP,1289208,LAX,1924,4,2016,-9,4.030194512
2878,08/05/2018,19393,N461WN,3549,1154005,ELP,1410702,PHX,1018,18,1032,17,0
2879,08/05/2018,19393,N744SW,4385,1154005,ELP,1410702,PHX,1420,-5,1428,-12,4.030194512
2880,08/05/2018,19393,N429WN,5162,1154005,ELP,1410702,PHX,1834,-1,1836,-14,4.030194512
2881,08/05/2018,19393,N299WN,3746,1154005,ELP,1467903,SAN,1209,4,1246,-9,4.030194512
2882,08/05/2018,19393,N7814B,962,1154005,ELP,1468305,SAT,1949,-1,2214,-6,4.030194512
2883,08/05/2018,19393,N218WN,2640,1154005,ELP,1468305,SAT,1032,7,1255,5,4.030194512
2884,08/05/2018,19393,N7883A,5557,1154005,ELP,1468305,SAT,610,0,831,-4,4.030194512
2885,08/05/2018,19393,N8685B,4545,1161802,EWR,1042302,AUS,1150,5,1421,-9,4.030194512
2886,08/05/2018,19393,N8647A,5015,1161802,EWR,1042302,AUS,2312,167,135,130,0
2887,08/05/2018,19393,N8716B,3446,1161802,EWR,1129202,DEN,933,-2,1130,-25,4.030194512
2888,08/05/2018,19393,N220WN,4342,1161802,EWR,1129202,DEN,1827,2,2047,-13,4.030194512
2889,08/05/2018,19393,N213WN,3459,1161802,EWR,1169706,FLL,611,16,914,19,0
2890,08/05/2018,19393,N8504G,3505,1161802,EWR,1169706,FLL,1154,-6,1432,-28,4.030194512
2891,08/05/2018,19393,N777QC,779,1161802,EWR,1233904,IND,1734,-1,1925,-20,4.030194512
2892,08/05/2018,19393,N474WN,3464,1161802,EWR,1320402,MCO,600,-5,830,-15,4.030194512
2893,08/05/2018,19393,N8542Z,4077,1161802,EWR,1320402,MCO,1337,-3,1624,4,4.030194512
2894,08/05/2018,19393,N954WN,29,1161802,EWR,1323202,MDW,2214,14,2313,-12,4.030194512
2895,08/05/2018,19393,N934WN,714,1161802,EWR,1323202,MDW,600,0,709,-6,4.030194512
2896,08/05/2018,19393,N934WN,716,1161802,EWR,1323202,MDW,1207,-3,1335,10,4.030194512
2897,08/05/2018,19393,N933WN,1165,1161802,EWR,1323202,MDW,940,5,1039,-21,4.030194512
2898,08/05/2018,19393,N933WN,4098,1161802,EWR,1323202,MDW,1550,35,1703,23,0
2899,08/05/2018,19393,N934WN,5034,1161802,EWR,1323202,MDW,1801,6,1905,-25,4.030194512
2900,08/05/2018,19393,N7879A,4146,1161802,EWR,1379608,OAK,1342,7,1655,10,4.030194512
2901,08/05/2018,19393,N8552Z,2708,1161802,EWR,1410702,PHX,1706,1,1858,-27,4.030194512
2902,08/05/2018,19393,N8558Z,459,1161802,EWR,1467903,SAN,1401,1,1634,-21,4.030194512
2903,08/05/2018,19393,N268WN,3478,1161802,EWR,1501606,STL,923,-2,1038,-27,4.030194512
2904,08/05/2018,19393,N8645A,4366,1161802,EWR,1501606,STL,1810,0,1945,-15,4.030194512
2905,08/05/2018,19393,N237WN,2737,1169706,FLL,1025702,ALB,1320,0,1612,-13,4.030194512
2906,08/05/2018,19393,N484WN,1616,1169706,FLL,1039707,ATL,1126,6,1304,-11,4.030194512
2907,08/05/2018,19393,N465WN,3529,1169706,FLL,1039707,ATL,607,-3,746,-14,4.030194512
2908,08/05/2018,19393,N247WN,4650,1169706,FLL,1039707,ATL,900,0,1048,-7,4.030194512
2909,08/05/2018,19393,N436WN,5358,1169706,FLL,1039707,ATL,2012,7,2202,2,4.030194512
2910,08/05/2018,19393,N903WN,5695,1169706,FLL,1039707,ATL,1719,-6,1917,-8,4.030194512
2911,08/05/2018,19393,N480WN,3686,1169706,FLL,1042302,AUS,1853,8,2048,8,4.030194512
2912,08/05/2018,19393,N7886A,5251,1169706,FLL,1042302,AUS,1458,-2,1644,-11,4.030194512
2913,08/05/2018,19393,N8719Q,4144,1169706,FLL,1052906,BDL,829,-1,1121,-14,4.030194512
2914,08/05/2018,19393,N244WN,2838,1169706,FLL,1069302,BNA,756,-4,856,-19,4.030194512
2915,08/05/2018,19393,N7728D,3247,1169706,FLL,1069302,BNA,1014,-1,1130,0,4.030194512
2916,08/05/2018,19393,N799SW,3810,1169706,FLL,1069302,BNA,2121,86,2226,76,0
2917,08/05/2018,19393,N409WN,4768,1169706,FLL,1069302,BNA,1633,-2,1732,-23,4.030194512
2918,08/05/2018,19393,N789SW,3171,1169706,FLL,1079206,BUF,1542,-3,1835,-10,4.030194512
2919,08/05/2018,19393,N8519R,428,1169706,FLL,1082106,BWI,1133,-2,1354,-16,4.030194512
2920,08/05/2018,19393,N8690A,3133,1169706,FLL,1082106,BWI,1403,-2,1625,-15,4.030194512
2921,08/05/2018,19393,N8504G,3507,1169706,FLL,1082106,BWI,1604,-6,1855,10,4.030194512
2922,08/05/2018,19393,N412WN,4164,1169706,FLL,1082106,BWI,729,-1,943,-17,4.030194512
2923,08/05/2018,19393,N8662F,4530,1169706,FLL,1082106,BWI,611,-4,843,-2,4.030194512
2924,08/05/2018,19393,N8562Z,4894,1169706,FLL,1082106,BWI,1956,-4,2231,-4,4.030194512
2925,08/05/2018,19393,N8655D,5343,1169706,FLL,1082106,BWI,1800,5,2027,-3,4.030194512
2926,08/05/2018,19393,N238WN,5457,1169706,FLL,1082106,BWI,2244,-11,59,-26,4.030194512
2927,08/05/2018,19393,N213WN,6595,1169706,FLL,1082106,BWI,953,18,1206,-4,4.030194512
2928,08/05/2018,19393,N7833A,4269,1169706,FLL,1106606,CMH,1330,-5,1556,-14,4.030194512
2929,08/05/2018,19393,N8518R,2674,1169706,FLL,1125903,DAL,1014,-1,1153,-17,4.030194512
2930,08/05/2018,19393,N912WN,3520,1169706,FLL,1125903,DAL,705,-5,847,-13,4.030194512
2931,08/05/2018,19393,N453WN,5364,1169706,FLL,1125903,DAL,1946,11,2140,10,4.030194512
2932,08/05/2018,19393,N8542Z,1149,1169706,FLL,1127805,DCA,1931,1,2154,-11,4.030194512
2933,08/05/2018,19393,N253WN,4906,1169706,FLL,1127805,DCA,1001,1,1215,-15,4.030194512
2934,08/05/2018,19393,N8682B,3824,1169706,FLL,1129202,DEN,1709,-1,1905,-15,4.030194512
2935,08/05/2018,19393,N8658A,4367,1169706,FLL,1129202,DEN,1009,-1,1156,-24,4.030194512
2936,08/05/2018,19393,N8541W,745,1169706,FLL,1161802,EWR,2020,-5,2307,-18,4.030194512
2937,08/05/2018,19393,N8504G,3503,1169706,FLL,1161802,EWR,811,1,1048,-22,4.030194512
2938,08/05/2018,19393,N7752B,3911,1169706,FLL,1219102,HOU,905,-5,1059,4,4.030194512
2939,08/05/2018,19393,N8671D,4452,1169706,FLL,1219102,HOU,1727,2,1906,6,4.030194512
2940,08/05/2018,19393,N553WN,4546,1169706,FLL,1226402,IAD,2002,-3,2227,-13,4.030194512
2941,08/05/2018,19393,N7736A,6594,1169706,FLL,1233904,IND,1903,-7,2133,-27,4.030194512
2942,08/05/2018,19393,N8620H,4036,1169706,FLL,1239102,ISP,1432,-3,1710,-15,4.030194512
2943,08/05/2018,19393,N954WN,26,1169706,FLL,1245102,JAX,1447,12,1550,-5,4.030194512
2944,08/05/2018,19393,N7884G,3302,1169706,FLL,1245102,JAX,630,0,732,-13,4.030194512
2945,08/05/2018,19393,N7885A,3319,1169706,FLL,1245102,JAX,1826,1,1933,-12,4.030194512
2946,08/05/2018,19393,N8317M,5260,1169706,FLL,1288903,LAS,1733,3,1926,-9,4.030194512
2947,08/05/2018,19393,N709SW,4846,1169706,FLL,1295304,LGA,1302,2,1538,-22,4.030194512
2948,08/05/2018,19393,N454WN,4794,1169706,FLL,1319801,MCI,1453,-7,1643,-27,4.030194512
2949,08/05/2018,19393,N734SA,4087,1169706,FLL,1320402,MCO,1930,-5,2020,-20,4.030194512
2950,08/05/2018,19393,N968WN,4184,1169706,FLL,1320402,MCO,1447,-3,1542,-18,4.030194512
2951,08/05/2018,19393,N7749B,4323,1169706,FLL,1320402,MCO,536,-4,640,0,4.030194512
2952,08/05/2018,19393,N263WN,4988,1169706,FLL,1320402,MCO,944,-1,1040,-10,4.030194512
2953,08/05/2018,19393,N7705A,5363,1169706,FLL,1320402,MCO,1154,4,1305,10,4.030194512
2954,08/05/2018,19393,N7853B,3646,1169706,FLL,1323202,MDW,1013,-2,1200,-20,4.030194512
2955,08/05/2018,19393,N969WN,4257,1169706,FLL,1323202,MDW,1725,0,1920,-15,4.030194512
2956,08/05/2018,19393,N7860A,5382,1169706,FLL,1323202,MDW,2110,-5,2301,-19,4.030194512
2957,08/05/2018,19393,N8556Z,6870,1169706,FLL,1323202,MDW,611,1,806,-4,4.030194512
2958,08/05/2018,19393,N567WN,2975,1169706,FLL,1349505,MSY,1419,-1,1504,-16,4.030194512
2959,08/05/2018,19393,N480WN,3515,1169706,FLL,1349505,MSY,701,-4,747,-18,4.030194512
2960,08/05/2018,19393,N7842A,4690,1169706,FLL,1349505,MSY,1703,-2,1756,-9,4.030194512
2961,08/05/2018,19393,N490WN,204,1169706,FLL,1410005,PHL,1915,0,2143,-22,4.030194512
2962,08/05/2018,19393,N8526W,5561,1169706,FLL,1410702,PHX,1808,-2,1939,-11,4.030194512
2963,08/05/2018,19393,N7821L,5271,1169706,FLL,1412202,PIT,2152,7,25,0,4.030194512
2964,08/05/2018,19393,N455WN,2931,1169706,FLL,1430705,PVD,2113,33,10,25,0
2965,08/05/2018,19393,N7720F,4454,1169706,FLL,1449202,RDU,1917,7,2118,-2,4.030194512
2966,08/05/2018,19393,N8548P,4861,1169706,FLL,1468305,SAT,1133,3,1317,-13,4.030194512
2967,08/05/2018,19393,N234WN,2740,1169706,FLL,1484306,SJU,1623,-2,1859,-6,4.030194512
2968,08/05/2018,19393,N8692F,3157,1169706,FLL,1484306,SJU,1034,-1,1312,-3,4.030194512
2969,08/05/2018,19393,N925WN,3348,1169706,FLL,1484306,SJU,2112,17,2359,24,0
2970,08/05/2018,19393,N436WN,5676,1169706,FLL,1484306,SJU,706,1,943,3,4.030194512
2971,08/05/2018,19393,N7820L,4867,1169706,FLL,1501606,STL,2006,1,2139,-11,4.030194512
2972,08/05/2018,19393,N458WN,5465,1169706,FLL,1501606,STL,955,0,1131,-9,4.030194512
2973,08/05/2018,19393,N291WN,2995,1169706,FLL,1530402,TPA,1055,0,1158,-2,4.030194512
2974,08/05/2018,19393,N261WN,3482,1169706,FLL,1530402,TPA,606,-4,704,-6,4.030194512
2975,08/05/2018,19393,N8329B,3783,1169706,FLL,1530402,TPA,2121,1,2216,-4,4.030194512
2976,08/05/2018,19393,N707SA,4103,1169706,FLL,1530402,TPA,1611,-4,1709,-11,4.030194512
2977,08/05/2018,19393,N234WN,4220,1169706,FLL,1530402,TPA,1304,-1,1404,-6,4.030194512
2978,08/05/2018,19393,N251WN,3298,1188402,GEG,1071302,BOI,915,-5,1111,-9,4.030194512
2979,08/05/2018,19393,N7835A,3935,1188402,GEG,1071302,BOI,1712,27,1901,16,0
2980,08/05/2018,19393,N944WN,2819,1188402,GEG,1129202,DEN,627,-3,926,-9,4.030194512
2981,08/05/2018,19393,N8602F,2894,1188402,GEG,1129202,DEN,1302,-3,1604,-11,4.030194512
2982,08/05/2018,19393,N937WN,3417,1188402,GEG,1288903,LAS,1610,25,1808,8,4.030194512
2983,08/05/2018,19393,N8656B,4857,1188402,GEG,1288903,LAS,1921,-9,2126,-14,4.030194512
2984,08/05/2018,19393,N8705Q,3013,1188402,GEG,1323202,MDW,654,19,1208,8,4.030194512
2985,08/05/2018,19393,N955WN,3531,1188402,GEG,1379608,OAK,659,-1,855,-10,4.030194512
2986,08/05/2018,19393,N248WN,4672,1188402,GEG,1379608,OAK,1736,31,1938,28,0
2987,08/05/2018,19393,N214WN,5168,1188402,GEG,1410702,PHX,1442,27,1711,21,0
2988,08/05/2018,19393,N242WN,3793,1188402,GEG,1483106,SJC,1954,134,2157,132,0
2989,08/05/2018,19393,N458WN,5465,1188402,GEG,1489302,SMF,1819,4,2000,5,4.030194512
2990,08/05/2018,19393,N7812G,3204,1198603,GRR,1082106,BWI,1646,26,1808,18,0
2991,08/05/2018,19393,N949WN,4461,1198603,GRR,1129202,DEN,634,-1,709,-11,4.030194512
2992,08/05/2018,19393,N286WN,2641,1198603,GRR,1323202,MDW,1044,4,1026,-9,4.030194512
2993,08/05/2018,19393,N491WN,2882,1198603,GRR,1323202,MDW,1815,5,1832,22,0
2994,08/05/2018,19393,N918WN,3545,1198603,GRR,1323202,MDW,730,-5,721,-9,4.030194512
2995,08/05/2018,19393,N7888A,2715,1199603,GSP,1039707,ATL,1923,93,2006,76,0
2996,08/05/2018,19393,N563WN,3185,1199603,GSP,1039707,ATL,700,0,751,-9,4.030194512
2997,08/05/2018,19393,N404WN,3890,1199603,GSP,1039707,ATL,1212,-3,1256,-14,4.030194512
2998,08/05/2018,19393,N901WN,735,1219102,HOU,1014005,ABQ,1701,101,1759,99,0
2999,08/05/2018,19393,N7816B,2836,1219102,HOU,1014005,ABQ,1946,1,2038,-7,4.030194512
3000,08/05/2018,19393,N7737E,6895,1219102,HOU,1014005,ABQ,826,1,921,-9,4.030194512
3001,08/05/2018,19393,N7705A,1234,1219102,HOU,1039707,ATL,1955,15,2242,2,4.030194512
3002,08/05/2018,19393,N757LV,2610,1219102,HOU,1039707,ATL,1435,80,1752,92,0
3003,08/05/2018,19393,N916WN,2805,1219102,HOU,1039707,ATL,825,5,1120,-5,4.030194512
3004,08/05/2018,19393,N7824A,3575,1219102,HOU,1039707,ATL,1047,2,1333,-17,4.030194512
3005,08/05/2018,19393,N7730A,3629,1219102,HOU,1039707,ATL,653,3,947,-3,4.030194512
3006,08/05/2018,19393,N7740A,5159,1219102,HOU,1039707,ATL,1845,120,2153,123,0
3007,08/05/2018,19393,N231WN,1496,1219102,HOU,1042302,AUS,1426,1,1512,-3,4.030194512
3008,08/05/2018,19393,N7734H,2808,1219102,HOU,1042302,AUS,2223,3,2305,0,4.030194512
3009,08/05/2018,19393,N936WN,2953,1219102,HOU,1042302,AUS,1122,7,1203,-2,4.030194512
3010,08/05/2018,19393,N431WN,5291,1219102,HOU,1042302,AUS,2001,11,2041,1,4.030194512
3011,08/05/2018,19393,N964WN,5566,1219102,HOU,1042302,AUS,826,-4,927,7,4.030194512
3012,08/05/2018,19393,N7707C,3248,1219102,HOU,1059904,BHM,2004,14,2134,4,4.030194512
3013,08/05/2018,19393,N7818L,5399,1219102,HOU,1059904,BHM,1128,-2,1255,-15,4.030194512
3014,08/05/2018,19393,N562WN,2578,1219102,HOU,1069302,BNA,914,4,1055,-5,4.030194512
3015,08/05/2018,19393,N7882B,3150,1219102,HOU,1069302,BNA,1428,13,1608,3,4.030194512
3016,08/05/2018,19393,N236WN,5315,1219102,HOU,1069302,BNA,2039,29,2220,20,0
3017,08/05/2018,19393,N8637A,5410,1219102,HOU,1069302,BNA,526,-4,703,-17,4.030194512
3018,08/05/2018,19393,N8541W,3557,1219102,HOU,1072102,BOS,635,15,1119,9,4.030194512
3019,08/05/2018,19393,N8678E,5020,1219102,HOU,1072102,BOS,1451,26,1939,24,0
3020,08/05/2018,19393,N8718Q,3119,1219102,HOU,1082106,BWI,613,-2,1002,-13,4.030194512
3021,08/05/2018,19393,N8524Z,3598,1219102,HOU,1082106,BWI,1541,-4,1958,8,4.030194512
3022,08/05/2018,19393,N8513F,4481,1219102,HOU,1082106,BWI,1210,0,1555,-15,4.030194512
3023,08/05/2018,19393,N8624J,4490,1219102,HOU,1082106,BWI,2017,-3,5,-15,4.030194512
3024,08/05/2018,19393,N729SW,4985,1219102,HOU,1099402,CHS,1547,-3,1906,-9,4.030194512
3025,08/05/2018,19393,N475WN,4908,1219102,HOU,1105703,CLT,1212,2,1532,-8,4.030194512
3026,08/05/2018,19393,N922WN,2633,1219102,HOU,1114008,CRP,1627,2,1713,-2,4.030194512
3027,08/05/2018,19393,N746SW,2842,1219102,HOU,1114008,CRP,1041,-4,1124,-11,4.030194512
3028,08/05/2018,19393,N457WN,5189,1219102,HOU,1114008,CRP,2013,18,2108,23,0
3029,08/05/2018,19393,N7838A,46,1219102,HOU,1125903,DAL,1821,51,1911,41,0
3030,08/05/2018,19393,N218WN,1254,1219102,HOU,1125903,DAL,628,-2,722,-8,4.030194512
3031,08/05/2018,19393,N743SW,2593,1219102,HOU,1125903,DAL,723,-7,829,-1,4.030194512
3032,08/05/2018,19393,N708SW,2594,1219102,HOU,1125903,DAL,931,1,1022,-8,4.030194512
3033,08/05/2018,19393,N712SW,2607,1219102,HOU,1125903,DAL,1036,6,1129,-1,4.030194512
3034,08/05/2018,19393,N445WN,2619,1219102,HOU,1125903,DAL,1130,0,1222,-8,4.030194512
3035,08/05/2018,19393,N701GS,2620,1219102,HOU,1125903,DAL,1234,4,1322,-8,4.030194512
3036,08/05/2018,19393,N498WN,2652,1219102,HOU,1125903,DAL,1840,100,1931,91,0
3037,08/05/2018,19393,N241WN,2654,1219102,HOU,1125903,DAL,1523,23,1615,15,0
3038,08/05/2018,19393,N7881A,2658,1219102,HOU,1125903,DAL,1613,13,1708,8,4.030194512
3039,08/05/2018,19393,N761RR,3185,1219102,HOU,1125903,DAL,1357,-3,1450,-10,4.030194512
3040,08/05/2018,19393,N922WN,3277,1219102,HOU,1125903,DAL,1932,2,2025,-5,4.030194512
3041,08/05/2018,19393,N7845A,3914,1219102,HOU,1125903,DAL,2138,8,2236,6,4.030194512
3042,08/05/2018,19393,N746SW,4321,1219102,HOU,1125903,DAL,1333,3,1427,-3,4.030194512
3043,08/05/2018,19393,N725SW,4449,1219102,HOU,1125903,DAL,828,-2,929,-6,4.030194512
3044,08/05/2018,19393,N280WN,5113,1219102,HOU,1125903,DAL,1832,2,1929,-1,4.030194512
3045,08/05/2018,19393,N7849A,5505,1219102,HOU,1125903,DAL,2028,-2,2123,-7,4.030194512
3046,08/05/2018,19393,N259WN,1037,1219102,HOU,1127805,DCA,1417,2,1759,-21,4.030194512
3047,08/05/2018,19393,N490WN,2612,1219102,HOU,1127805,DCA,1046,6,1442,-3,4.030194512
3048,08/05/2018,19393,N767SW,5302,1219102,HOU,1127805,DCA,1845,5,2232,-13,4.030194512
3049,08/05/2018,19393,N724SW,1290,1219102,HOU,1129202,DEN,1430,0,1612,22,0
3050,08/05/2018,19393,N8328A,3334,1219102,HOU,1129202,DEN,830,0,942,-8,4.030194512
3051,08/05/2018,19393,N407WN,4178,1219102,HOU,1129202,DEN,1210,0,1334,4,4.030194512
3052,08/05/2018,19393,N8670A,4298,1219102,HOU,1129202,DEN,2240,0,2356,-9,4.030194512
3053,08/05/2018,19393,N444WN,5541,1219102,HOU,1129202,DEN,634,-1,746,-9,4.030194512
3054,08/05/2018,19393,N776WN,5988,1219102,HOU,1129202,DEN,1830,15,2004,19,0
3055,08/05/2018,19393,N7713A,3398,1219102,HOU,1148102,ECP,1440,0,1611,-9,4.030194512
3056,08/05/2018,19393,N727SW,2857,1219102,HOU,1154005,ELP,2209,-6,2248,-12,4.030194512
3057,08/05/2018,19393,N8313F,3968,1219102,HOU,1154005,ELP,905,-5,938,-22,4.030194512
3058,08/05/2018,19393,N736SA,5521,1219102,HOU,1154005,ELP,1553,8,1629,-6,4.030194512
3059,08/05/2018,19393,N903WN,739,1219102,HOU,1169706,FLL,652,-8,1020,-20,4.030194512
3060,08/05/2018,19393,N241WN,3561,1219102,HOU,1169706,FLL,2006,11,2318,-2,4.030194512
3061,08/05/2018,19393,N562WN,2680,1219102,HOU,1220605,HRL,2239,-1,2329,-6,4.030194512
3062,08/05/2018,19393,N738CB,2909,1219102,HOU,1220605,HRL,1052,-8,1148,-12,4.030194512
3063,08/05/2018,19393,N7734H,5518,1219102,HOU,1220605,HRL,1928,18,2017,12,4.030194512
3064,08/05/2018,19393,N273WN,4093,1219102,HOU,1233904,IND,1752,52,2102,47,0
3065,08/05/2018,19393,N7863A,4887,1219102,HOU,1233904,IND,1053,-2,1354,-21,4.030194512
3066,08/05/2018,19393,N203WN,2972,1219102,HOU,1245102,JAX,1643,13,1940,5,4.030194512
3067,08/05/2018,19393,N8713M,787,1219102,HOU,1288903,LAS,548,-2,642,-8,4.030194512
3068,08/05/2018,19393,N956WN,962,1219102,HOU,1288903,LAS,1327,2,1421,-9,4.030194512
3069,08/05/2018,19393,N8674B,2997,1219102,HOU,1288903,LAS,825,0,919,-11,4.030194512
3070,08/05/2018,19393,N8606C,4879,1219102,HOU,1288903,LAS,2019,4,2113,-7,4.030194512
3071,08/05/2018,19393,N8555Z,4915,1219102,HOU,1288903,LAS,1646,6,1747,2,4.030194512
3072,08/05/2018,19393,N8576Z,3256,1219102,HOU,1289208,LAX,2017,7,2126,-9,4.030194512
3073,08/05/2018,19393,N8681M,4063,1219102,HOU,1289208,LAX,1053,3,1207,-13,4.030194512
3074,08/05/2018,19393,N744SW,4381,1219102,HOU,1289208,LAX,825,0,947,-8,4.030194512
3075,08/05/2018,19393,N964WN,5322,1219102,HOU,1289208,LAX,1737,37,1848,23,0
3076,08/05/2018,19393,N773SA,5433,1219102,HOU,1289208,LAX,540,-5,652,-18,4.030194512
3077,08/05/2018,19393,N7827A,774,1219102,HOU,1295304,LGA,850,-5,1302,-23,4.030194512
3078,08/05/2018,19393,N780SW,2639,1219102,HOU,1295304,LGA,1836,46,2256,31,0
3079,08/05/2018,19393,N773SA,3021,1219102,HOU,1315805,MAF,2225,0,2334,-11,4.030194512
3080,08/05/2018,19393,N468WN,3644,1219102,HOU,1315805,MAF,1330,30,1439,19,0
3081,08/05/2018,19393,N440LV,4300,1219102,HOU,1315805,MAF,842,-3,954,-11,4.030194512
3082,08/05/2018,19393,N474WN,3475,1219102,HOU,1319801,MCI,2228,3,13,-2,4.030194512
3083,08/05/2018,19393,N780SW,5472,1219102,HOU,1319801,MCI,834,9,1021,1,4.030194512
3084,08/05/2018,19393,N286WN,2641,1219102,HOU,1320402,MCO,1544,4,1903,3,4.030194512
3085,08/05/2018,19393,N8619F,3225,1219102,HOU,1320402,MCO,1951,6,2259,-1,4.030194512
3086,08/05/2018,19393,N8534Z,4303,1219102,HOU,1320402,MCO,604,-1,913,-12,4.030194512
3087,08/05/2018,19393,N8565Z,5429,1219102,HOU,1320402,MCO,1022,7,1331,-4,4.030194512
3088,08/05/2018,19393,N410WN,1049,1219102,HOU,1323202,MDW,1930,5,2153,3,4.030194512
3089,08/05/2018,19393,N8607M,3042,1219102,HOU,1323202,MDW,636,-4,852,-13,4.030194512
3090,08/05/2018,19393,N8524Z,3596,1219102,HOU,1323202,MDW,847,-3,1103,-17,4.030194512
3091,08/05/2018,19393,N244WN,4048,1219102,HOU,1323202,MDW,1229,-1,1450,-5,4.030194512
3092,08/05/2018,19393,N8660A,4131,1219102,HOU,1323202,MDW,1725,20,1947,17,0
3093,08/05/2018,19393,N8569Z,4351,1219102,HOU,1323202,MDW,1424,-1,1637,-13,4.030194512
3094,08/05/2018,19393,N216WR,5411,1219102,HOU,1323202,MDW,2213,-2,25,-10,4.030194512
3095,08/05/2018,19393,N292WN,3040,1219102,HOU,1324402,MEM,2022,-3,2144,-11,4.030194512
3096,08/05/2018,19393,N7741C,3340,1219102,HOU,1324402,MEM,1335,0,1459,-6,4.030194512
3097,08/05/2018,19393,N8671D,4452,1219102,HOU,1334207,MKE,2018,28,2254,29,0
3098,08/05/2018,19393,N931WN,2632,1219102,HOU,1349505,MSY,1516,1,1621,1,4.030194512
3099,08/05/2018,19393,N8302F,3207,1219102,HOU,1349505,MSY,2210,-5,2306,-9,4.030194512
3100,08/05/2018,19393,N7824A,3572,1219102,HOU,1349505,MSY,659,-6,757,-13,4.030194512
3101,08/05/2018,19393,N8557Q,3626,1219102,HOU,1349505,MSY,1847,12,1948,8,4.030194512
3102,08/05/2018,19393,N297WN,5147,1219102,HOU,1349505,MSY,1346,1,1443,-7,4.030194512
3103,08/05/2018,19393,N726SW,5216,1219102,HOU,1349505,MSY,1711,1,1808,-7,4.030194512
3104,08/05/2018,19393,N8605E,5223,1219102,HOU,1349505,MSY,828,-2,922,-18,4.030194512
3105,08/05/2018,19393,N7883A,5557,1219102,HOU,1349505,MSY,1049,-1,1143,-17,4.030194512
3106,08/05/2018,19393,N8663A,3565,1219102,HOU,1379608,OAK,840,0,1022,-13,4.030194512
3107,08/05/2018,19393,N8627B,5234,1219102,HOU,1379608,OAK,1720,10,1903,-2,4.030194512
3108,08/05/2018,19393,N7868K,3140,1219102,HOU,1385103,OKC,841,6,958,-2,4.030194512
3109,08/05/2018,19393,N7729A,4436,1219102,HOU,1385103,OKC,1704,-1,1822,-3,4.030194512
3110,08/05/2018,19393,N430WN,4610,1219102,HOU,1385103,OKC,2219,-6,2330,-15,4.030194512
3111,08/05/2018,19393,N570WN,2838,1219102,HOU,1387102,OMA,1507,157,1708,153,0
3112,08/05/2018,19393,N7848A,4198,1219102,HOU,1387102,OMA,1745,45,1943,38,0
3113,08/05/2018,19393,N8707P,2881,1219102,HOU,1405702,PDX,1106,6,1318,-2,4.030194512
3114,08/05/2018,19393,N470WN,1745,1219102,HOU,1410702,PHX,1043,-2,1106,-19,4.030194512
3115,08/05/2018,19393,N8644C,3591,1219102,HOU,1410702,PHX,615,15,641,6,4.030194512
3116,08/05/2018,19393,N7701B,4212,1219102,HOU,1410702,PHX,1950,0,2012,-13,4.030194512
3117,08/05/2018,19393,N479WN,4680,1219102,HOU,1410702,PHX,1451,56,1509,39,0
3118,08/05/2018,19393,N730SW,3262,1219102,HOU,1412202,PIT,1524,49,1903,43,0
3119,08/05/2018,19393,N438WN,5394,1219102,HOU,1419306,PNS,1743,43,1902,32,0
3120,08/05/2018,19393,N274WN,4242,1219102,HOU,1449202,RDU,1827,77,2156,66,0
3121,08/05/2018,19393,N7834A,3428,1219102,HOU,1467903,SAN,629,4,723,-7,4.030194512
3122,08/05/2018,19393,N7878A,3743,1219102,HOU,1467903,SAN,1626,16,1718,3,4.030194512
3123,08/05/2018,19393,N7711N,2691,1219102,HOU,1468305,SAT,820,-5,917,-3,4.030194512
3124,08/05/2018,19393,N7874B,2820,1219102,HOU,1468305,SAT,1059,9,1144,-6,4.030194512
3125,08/05/2018,19393,N738CB,2914,1219102,HOU,1468305,SAT,1424,-6,1513,-12,4.030194512
3126,08/05/2018,19393,N8514F,3281,1219102,HOU,1468305,SAT,2231,6,2313,-2,4.030194512
3127,08/05/2018,19393,N748SW,4229,1219102,HOU,1468305,SAT,2025,30,2112,22,0
3128,08/05/2018,19393,N8311Q,3311,1219102,HOU,1474703,SEA,1126,16,1350,0,4.030194512
3129,08/05/2018,19393,N7835A,4046,1219102,HOU,1483106,SJC,1035,-5,1216,-14,4.030194512
3130,08/05/2018,19393,N284WN,2985,1219102,HOU,1484306,SJU,1741,16,2322,32,0
3131,08/05/2018,19393,N8515X,3848,1219102,HOU,1484306,SJU,1047,17,1621,26,0
3132,08/05/2018,19393,N7717D,5182,1219102,HOU,1490803,SNA,832,-3,939,-11,4.030194512
3133,08/05/2018,19393,N563WN,5478,1219102,HOU,1490803,SNA,1348,13,1448,-2,4.030194512
3134,08/05/2018,19393,N8309C,2771,1219102,HOU,1501606,STL,1712,7,1908,3,4.030194512
3135,08/05/2018,19393,N8638A,4360,1219102,HOU,1501606,STL,652,-3,850,-5,4.030194512
3136,08/05/2018,19393,N7813P,5003,1219102,HOU,1501606,STL,2215,-5,1,-9,4.030194512
3137,08/05/2018,19393,N202WN,5192,1219102,HOU,1501606,STL,1412,7,1558,-2,4.030194512
3138,08/05/2018,19393,N774SW,2749,1219102,HOU,1530402,TPA,1611,46,1913,43,0
3139,08/05/2018,19393,N8623F,3580,1219102,HOU,1530402,TPA,609,-1,901,-14,4.030194512
3140,08/05/2018,19393,N7857B,5857,1219102,HOU,1530402,TPA,2005,-10,2304,-11,4.030194512
3141,08/05/2018,19393,N7718B,948,1219102,HOU,1537002,TUL,2229,4,2347,2,4.030194512
3142,08/05/2018,19393,N460WN,2962,1219102,HOU,1537002,TUL,834,-6,956,-9,4.030194512
3143,08/05/2018,19393,N967WN,3712,1219102,HOU,1537002,TUL,1553,18,1708,8,4.030194512
3144,08/05/2018,19393,N218WN,4254,1220605,HRL,1042302,AUS,1852,47,1948,38,0
3145,08/05/2018,19393,N7734H,2808,1220605,HRL,1219102,HOU,2047,12,2144,9,4.030194512
3146,08/05/2018,19393,N738CB,2914,1220605,HRL,1219102,HOU,1227,-8,1324,-16,4.030194512
3147,08/05/2018,19393,N460WN,2962,1220605,HRL,1219102,HOU,640,0,737,-8,4.030194512
3148,08/05/2018,19393,N967WN,3710,1226402,IAD,1039707,ATL,1113,-2,1308,8,4.030194512
3149,08/05/2018,19393,N919WN,5428,1226402,IAD,1039707,ATL,1706,-4,1908,3,4.030194512
3150,08/05/2018,19393,N7831B,4608,1226402,IAD,1129202,DEN,1940,10,2117,-13,4.030194512
3151,08/05/2018,19393,N8536Z,4891,1226402,IAD,1129202,DEN,1614,64,1746,41,0
3152,08/05/2018,19393,N8522P,5585,1226402,IAD,1129202,DEN,550,0,717,-18,4.030194512
3153,08/05/2018,19393,N7853B,3564,1226402,IAD,1169706,FLL,655,-5,913,-27,4.030194512
3154,08/05/2018,19393,N7826B,3383,1226402,IAD,1320402,MCO,1823,-2,2043,-12,4.030194512
3155,08/05/2018,19393,N551WN,3857,1227805,ICT,1288903,LAS,1902,7,1934,4,4.030194512
3156,08/05/2018,19393,N700GS,4644,1227805,ICT,1288903,LAS,1322,-3,1348,-12,4.030194512
3157,08/05/2018,19393,N458WN,5465,1227805,ICT,1410702,PHX,1415,0,1435,0,4.030194512
3158,08/05/2018,19393,N748SW,3644,1227805,ICT,1501606,STL,710,-5,817,-13,4.030194512
3159,08/05/2018,19393,N749SW,3807,1227805,ICT,1501606,STL,1722,-3,1827,-13,4.030194512
3160,08/05/2018,19393,N8309C,3647,1233904,IND,1039707,ATL,724,-1,846,-14,4.030194512
3161,08/05/2018,19393,N7719A,4078,1233904,IND,1039707,ATL,1135,-5,1310,0,4.030194512
3162,08/05/2018,19393,N796SW,5214,1233904,IND,1039707,ATL,1818,28,2039,74,0
3163,08/05/2018,19393,N789SW,3171,1233904,IND,1042302,AUS,902,-3,1015,-25,4.030194512
3164,08/05/2018,19393,N7854B,3243,1233904,IND,1072102,BOS,1802,7,2010,0,4.030194512
3165,08/05/2018,19393,N237WN,2737,1233904,IND,1082106,BWI,2116,-4,2242,-13,4.030194512
3166,08/05/2018,19393,N7738A,4916,1233904,IND,1082106,BWI,1601,-4,1730,-10,4.030194512
3167,08/05/2018,19393,N7877H,5375,1233904,IND,1082106,BWI,731,-4,903,-7,4.030194512
3168,08/05/2018,19393,N777QC,2873,1233904,IND,1125903,DAL,2045,-10,2137,-23,4.030194512
3169,08/05/2018,19393,N798SW,3932,1233904,IND,1125903,DAL,740,35,841,31,0
3170,08/05/2018,19393,N438WN,836,1233904,IND,1129202,DEN,638,-2,704,-16,4.030194512
3171,08/05/2018,19393,N7735A,3312,1233904,IND,1129202,DEN,1052,-3,1133,-2,4.030194512
3172,08/05/2018,19393,N8610A,3941,1233904,IND,1129202,DEN,1626,-4,1657,-13,4.030194512
3173,08/05/2018,19393,N273WN,4093,1233904,IND,1129202,DEN,2139,49,2215,45,0
3174,08/05/2018,19393,N7879A,4146,1233904,IND,1161802,EWR,1104,-1,1259,-1,4.030194512
3175,08/05/2018,19393,N8658A,3678,1233904,IND,1169706,FLL,644,-6,917,-8,4.030194512
3176,08/05/2018,19393,N7815L,3021,1233904,IND,1219102,HOU,2007,-3,2118,-17,4.030194512
3177,08/05/2018,19393,N8681M,4063,1233904,IND,1219102,HOU,833,-2,944,-11,4.030194512
3178,08/05/2018,19393,N419WN,2745,1233904,IND,1288903,LAS,1455,-5,1537,-23,4.030194512
3179,08/05/2018,19393,N498WN,3662,1233904,IND,1288903,LAS,558,-2,644,-11,4.030194512
3180,08/05/2018,19393,N791SW,5334,1233904,IND,1288903,LAS,1914,-6,2001,-9,4.030194512
3181,08/05/2018,19393,N708SW,2594,1233904,IND,1289208,LAX,1448,8,1555,-10,4.030194512
3182,08/05/2018,19393,N7863A,4887,1233904,IND,1319801,MCI,1443,-7,1457,-23,4.030194512
3183,08/05/2018,19393,N254WN,3659,1233904,IND,1320402,MCO,609,-1,813,-7,4.030194512
3184,08/05/2018,19393,N795SW,4676,1233904,IND,1320402,MCO,2023,3,2230,-5,4.030194512
3185,08/05/2018,19393,N8536Z,4891,1233904,IND,1320402,MCO,1029,94,1237,87,0
3186,08/05/2018,19393,N227WN,5118,1233904,IND,1320402,MCO,1532,-3,1742,-8,4.030194512
3187,08/05/2018,19393,N7812G,3204,1233904,IND,1323202,MDW,1311,-4,1258,-12,4.030194512
3188,08/05/2018,19393,N774SW,2749,1233904,IND,1349505,MSY,1203,-7,1251,-14,4.030194512
3189,08/05/2018,19393,N8612K,4156,1233904,IND,1379608,OAK,807,-3,942,-13,4.030194512
3190,08/05/2018,19393,N8625A,1563,1233904,IND,1410702,PHX,1959,14,2022,-3,4.030194512
3191,08/05/2018,19393,N479WN,3665,1233904,IND,1410702,PHX,720,5,751,-4,4.030194512
3192,08/05/2018,19393,N8611F,3190,1233904,IND,1463502,RSW,1523,-2,1743,-12,4.030194512
3193,08/05/2018,19393,N755SA,2766,1233904,IND,1467903,SAN,1637,2,1732,-18,4.030194512
3194,08/05/2018,19393,N7719A,824,1233904,IND,1530402,TPA,546,-4,753,-7,4.030194512
3195,08/05/2018,19393,N7821L,5271,1233904,IND,1530402,TPA,1712,-3,1941,16,0
3196,08/05/2018,19393,N219WN,5424,1233904,IND,1530402,TPA,2021,21,2227,17,0
3197,08/05/2018,19393,N494WN,5513,1233904,IND,1530402,TPA,1129,4,1328,-7,4.030194512
3198,08/05/2018,19393,N7831B,3339,1239102,ISP,1082106,BWI,710,45,809,34,0
3199,08/05/2018,19393,N473WN,3690,1239102,ISP,1082106,BWI,908,-2,1011,-9,4.030194512
3200,08/05/2018,19393,N247WN,4067,1239102,ISP,1082106,BWI,1732,7,1852,17,0
3201,08/05/2018,19393,N766SW,5204,1239102,ISP,1082106,BWI,1335,20,1441,16,0
3202,08/05/2018,19393,N8620H,4227,1239102,ISP,1169706,FLL,1106,11,1344,-6,4.030194512
3203,08/05/2018,19393,N8620H,4034,1239102,ISP,1320402,MCO,1902,47,2128,33,0
3204,08/05/2018,19393,N8301J,4833,1239102,ISP,1320402,MCO,1108,-2,1340,-10,4.030194512
3205,08/05/2018,19393,N8670A,5397,1239102,ISP,1320402,MCO,532,-3,753,-17,4.030194512
3206,08/05/2018,19393,N8563Z,4053,1239102,ISP,1402702,PBI,1724,9,1957,-8,4.030194512
3207,08/05/2018,19393,N8661A,5393,1239102,ISP,1402702,PBI,728,3,1007,-3,4.030194512
3208,08/05/2018,19393,N260WN,848,1239102,ISP,1530402,TPA,621,1,859,-6,4.030194512
3209,08/05/2018,19393,N481WN,826,1245102,JAX,1039707,ATL,1324,4,1428,-17,4.030194512
3210,08/05/2018,19393,N7885A,3319,1245102,JAX,1039707,ATL,2025,-10,2149,4,4.030194512
3211,08/05/2018,19393,N967WN,3707,1245102,JAX,1039707,ATL,650,-5,750,-15,4.030194512
3212,08/05/2018,19393,N7748A,3614,1245102,JAX,1069302,BNA,1136,-4,1155,-15,4.030194512
3213,08/05/2018,19393,N456WN,3714,1245102,JAX,1069302,BNA,709,-1,733,-7,4.030194512
3214,08/05/2018,19393,N418WN,5057,1245102,JAX,1069302,BNA,1624,9,1645,0,4.030194512
3215,08/05/2018,19393,N203WN,2972,1245102,JAX,1082106,BWI,2016,11,2202,2,4.030194512
3216,08/05/2018,19393,N7884G,3302,1245102,JAX,1082106,BWI,814,-6,950,-20,4.030194512
3217,08/05/2018,19393,N7845A,3589,1245102,JAX,1082106,BWI,1539,9,1731,6,4.030194512
3218,08/05/2018,19393,N7855A,5469,1245102,JAX,1082106,BWI,1807,22,2013,33,0
3219,08/05/2018,19393,N7876A,3001,1245102,JAX,1125903,DAL,1807,7,1928,-2,4.030194512
3220,08/05/2018,19393,N481WN,3378,1245102,JAX,1129202,DEN,2056,11,2219,-1,4.030194512
3221,08/05/2018,19393,N925WN,3348,1245102,JAX,1169706,FLL,1920,20,2030,15,0
3222,08/05/2018,19393,N234WN,4220,1245102,JAX,1169706,FLL,1102,-3,1206,-19,4.030194512
3223,08/05/2018,19393,N7811F,5918,1245102,JAX,1169706,FLL,602,-3,707,-18,4.030194512
3224,08/05/2018,19393,N231WN,1496,1245102,JAX,1219102,HOU,1226,-4,1333,-12,4.030194512
3225,08/05/2018,19393,N954WN,26,1245102,JAX,1323202,MDW,1630,0,1740,-10,4.030194512
3226,08/05/2018,19393,N785SW,3656,1245102,JAX,1323202,MDW,612,-3,720,-20,4.030194512
3227,08/05/2018,19393,N708SW,4066,1288903,LAS,1014005,ABQ,2116,1,2335,-5,4.030194512
3228,08/05/2018,19393,N943WN,4791,1288903,LAS,1014005,ABQ,1604,24,1834,24,0
3229,08/05/2018,19393,N767SW,5302,1288903,LAS,1014005,ABQ,1043,-2,1300,-10,4.030194512
3230,08/05/2018,19393,N7739A,5374,1288903,LAS,1014005,ABQ,657,-3,919,-6,4.030194512
3231,08/05/2018,19393,N420WN,4848,1288903,LAS,1027903,AMA,1013,-2,1403,-12,4.030194512
3232,08/05/2018,19393,N435WN,3804,1288903,LAS,1039707,ATL,1752,7,35,-10,4.030194512
3233,08/05/2018,19393,N492WN,4069,1288903,LAS,1039707,ATL,1433,18,2136,16,0
3234,08/05/2018,19393,N8697C,4586,1288903,LAS,1039707,ATL,803,-2,1451,-19,4.030194512
3235,08/05/2018,19393,N8559Q,5135,1288903,LAS,1039707,ATL,1742,87,24,69,0
3236,08/05/2018,19393,N235WN,2637,1288903,LAS,1042302,AUS,638,3,1115,0,4.030194512
3237,08/05/2018,19393,N292WN,5100,1288903,LAS,1042302,AUS,1257,7,1739,4,4.030194512
3238,08/05/2018,19393,N8718Q,5420,1288903,LAS,1042302,AUS,2026,6,111,11,4.030194512
3239,08/05/2018,19393,N8573Z,4589,1288903,LAS,1052906,BDL,1441,16,2229,19,0
3240,08/05/2018,19393,N8699A,4211,1288903,LAS,1059904,BHM,1540,25,2108,13,4.030194512
3241,08/05/2018,19393,N8520Q,3540,1288903,LAS,1069302,BNA,2005,25,132,17,0
3242,08/05/2018,19393,N762SW,4585,1288903,LAS,1069302,BNA,539,-1,1105,-10,4.030194512
3243,08/05/2018,19393,N8535S,5349,1288903,LAS,1069302,BNA,1705,-5,2237,-8,4.030194512
3244,08/05/2018,19393,N8630B,5379,1288903,LAS,1069302,BNA,1430,25,2001,16,0
3245,08/05/2018,19393,N739GB,5140,1288903,LAS,1071302,BOI,1446,-4,1730,0,4.030194512
3246,08/05/2018,19393,N791SW,5334,1288903,LAS,1071302,BOI,2100,0,2329,-11,4.030194512
3247,08/05/2018,19393,N8528Q,752,1288903,LAS,1079206,BUF,1801,1,59,-11,4.030194512
3248,08/05/2018,19393,N720WN,799,1288903,LAS,1080003,BUR,1737,17,1834,14,4.030194512
3249,08/05/2018,19393,N460WN,2962,1288903,LAS,1080003,BUR,1231,26,1330,20,0
3250,08/05/2018,19393,N956WN,3346,1288903,LAS,1080003,BUR,1507,7,1616,11,4.030194512
3251,08/05/2018,19393,N485WN,3354,1288903,LAS,1080003,BUR,2125,95,2226,96,0
3252,08/05/2018,19393,N551WN,3627,1288903,LAS,1080003,BUR,1042,-8,1140,-15,4.030194512
3253,08/05/2018,19393,N270WN,4191,1288903,LAS,1080003,BUR,2100,5,2202,7,4.030194512
3254,08/05/2018,19393,N435WN,4611,1288903,LAS,1080003,BUR,903,3,957,-8,4.030194512
3255,08/05/2018,19393,N566WN,4735,1288903,LAS,1080003,BUR,1324,9,1422,2,4.030194512
3256,08/05/2018,19393,N781WN,5141,1288903,LAS,1080003,BUR,742,2,836,-4,4.030194512
3257,08/05/2018,19393,N8538V,1432,1288903,LAS,1082106,BWI,911,6,1629,-11,4.030194512
3258,08/05/2018,19393,N8684F,3353,1288903,LAS,1082106,BWI,1138,13,1908,8,4.030194512
3259,08/05/2018,19393,N8555Z,3729,1288903,LAS,1082106,BWI,1838,8,200,5,4.030194512
3260,08/05/2018,19393,N8517F,4411,1288903,LAS,1082106,BWI,1703,-2,21,-9,4.030194512
3261,08/05/2018,19393,N8555Z,4604,1288903,LAS,1082106,BWI,506,-4,1227,-18,4.030194512
3262,08/05/2018,19393,N8526W,5561,1288903,LAS,1082106,BWI,638,8,1404,-1,4.030194512
3263,08/05/2018,19393,N411WN,253,1288903,LAS,1104205,CLE,1339,-1,2023,-17,4.030194512
3264,08/05/2018,19393,N8695D,949,1288903,LAS,1106606,CMH,814,-1,1501,-9,4.030194512
3265,08/05/2018,19393,N439WN,4521,1288903,LAS,1106606,CMH,1040,10,1737,17,0
3266,08/05/2018,19393,N472WN,5288,1288903,LAS,1106606,CMH,1927,27,203,13,4.030194512
3267,08/05/2018,19393,N493WN,376,1288903,LAS,1125903,DAL,606,-4,1034,-16,4.030194512
3268,08/05/2018,19393,N930WN,1657,1288903,LAS,1125903,DAL,1225,0,1701,-4,4.030194512
3269,08/05/2018,19393,N8659D,5515,1288903,LAS,1125903,DAL,850,5,1321,-4,4.030194512
3270,08/05/2018,19393,N444WN,5593,1288903,LAS,1125903,DAL,1845,5,2321,1,4.030194512
3271,08/05/2018,19393,N8503A,5600,1288903,LAS,1125903,DAL,1545,0,2032,7,4.030194512
3272,08/05/2018,19393,N705SW,1586,1288903,LAS,1129202,DEN,1717,2,1954,-11,4.030194512
3273,08/05/2018,19393,N8643A,2796,1288903,LAS,1129202,DEN,1055,5,1329,-6,4.030194512
3274,08/05/2018,19393,N8580Z,2954,1288903,LAS,1129202,DEN,1609,-1,1849,-11,4.030194512
3275,08/05/2018,19393,N917WN,2983,1288903,LAS,1129202,DEN,2059,4,2329,-11,4.030194512
3276,08/05/2018,19393,N742SW,3534,1288903,LAS,1129202,DEN,2229,4,103,-7,4.030194512
3277,08/05/2018,19393,N8573Z,3760,1288903,LAS,1129202,DEN,534,-1,806,-14,4.030194512
3278,08/05/2018,19393,N8720L,4234,1288903,LAS,1129202,DEN,1930,10,2204,-1,4.030194512
3279,08/05/2018,19393,N7738A,4916,1288903,LAS,1129202,DEN,727,2,1003,-12,4.030194512
3280,08/05/2018,19393,N8673F,5155,1288903,LAS,1129202,DEN,1340,-5,1808,88,0
3281,08/05/2018,19393,N769SW,4055,1288903,LAS,1142306,DSM,1249,44,1736,46,0
3282,08/05/2018,19393,N8704Q,2839,1288903,LAS,1143302,DTW,920,0,1606,-9,4.030194512
3283,08/05/2018,19393,N762SW,878,1288903,LAS,1154005,ELP,2257,-3,131,-9,4.030194512
3284,08/05/2018,19393,N211WN,1589,1288903,LAS,1154005,ELP,1608,3,1840,-5,4.030194512
3285,08/05/2018,19393,N273WN,4093,1288903,LAS,1154005,ELP,826,1,1106,1,4.030194512
3286,08/05/2018,19393,N7720F,4454,1288903,LAS,1169706,FLL,1056,21,1832,7,4.030194512
3287,08/05/2018,19393,N8322X,4746,1288903,LAS,1188402,GEG,2146,21,2353,18,0
3288,08/05/2018,19393,N8656B,4855,1288903,LAS,1188402,GEG,1629,-1,1838,-7,4.030194512
3289,08/05/2018,19393,N8533S,3395,1288903,LAS,1219102,HOU,1919,34,7,22,0
3290,08/05/2018,19393,N8660A,4131,1288903,LAS,1219102,HOU,1112,-3,1636,16,0
3291,08/05/2018,19393,N8314L,4523,1288903,LAS,1219102,HOU,1352,12,1905,15,0
3292,08/05/2018,19393,N8617E,4975,1288903,LAS,1219102,HOU,2038,8,130,0,4.030194512
3293,08/05/2018,19393,N7818L,5399,1288903,LAS,1219102,HOU,551,-4,1046,-9,4.030194512
3294,08/05/2018,19393,N551WN,3851,1288903,LAS,1227805,ICT,1403,3,1829,4,4.030194512
3295,08/05/2018,19393,N700GS,4643,1288903,LAS,1227805,ICT,826,-4,1239,-16,4.030194512
3296,08/05/2018,19393,N8530W,2863,1288903,LAS,1233904,IND,1620,5,2238,-7,4.030194512
3297,08/05/2018,19393,N8611F,3190,1288903,LAS,1233904,IND,805,0,1429,-6,4.030194512
3298,08/05/2018,19393,N212WN,4477,1288903,LAS,1233904,IND,1906,-4,128,-12,4.030194512
3299,08/05/2018,19393,N943WN,1041,1288903,LAS,1289208,LAX,908,3,1008,-7,4.030194512
3300,08/05/2018,19393,N550WN,1285,1288903,LAS,1289208,LAX,758,13,918,23,0
3301,08/05/2018,19393,N7726A,1564,1288903,LAS,1289208,LAX,624,-1,727,-8,4.030194512
3302,08/05/2018,19393,N937WN,2631,1288903,LAS,1289208,LAX,1855,15,1958,8,4.030194512
3303,08/05/2018,19393,N7714B,3073,1288903,LAS,1289208,LAX,1426,6,1540,10,4.030194512
3304,08/05/2018,19393,N7843A,3617,1288903,LAS,1289208,LAX,1224,14,1331,11,4.030194512
3305,08/05/2018,19393,N295WN,4508,1288903,LAS,1289208,LAX,2253,-2,2352,-13,4.030194512
3306,08/05/2018,19393,N464WN,4578,1288903,LAS,1289208,LAX,1703,-7,1808,-12,4.030194512
3307,08/05/2018,19393,N554WN,4797,1288903,LAS,1289208,LAX,2102,-3,2219,4,4.030194512
3308,08/05/2018,19393,N414WN,5077,1288903,LAS,1289208,LAX,1024,-1,1138,3,4.030194512
3309,08/05/2018,19393,N411WN,5305,1288903,LAS,1289607,LBB,820,0,1214,-6,4.030194512
3310,08/05/2018,19393,N7737E,5555,1288903,LAS,1289607,LBB,1454,14,1853,13,4.030194512
3311,08/05/2018,19393,N445WN,2619,1288903,LAS,1295406,LGB,1928,48,2025,40,0
3312,08/05/2018,19393,N558WN,5927,1288903,LAS,1295406,LGB,822,2,924,-1,4.030194512
3313,08/05/2018,19393,N464WN,3495,1288903,LAS,1299206,LIT,943,-2,1436,-9,4.030194512
3314,08/05/2018,19393,N7718B,3940,1288903,LAS,1315805,MAF,933,3,1323,-12,4.030194512
3315,08/05/2018,19393,N448WN,5059,1288903,LAS,1315805,MAF,1529,34,1928,28,0
3316,08/05/2018,19393,N8517F,2955,1288903,LAS,1319801,MCI,938,-2,1408,-17,4.030194512
3317,08/05/2018,19393,N8635F,3583,1288903,LAS,1319801,MCI,1237,2,1708,-12,4.030194512
3318,08/05/2018,19393,N498WN,3667,1288903,LAS,1319801,MCI,730,-5,1215,-5,4.030194512
3319,08/05/2018,19393,N8569Z,4356,1288903,LAS,1319801,MCI,2025,5,55,-5,4.030194512
3320,08/05/2018,19393,N8306H,2590,1288903,LAS,1320402,MCO,733,18,1456,6,4.030194512
3321,08/05/2018,19393,N8529Z,4339,1288903,LAS,1320402,MCO,1840,20,159,4,4.030194512
3322,08/05/2018,19393,N8616C,1279,1288903,LAS,1323202,MDW,1543,3,2113,3,4.030194512
3323,08/05/2018,19393,N8652B,1575,1288903,LAS,1323202,MDW,1939,14,101,11,4.030194512
3324,08/05/2018,19393,N8693A,2776,1288903,LAS,1323202,MDW,723,-2,1244,-11,4.030194512
3325,08/05/2018,19393,N7744A,2921,1288903,LAS,1323202,MDW,840,0,1352,-18,4.030194512
3326,08/05/2018,19393,N8714Q,3074,1288903,LAS,1323202,MDW,1844,14,4,9,4.030194512
3327,08/05/2018,19393,N8623F,3758,1288903,LAS,1323202,MDW,1236,-4,1755,-15,4.030194512
3328,08/05/2018,19393,N208WN,4657,1288903,LAS,1323202,MDW,619,-1,1132,-18,4.030194512
3329,08/05/2018,19393,N8639B,4782,1288903,LAS,1323202,MDW,1340,0,1901,-9,4.030194512
3330,08/05/2018,19393,N8709Q,5579,1288903,LAS,1323202,MDW,1034,9,1552,-3,4.030194512
3331,08/05/2018,19393,N285WN,3081,1288903,LAS,1334207,MKE,1343,13,1852,-3,4.030194512
3332,08/05/2018,19393,N8317M,5262,1288903,LAS,1334207,MKE,2030,0,152,-3,4.030194512
3333,08/05/2018,19393,N8674B,5585,1288903,LAS,1334207,MKE,1015,10,1525,-5,4.030194512
3334,08/05/2018,19393,N7852A,3935,1288903,LAS,1349505,MSY,2030,0,145,-10,4.030194512
3335,08/05/2018,19393,N8710M,5158,1288903,LAS,1349505,MSY,753,-2,1311,-9,4.030194512
3336,08/05/2018,19393,N755SA,2766,1288903,LAS,1379608,OAK,2023,3,2143,-2,4.030194512
3337,08/05/2018,19393,N7715E,2947,1288903,LAS,1379608,OAK,1131,-4,1303,-2,4.030194512
3338,08/05/2018,19393,N7851A,3772,1288903,LAS,1379608,OAK,711,-4,831,-9,4.030194512
3339,08/05/2018,19393,N559WN,4138,1288903,LAS,1379608,OAK,1609,4,1728,-7,4.030194512
3340,08/05/2018,19393,N7823A,4480,1288903,LAS,1379608,OAK,1922,22,2042,17,0
3341,08/05/2018,19393,N8656B,4857,1288903,LAS,1379608,OAK,2232,2,2350,-5,4.030194512
3342,08/05/2018,19393,N219WN,4969,1288903,LAS,1379608,OAK,900,0,1019,-11,4.030194512
3343,08/05/2018,19393,N405WN,5111,1288903,LAS,1379608,OAK,1331,6,1455,0,4.030194512
3344,08/05/2018,19393,N8635F,3315,1288903,LAS,1385103,OKC,2007,12,26,6,4.030194512
3345,08/05/2018,19393,N7848A,4242,1288903,LAS,1385103,OKC,950,0,1407,-8,4.030194512
3346,08/05/2018,19393,N467WN,2618,1288903,LAS,1387102,OMA,1813,23,2235,10,4.030194512
3347,08/05/2018,19393,N7839A,3964,1288903,LAS,1387102,OMA,726,1,1143,-17,4.030194512
3348,08/05/2018,19393,N7710A,4248,1288903,LAS,1387102,OMA,2110,0,133,-12,4.030194512
3349,08/05/2018,19393,N424WN,1681,1288903,LAS,1389101,ONT,2016,11,2110,10,4.030194512
3350,08/05/2018,19393,N756SA,2850,1288903,LAS,1389101,ONT,1543,68,1638,68,0
3351,08/05/2018,19393,N440LV,4300,1288903,LAS,1389101,ONT,1120,-5,1216,-4,4.030194512
3352,08/05/2018,19393,N8313F,3968,1288903,LAS,1405702,PDX,1225,0,1431,-9,4.030194512
3353,08/05/2018,19393,N7840A,4168,1288903,LAS,1405702,PDX,702,-3,911,-4,4.030194512
3354,08/05/2018,19393,N720WN,4753,1288903,LAS,1405702,PDX,854,-1,1100,-5,4.030194512
3355,08/05/2018,19393,N8606C,4879,1288903,LAS,1405702,PDX,2219,-1,21,-9,4.030194512
3356,08/05/2018,19393,N7836A,5024,1288903,LAS,1405702,PDX,1941,101,2146,96,0
3357,08/05/2018,19393,N959WN,3043,1288903,LAS,1410005,PHL,1326,21,2054,4,4.030194512
3358,08/05/2018,19393,N7814B,962,1288903,LAS,1410702,PHX,1520,10,1632,12,4.030194512
3359,08/05/2018,19393,N8618N,1654,1288903,LAS,1410702,PHX,908,3,1005,-5,4.030194512
3360,08/05/2018,19393,N715SW,3377,1288903,LAS,1410702,PHX,1303,8,1409,4,4.030194512
3361,08/05/2018,19393,N551WN,3857,1288903,LAS,1410702,PHX,2012,2,2112,-3,4.030194512
3362,08/05/2018,19393,N927WN,3999,1288903,LAS,1410702,PHX,1148,-2,1253,-7,4.030194512
3363,08/05/2018,19393,N561WN,4363,1288903,LAS,1410702,PHX,1834,34,1937,27,0
3364,08/05/2018,19393,N8715Q,4803,1288903,LAS,1410702,PHX,2227,-3,2330,-5,4.030194512
3365,08/05/2018,19393,N7706A,4905,1288903,LAS,1410702,PHX,1050,0,1204,9,4.030194512
3366,08/05/2018,19393,N499WN,5380,1288903,LAS,1410702,PHX,652,-3,752,-8,4.030194512
3367,08/05/2018,19393,N8609A,384,1288903,LAS,1412202,PIT,1921,31,215,20,0
3368,08/05/2018,19393,N8604K,5335,1288903,LAS,1412202,PIT,839,-1,1536,-9,4.030194512
3369,08/05/2018,19393,N8713M,4388,1288903,LAS,1449202,RDU,745,0,1510,0,4.030194512
3370,08/05/2018,19393,N7874B,2820,1288903,LAS,1457002,RNO,1401,16,1523,18,0
3371,08/05/2018,19393,N402WN,2889,1288903,LAS,1457002,RNO,730,-5,838,-12,4.030194512
3372,08/05/2018,19393,N7719A,3384,1288903,LAS,1457002,RNO,1719,19,1827,12,4.030194512
3373,08/05/2018,19393,N7750A,3407,1288903,LAS,1457002,RNO,2226,1,2335,-5,4.030194512
3374,08/05/2018,19393,N905WN,3776,1288903,LAS,1457002,RNO,1841,6,1952,2,4.030194512
3375,08/05/2018,19393,N240WN,4294,1288903,LAS,1457002,RNO,1457,7,1623,18,0
3376,08/05/2018,19393,N228WN,4455,1288903,LAS,1457002,RNO,2016,21,2128,18,0
3377,08/05/2018,19393,N942WN,5114,1288903,LAS,1457002,RNO,1215,-5,1327,-13,4.030194512
3378,08/05/2018,19393,N930WN,5570,1288903,LAS,1457002,RNO,832,-8,943,-12,4.030194512
3379,08/05/2018,19393,N419WN,2745,1288903,LAS,1467903,SAN,1630,-5,1727,-13,4.030194512
3380,08/05/2018,19393,N429WN,3539,1288903,LAS,1467903,SAN,1313,18,1420,20,0
3381,08/05/2018,19393,N771SA,3778,1288903,LAS,1467903,SAN,802,-3,906,-4,4.030194512
3382,08/05/2018,19393,N7837A,4092,1288903,LAS,1467903,SAN,1815,0,1916,-4,4.030194512
3383,08/05/2018,19393,N935WN,4713,1288903,LAS,1467903,SAN,718,3,811,-9,4.030194512
3384,08/05/2018,19393,N420WN,4849,1288903,LAS,1467903,SAN,1523,-2,1641,11,4.030194512
3385,08/05/2018,19393,N475WN,4908,1288903,LAS,1467903,SAN,1950,5,2050,0,4.030194512
3386,08/05/2018,19393,N920WN,5037,1288903,LAS,1467903,SAN,2148,-2,2244,-11,4.030194512
3387,08/05/2018,19393,N7819A,5056,1288903,LAS,1467903,SAN,1108,-2,1212,-3,4.030194512
3388,08/05/2018,19393,N227WN,5118,1288903,LAS,1467903,SAN,606,-4,702,-13,4.030194512
3389,08/05/2018,19393,N8522P,1462,1288903,LAS,1468305,SAT,1010,-5,1442,-13,4.030194512
3390,08/05/2018,19393,N299WN,3744,1288903,LAS,1468305,SAT,603,-2,1031,-9,4.030194512
3391,08/05/2018,19393,N8545V,4218,1288903,LAS,1468305,SAT,2054,-6,119,-16,4.030194512
3392,08/05/2018,19393,N700GS,4647,1288903,LAS,1468305,SAT,1428,-7,1907,-8,4.030194512
3393,08/05/2018,19393,N792SW,3322,1288903,LAS,1473003,SDF,1737,17,1,6,4.030194512
3394,08/05/2018,19393,N8554X,3099,1288903,LAS,1474703,SEA,2259,-1,117,-13,4.030194512
3395,08/05/2018,19393,N759GS,4681,1288903,LAS,1474703,SEA,1239,9,1510,5,4.030194512
3396,08/05/2018,19393,N8600F,5567,1288903,LAS,1474703,SEA,850,-5,1129,-6,4.030194512
3397,08/05/2018,19393,N7837A,1158,1288903,LAS,1477104,SFO,1354,-1,1534,4,4.030194512
3398,08/05/2018,19393,N8715Q,2997,1288903,LAS,1477104,SFO,1018,-2,1155,0,4.030194512
3399,08/05/2018,19393,N456WN,3718,1288903,LAS,1477104,SFO,2044,44,2206,36,0
3400,08/05/2018,19393,N7860A,3759,1288903,LAS,1477104,SFO,641,-4,804,-11,4.030194512
3401,08/05/2018,19393,N8694E,3970,1288903,LAS,1477104,SFO,2149,-1,2316,-4,4.030194512
3402,08/05/2018,19393,N290WN,5206,1288903,LAS,1477104,SFO,1822,17,1948,13,4.030194512
3403,08/05/2018,19393,N463WN,5569,1288903,LAS,1477104,SFO,1526,6,1654,4,4.030194512
3404,08/05/2018,19393,N242WN,936,1288903,LAS,1483106,SJC,554,-6,707,-13,4.030194512
3405,08/05/2018,19393,N558WN,3723,1288903,LAS,1483106,SJC,1219,-1,1340,-5,4.030194512
3406,08/05/2018,19393,N7704B,3884,1288903,LAS,1483106,SJC,2039,4,2159,4,4.030194512
3407,08/05/2018,19393,N277WN,4281,1288903,LAS,1483106,SJC,1519,-1,1641,-4,4.030194512
3408,08/05/2018,19393,N746SW,4321,1288903,LAS,1483106,SJC,1902,12,2020,10,4.030194512
3409,08/05/2018,19393,N7708E,4378,1288903,LAS,1483106,SJC,1431,6,1608,18,0
3410,08/05/2018,19393,N7865A,4629,1288903,LAS,1483106,SJC,2221,51,2335,45,0
3411,08/05/2018,19393,N7817J,4913,1288903,LAS,1483106,SJC,938,-2,1052,-8,4.030194512
3412,08/05/2018,19393,N8544Z,4939,1288903,LAS,1483106,SJC,751,16,906,11,4.030194512
3413,08/05/2018,19393,N715SW,4601,1288903,LAS,1486903,SLC,857,-3,1059,-21,4.030194512
3414,08/05/2018,19393,N557WN,5071,1288903,LAS,1486903,SLC,1732,87,1940,80,0
3415,08/05/2018,19393,N232WN,5093,1288903,LAS,1486903,SLC,2147,-3,2356,-9,4.030194512
3416,08/05/2018,19393,N402WN,3426,1288903,LAS,1489302,SMF,1103,-2,1227,-8,4.030194512
3417,08/05/2018,19393,N7702A,3721,1288903,LAS,1489302,SMF,645,-5,804,-6,4.030194512
3418,08/05/2018,19393,N277WN,4285,1288903,LAS,1489302,SMF,2030,0,2147,-8,4.030194512
3419,08/05/2018,19393,N209WN,4326,1288903,LAS,1489302,SMF,826,1,946,-4,4.030194512
3420,08/05/2018,19393,N7823A,4972,1288903,LAS,1489302,SMF,1312,2,1435,-5,4.030194512
3421,08/05/2018,19393,N555LV,5116,1288903,LAS,1489302,SMF,1616,-4,1732,-13,4.030194512
3422,08/05/2018,19393,N8601C,5338,1288903,LAS,1489302,SMF,1901,-4,2023,-7,4.030194512
3423,08/05/2018,19393,N489WN,5947,1288903,LAS,1489302,SMF,2149,19,2311,16,0
3424,08/05/2018,19393,N7881A,2658,1288903,LAS,1490803,SNA,2025,0,2123,-2,4.030194512
3425,08/05/2018,19393,N756SA,2846,1288903,LAS,1490803,SNA,1205,50,1302,47,0
3426,08/05/2018,19393,N432WN,3727,1288903,LAS,1490803,SNA,1408,-2,1512,-3,4.030194512
3427,08/05/2018,19393,N715SW,4559,1288903,LAS,1490803,SNA,1624,-1,1735,10,4.030194512
3428,08/05/2018,19393,N7703A,4754,1288903,LAS,1490803,SNA,758,-2,855,-5,4.030194512
3429,08/05/2018,19393,N7818L,5390,1288903,LAS,1490803,SNA,1818,-2,1911,-9,4.030194512
3430,08/05/2018,19393,N250WN,484,1288903,LAS,1501606,STL,1237,-3,1730,-20,4.030194512
3431,08/05/2018,19393,N447WN,3730,1288903,LAS,1501606,STL,632,-3,1124,-16,4.030194512
3432,08/05/2018,19393,N294WN,4831,1288903,LAS,1501606,STL,2044,19,143,13,4.030194512
3433,08/05/2018,19393,N267WN,5045,1288903,LAS,1501606,STL,816,-4,1313,-17,4.030194512
3434,08/05/2018,19393,N8531Q,5095,1288903,LAS,1501606,STL,1651,-4,2145,-15,4.030194512
3435,08/05/2018,19393,N8670A,5401,1288903,LAS,1530402,TPA,1147,12,1930,25,0
3436,08/05/2018,19393,N7718B,3797,1288903,LAS,1537002,TUL,1533,33,2000,25,0
3437,08/05/2018,19393,N8537Z,2890,1288903,LAS,1537603,TUS,1638,28,1743,18,0
3438,08/05/2018,19393,N246LV,4570,1288903,LAS,1537603,TUS,1145,0,1307,7,4.030194512
3439,08/05/2018,19393,N927WN,4638,1288903,LAS,1537603,TUS,2120,5,2227,-3,4.030194512
3440,08/05/2018,19393,N708SW,2594,1289208,LAX,1014005,ABQ,1639,-1,1923,-7,4.030194512
3441,08/05/2018,19393,N211WN,2827,1289208,LAX,1014005,ABQ,2100,0,2351,1,4.030194512
3442,08/05/2018,19393,N945WN,3551,1289208,LAX,1014005,ABQ,834,19,1142,37,0
3443,08/05/2018,19393,N8543Z,2797,1289208,LAX,1039707,ATL,1405,0,2126,-19,4.030194512
3444,08/05/2018,19393,N773SA,3206,1289208,LAX,1039707,ATL,751,6,1502,-8,4.030194512
3445,08/05/2018,19393,N8329B,3783,1289208,LAX,1039707,ATL,1006,16,1750,20,0
3446,08/05/2018,19393,N8312C,3850,1289208,LAX,1042302,AUS,529,-1,1037,7,4.030194512
3447,08/05/2018,19393,N557WN,5702,1289208,LAX,1042302,AUS,2259,139,354,134,0
3448,08/05/2018,19393,N8682B,3009,1289208,LAX,1069302,BNA,609,-1,1211,-4,4.030194512
3449,08/05/2018,19393,N964WN,4262,1289208,LAX,1069302,BNA,1924,19,115,10,4.030194512
3450,08/05/2018,19393,N233LV,5097,1289208,LAX,1069302,BNA,1518,8,2110,0,4.030194512
3451,08/05/2018,19393,N8652B,4108,1289208,LAX,1082106,BWI,727,-3,1514,-16,4.030194512
3452,08/05/2018,19393,N731SA,5078,1289208,LAX,1082106,BWI,1142,42,22,,4.030194512
3453,08/05/2018,19393,N8662F,5435,1289208,LAX,1082106,BWI,1257,-8,2047,-33,4.030194512
3454,08/05/2018,19393,N8508W,1475,1289208,LAX,1125903,DAL,1817,2,2317,-3,4.030194512
3455,08/05/2018,19393,N7714B,3873,1289208,LAX,1125903,DAL,1618,13,2120,10,4.030194512
3456,08/05/2018,19393,N939WN,3990,1289208,LAX,1125903,DAL,1109,-6,1609,-16,4.030194512
3457,08/05/2018,19393,N8706W,4380,1289208,LAX,1125903,DAL,639,-1,1136,-9,4.030194512
3458,08/05/2018,19393,N7838A,46,1289208,LAX,1129202,DEN,731,-4,1037,-13,4.030194512
3459,08/05/2018,19393,N764SW,3145,1289208,LAX,1129202,DEN,558,8,905,-5,4.030194512
3460,08/05/2018,19393,N956WN,3555,1289208,LAX,1129202,DEN,2100,40,1,26,0
3461,08/05/2018,19393,N8681M,4063,1289208,LAX,1129202,DEN,1310,0,1622,-23,4.030194512
3462,08/05/2018,19393,N282WN,4496,1289208,LAX,1129202,DEN,1530,0,1832,-13,4.030194512
3463,08/05/2018,19393,N8675A,5046,1289208,LAX,1129202,DEN,1108,18,1413,-7,4.030194512
3464,08/05/2018,19393,N296WN,5350,1289208,LAX,1129202,DEN,2237,37,132,17,0
3465,08/05/2018,19393,N786SW,4082,1289208,LAX,1154005,ELP,2108,-2,5,0,4.030194512
3466,08/05/2018,19393,N744SW,4384,1289208,LAX,1154005,ELP,1033,3,1330,-10,4.030194512
3467,08/05/2018,19393,N224WN,3214,1289208,LAX,1219102,HOU,2105,20,217,22,0
3468,08/05/2018,19393,N956WN,4243,1289208,LAX,1219102,HOU,729,-1,1242,-8,4.030194512
3469,08/05/2018,19393,N8621A,4298,1289208,LAX,1219102,HOU,1655,25,2204,14,4.030194512
3470,08/05/2018,19393,N7729A,4436,1289208,LAX,1219102,HOU,1030,5,1547,-18,4.030194512
3471,08/05/2018,19393,N8619F,5820,1289208,LAX,1219102,HOU,1343,38,1902,22,0
3472,08/05/2018,19393,N419WN,2742,1289208,LAX,1233904,IND,727,7,1410,-10,4.030194512
3473,08/05/2018,19393,N7814B,1352,1289208,LAX,1288903,LAS,1322,-3,1438,-7,4.030194512
3474,08/05/2018,19393,N917WN,2983,1289208,LAX,1288903,LAS,1918,8,2014,-1,4.030194512
3475,08/05/2018,19393,N792SW,3322,1289208,LAX,1288903,LAS,1547,12,1649,9,4.030194512
3476,08/05/2018,19393,N781WN,3829,1289208,LAX,1288903,LAS,517,-3,633,8,4.030194512
3477,08/05/2018,19393,N7718B,3940,1289208,LAX,1288903,LAS,748,-2,843,-12,4.030194512
3478,08/05/2018,19393,N282WN,3974,1289208,LAX,1288903,LAS,2201,21,2302,12,4.030194512
3479,08/05/2018,19393,N720WN,4714,1289208,LAX,1288903,LAS,2233,-2,2334,-6,4.030194512
3480,08/05/2018,19393,N8639B,4782,1289208,LAX,1288903,LAS,1119,-1,1215,-25,4.030194512
3481,08/05/2018,19393,N456WN,5130,1289208,LAX,1288903,LAS,1900,55,2003,48,0
3482,08/05/2018,19393,N756SA,5346,1289208,LAX,1288903,LAS,1016,81,1125,65,0
3483,08/05/2018,19393,N564WN,3012,1289208,LAX,1319801,MCI,1220,10,1716,-19,4.030194512
3484,08/05/2018,19393,N928WN,4550,1289208,LAX,1319801,MCI,2008,43,102,27,0
3485,08/05/2018,19393,N794SW,5166,1289208,LAX,1319801,MCI,625,-5,1124,-16,4.030194512
3486,08/05/2018,19393,N8631A,3018,1289208,LAX,1323202,MDW,1413,-2,2023,8,4.030194512
3487,08/05/2018,19393,N8537Z,4045,1289208,LAX,1323202,MDW,2044,39,217,22,0
3488,08/05/2018,19393,N8624J,4270,1289208,LAX,1323202,MDW,937,-3,1515,-20,4.030194512
3489,08/05/2018,19393,N781WN,4636,1289208,LAX,1323202,MDW,2104,139,257,137,0
3490,08/05/2018,19393,N7811F,5407,1289208,LAX,1323202,MDW,1745,10,2325,-10,4.030194512
3491,08/05/2018,19393,N902WN,5573,1289208,LAX,1323202,MDW,642,-8,1222,-23,4.030194512
3492,08/05/2018,19393,N7745A,4727,1289208,LAX,1334207,MKE,1012,2,1559,-16,4.030194512
3493,08/05/2018,19393,N8680C,5268,1289208,LAX,1349505,MSY,2208,128,346,116,0
3494,08/05/2018,19393,N287WN,5553,1289208,LAX,1349505,MSY,1247,2,1831,-14,4.030194512
3495,08/05/2018,19393,N550WN,1285,1289208,LAX,1379608,OAK,952,22,1059,4,4.030194512
3496,08/05/2018,19393,N7715E,2946,1289208,LAX,1379608,OAK,2142,2,2248,-7,4.030194512
3497,08/05/2018,19393,N7864B,3178,1289208,LAX,1379608,OAK,1755,0,1913,-2,4.030194512
3498,08/05/2018,19393,N703SW,3216,1289208,LAX,1379608,OAK,2023,48,2136,46,0
3499,08/05/2018,19393,N551WN,3627,1289208,LAX,1379608,OAK,656,-4,803,-12,4.030194512
3500,08/05/2018,19393,N764SW,3839,1289208,LAX,1379608,OAK,1152,-3,1301,-24,4.030194512
3501,08/05/2018,19393,N923WN,4284,1289208,LAX,1379608,OAK,1439,-1,1545,-10,4.030194512
3502,08/05/2018,19393,N923WN,4291,1289208,LAX,1379608,OAK,1847,2,1951,-9,4.030194512
3503,08/05/2018,19393,N240WN,4294,1289208,LAX,1379608,OAK,1104,39,1215,20,0
3504,08/05/2018,19393,N427WN,4899,1289208,LAX,1379608,OAK,1559,4,1702,-8,4.030194512
3505,08/05/2018,19393,N742SW,5073,1289208,LAX,1379608,OAK,826,-4,933,-27,4.030194512
3506,08/05/2018,19393,N7751A,5127,1289208,LAX,1379608,OAK,1250,0,1401,-14,4.030194512
3507,08/05/2018,19393,N7737E,5555,1289208,LAX,1379608,OAK,2318,23,23,13,4.030194512
3508,08/05/2018,19393,N401WN,4984,1289208,LAX,1387102,OMA,841,-4,1348,-17,4.030194512
3509,08/05/2018,19393,N7726A,1564,1289208,LAX,1405702,PDX,802,-3,1004,-16,4.030194512
3510,08/05/2018,19393,N554WN,4797,1289208,LAX,1405702,PDX,2252,2,53,-12,4.030194512
3511,08/05/2018,19393,N771SA,3049,1289208,LAX,1410702,PHX,2257,32,10,25,0
3512,08/05/2018,19393,N952WN,3236,1289208,LAX,1410702,PHX,1950,5,2108,3,4.030194512
3513,08/05/2018,19393,N565WN,3357,1289208,LAX,1410702,PHX,1803,-2,1920,-10,4.030194512
3514,08/05/2018,19393,N557WN,3800,1289208,LAX,1410702,PHX,538,-2,707,7,4.030194512
3515,08/05/2018,19393,N7843A,3930,1289208,LAX,1410702,PHX,1409,9,1528,-7,4.030194512
3516,08/05/2018,19393,N711HK,3960,1289208,LAX,1410702,PHX,907,7,1028,-7,4.030194512
3517,08/05/2018,19393,N7856A,4041,1289208,LAX,1410702,PHX,1651,6,1759,-11,4.030194512
3518,08/05/2018,19393,N283WN,5194,1289208,LAX,1410702,PHX,1132,2,1245,-20,4.030194512
3519,08/05/2018,19393,N958WN,3399,1289208,LAX,1412202,PIT,827,2,1612,12,4.030194512
3520,08/05/2018,19393,N7879A,2686,1289208,LAX,1457002,RNO,2330,35,40,25,0
3521,08/05/2018,19393,N428WN,5548,1289208,LAX,1457002,RNO,831,1,948,-12,4.030194512
3522,08/05/2018,19393,N955WN,927,1289208,LAX,1468305,SAT,1957,-3,50,-5,4.030194512
3523,08/05/2018,19393,N749SW,4237,1289208,LAX,1468305,SAT,619,-1,1106,-9,4.030194512
3524,08/05/2018,19393,N459WN,992,1289208,LAX,1477104,SFO,1013,-2,1141,1,4.030194512
3525,08/05/2018,19393,N459WN,3860,1289208,LAX,1477104,SFO,1436,6,1549,-1,4.030194512
3526,08/05/2018,19393,N459WN,3861,1289208,LAX,1477104,SFO,558,-2,714,-6,4.030194512
3527,08/05/2018,19393,N459WN,3863,1289208,LAX,1477104,SFO,1845,5,2009,14,4.030194512
3528,08/05/2018,19393,N459WN,3868,1289208,LAX,1477104,SFO,2243,3,2353,-2,4.030194512
3529,08/05/2018,19393,N7846A,4919,1289208,LAX,1477104,SFO,957,77,1106,61,0
3530,08/05/2018,19393,N7846A,4926,1289208,LAX,1477104,SFO,1342,62,1500,60,0
3531,08/05/2018,19393,N7846A,4929,1289208,LAX,1477104,SFO,1738,58,1842,47,0
3532,08/05/2018,19393,N7846A,4932,1289208,LAX,1477104,SFO,2105,25,2220,25,0
3533,08/05/2018,19393,N943WN,1041,1289208,LAX,1483106,SJC,1051,1,1155,-5,4.030194512
3534,08/05/2018,19393,N937WN,2631,1289208,LAX,1483106,SJC,2038,13,2139,9,4.030194512
3535,08/05/2018,19393,N959WN,3043,1289208,LAX,1483106,SJC,941,16,1039,4,4.030194512
3536,08/05/2018,19393,N450WN,3337,1289208,LAX,1483106,SJC,1606,1,1712,-3,4.030194512
3537,08/05/2018,19393,N7825A,3375,1289208,LAX,1483106,SJC,1417,-3,1519,-11,4.030194512
3538,08/05/2018,19393,N431WN,3425,1289208,LAX,1483106,SJC,821,41,918,33,0
3539,08/05/2018,19393,N215WN,4667,1289208,LAX,1483106,SJC,1952,17,2055,15,0
3540,08/05/2018,19393,N415WN,4987,1289208,LAX,1483106,SJC,2008,128,2114,124,0
3541,08/05/2018,19393,N414WN,5077,1289208,LAX,1483106,SJC,1219,9,1326,6,4.030194512
3542,08/05/2018,19393,N906WN,5696,1289208,LAX,1483106,SJC,2149,-1,2300,5,4.030194512
3543,08/05/2018,19393,N8674B,3211,1289208,LAX,1486903,SLC,2248,-2,118,-17,4.030194512
3544,08/05/2018,19393,N8647A,4659,1289208,LAX,1486903,SLC,957,-3,1224,-31,4.030194512
3545,08/05/2018,19393,N764SW,982,1289208,LAX,1489302,SMF,1612,-3,1721,-14,4.030194512
3546,08/05/2018,19393,N288WN,3149,1289208,LAX,1489302,SMF,705,-5,824,-6,4.030194512
3547,08/05/2018,19393,N790SW,3269,1289208,LAX,1489302,SMF,1338,8,1501,-4,4.030194512
3548,08/05/2018,19393,N768SW,3671,1289208,LAX,1489302,SMF,933,13,1047,-3,4.030194512
3549,08/05/2018,19393,N955WN,3769,1289208,LAX,1489302,SMF,1152,2,1300,-25,4.030194512
3550,08/05/2018,19393,N403WN,4345,1289208,LAX,1489302,SMF,2250,15,1,6,4.030194512
3551,08/05/2018,19393,N464WN,4578,1289208,LAX,1489302,SMF,1852,-3,2007,-8,4.030194512
3552,08/05/2018,19393,N718SW,5545,1289208,LAX,1489302,SMF,2138,18,2250,10,4.030194512
3553,08/05/2018,19393,N414WN,4105,1289208,LAX,1501606,STL,1555,10,2119,-1,4.030194512
3554,08/05/2018,19393,N8519R,4165,1289208,LAX,1501606,STL,1835,0,2350,-20,4.030194512
3555,08/05/2018,19393,N424WN,4866,1289208,LAX,1501606,STL,1012,17,1539,-6,4.030194512
3556,08/05/2018,19393,N8695D,3333,1289208,LAX,1537603,TUS,2143,8,2307,7,4.030194512
3557,08/05/2018,19393,N472WN,5288,1289208,LAX,1537603,TUS,1522,12,1654,24,0
3558,08/05/2018,19393,N290WN,5206,1289607,LBB,1042302,AUS,1407,12,1508,3,4.030194512
3559,08/05/2018,19393,N562WN,2578,1289607,LBB,1125903,DAL,541,-4,706,16,0
3560,08/05/2018,19393,N488WN,5149,1289607,LBB,1125903,DAL,954,-6,1052,-18,4.030194512
3561,08/05/2018,19393,N488WN,5153,1289607,LBB,1125903,DAL,1459,-1,1605,-5,4.030194512
3562,08/05/2018,19393,N7737E,5555,1289607,LBB,1125903,DAL,1929,19,2031,16,0
3563,08/05/2018,19393,N411WN,253,1289607,LBB,1288903,LAS,1245,-5,1244,-11,4.030194512
3564,08/05/2018,19393,N7818L,5390,1289607,LBB,1288903,LAS,1735,-5,1737,-8,4.030194512
3565,08/05/2018,19393,N933WN,3107,1295304,LGA,1039707,ATL,2157,62,2358,33,0
3566,08/05/2018,19393,N404WN,3888,1295304,LGA,1039707,ATL,744,14,951,-4,4.030194512
3567,08/05/2018,19393,N434WN,3927,1295304,LGA,1039707,ATL,1412,22,1623,-2,4.030194512
3568,08/05/2018,19393,N924WN,4834,1295304,LGA,1039707,ATL,1014,9,1222,-23,4.030194512
3569,08/05/2018,19393,N8540V,5431,1295304,LGA,1039707,ATL,1626,1,1844,-26,4.030194512
3570,08/05/2018,19393,N7859B,2987,1295304,LGA,1069302,BNA,835,80,943,68,0
3571,08/05/2018,19393,N239WN,4734,1295304,LGA,1069302,BNA,1200,5,1310,-25,4.030194512
3572,08/05/2018,19393,N709SW,4846,1295304,LGA,1069302,BNA,1639,-6,1740,-45,4.030194512
3573,08/05/2018,19393,N8540V,1022,1295304,LGA,1125903,DAL,735,0,940,-30,4.030194512
3574,08/05/2018,19393,N226WN,3336,1295304,LGA,1125903,DAL,1501,-4,1717,-33,4.030194512
3575,08/05/2018,19393,N8545V,5227,1295304,LGA,1125903,DAL,1034,-1,1248,-37,4.030194512
3576,08/05/2018,19393,N8659D,5230,1295304,LGA,1125903,DAL,1935,10,2202,-8,4.030194512
3577,08/05/2018,19393,N8564Z,2700,1295304,LGA,1129202,DEN,1008,18,1204,-16,4.030194512
3578,08/05/2018,19393,N752SW,2733,1295304,LGA,1129202,DEN,1238,13,1427,-28,4.030194512
3579,08/05/2018,19393,N7829B,5298,1295304,LGA,1129202,DEN,1730,15,1926,-29,4.030194512
3580,08/05/2018,19393,N454WN,4794,1295304,LGA,1169706,FLL,1110,5,1357,-23,4.030194512
3581,08/05/2018,19393,N7849A,1472,1295304,LGA,1219102,HOU,1653,3,1924,-26,4.030194512
3582,08/05/2018,19393,N8565Z,5429,1295304,LGA,1219102,HOU,647,2,906,-19,4.030194512
3583,08/05/2018,19393,N562WN,2578,1295304,LGA,1319801,MCI,1550,25,1736,-9,4.030194512
3584,08/05/2018,19393,N737JW,1087,1295304,LGA,1323202,MDW,1909,19,2011,-9,4.030194512
3585,08/05/2018,19393,N560WN,2226,1295304,LGA,1323202,MDW,558,-2,654,-21,4.030194512
3586,08/05/2018,19393,N7882B,3150,1295304,LGA,1323202,MDW,2036,-4,2205,-5,4.030194512
3587,08/05/2018,19393,N560WN,3876,1295304,LGA,1323202,MDW,1212,-3,1321,-29,4.030194512
3588,08/05/2018,19393,N751SW,4106,1295304,LGA,1323202,MDW,1008,18,1118,-2,4.030194512
3589,08/05/2018,19393,N751SW,4320,1295304,LGA,1323202,MDW,1610,5,1707,-33,4.030194512
3590,08/05/2018,19393,N434WN,2610,1295304,LGA,1334207,MKE,1954,-1,2057,-28,4.030194512
3591,08/05/2018,19393,N727SW,3296,1295304,LGA,1334207,MKE,1152,-3,1247,-43,4.030194512
3592,08/05/2018,19393,N457WN,1507,1295304,LGA,1501606,STL,933,8,1052,-18,4.030194512
3593,08/05/2018,19393,N7827A,3870,1295304,LGA,1501606,STL,1420,-5,1537,-28,4.030194512
3594,08/05/2018,19393,N552WN,4700,1295304,LGA,1501606,STL,1802,7,2003,18,0
3595,08/05/2018,19393,N408WN,4097,1295304,LGA,1530402,TPA,1134,-1,1414,-26,4.030194512
3596,08/05/2018,19393,N433LV,5321,1295304,LGA,1530402,TPA,1937,72,2211,41,0
3597,08/05/2018,19393,N7702A,3387,1295406,LGB,1129202,DEN,1038,-2,1349,-6,4.030194512
3598,08/05/2018,19393,N7836A,5931,1295406,LGB,1288903,LAS,1801,81,1902,77,0
3599,08/05/2018,19393,N558WN,5932,1295406,LGB,1288903,LAS,956,1,1055,-5,4.030194512
3600,08/05/2018,19393,N953WN,1361,1295406,LGB,1379608,OAK,1922,17,2028,13,4.030194512
3601,08/05/2018,19393,N7823A,4971,1295406,LGB,1379608,OAK,914,-1,1021,-9,4.030194512
3602,08/05/2018,19393,N200WN,4996,1295406,LGB,1379608,OAK,1217,7,1323,-2,4.030194512
3603,08/05/2018,19393,N467WN,3903,1295406,LGB,1489302,SMF,823,-2,936,-9,4.030194512
3604,08/05/2018,19393,N445WN,5009,1295406,LGB,1489302,SMF,2051,36,2207,37,0
3605,08/05/2018,19393,N930WN,1658,1299206,LIT,1125903,DAL,1925,0,2018,-7,4.030194512
3606,08/05/2018,19393,N795SW,4676,1299206,LIT,1125903,DAL,1339,4,1434,-6,4.030194512
3607,08/05/2018,19393,N919WN,5428,1299206,LIT,1125903,DAL,550,0,649,-6,4.030194512
3608,08/05/2018,19393,N464WN,4578,1299206,LIT,1288903,LAS,1515,0,1613,-12,4.030194512
3609,08/05/2018,19393,N938WN,4323,1299206,LIT,1410702,PHX,1117,7,1201,-4,4.030194512
3610,08/05/2018,19393,N7722B,3390,1299206,LIT,1501606,STL,1756,46,1902,47,0
3611,08/05/2018,19393,N7734H,3907,1299206,LIT,1501606,STL,740,0,843,-7,4.030194512
3612,08/05/2018,19393,N241WN,1035,1315805,MAF,1125903,DAL,526,-4,628,-17,4.030194512
3613,08/05/2018,19393,N241WN,2610,1315805,MAF,1125903,DAL,938,-2,1043,-12,4.030194512
3614,08/05/2018,19393,N468WN,3644,1315805,MAF,1125903,DAL,1520,30,1625,20,0
3615,08/05/2018,19393,N448WN,5059,1315805,MAF,1125903,DAL,1952,22,2055,10,4.030194512
3616,08/05/2018,19393,N410WN,1049,1315805,MAF,1219102,HOU,1719,-1,1848,3,4.030194512
3617,08/05/2018,19393,N241WN,2654,1315805,MAF,1219102,HOU,1316,16,1433,8,4.030194512
3618,08/05/2018,19393,N964WN,5566,1315805,MAF,1219102,HOU,616,-4,737,-8,4.030194512
3619,08/05/2018,19393,N440LV,4300,1315805,MAF,1288903,LAS,1029,-6,1035,-10,4.030194512
3620,08/05/2018,19393,N7718B,4732,1315805,MAF,1288903,LAS,1402,-8,1410,-10,4.030194512
3621,08/05/2018,19393,N928WN,4551,1319801,MCI,1014005,ABQ,1630,10,1726,6,4.030194512
3622,08/05/2018,19393,N701GS,3945,1319801,MCI,1039707,ATL,1842,7,2137,2,4.030194512
3623,08/05/2018,19393,N701GS,4652,1319801,MCI,1039707,ATL,653,-2,944,-11,4.030194512
3624,08/05/2018,19393,N941WN,4874,1319801,MCI,1039707,ATL,1330,0,1623,-7,4.030194512
3625,08/05/2018,19393,N498WN,3667,1319801,MCI,1042302,AUS,1253,-2,1436,-4,4.030194512
3626,08/05/2018,19393,N296WN,3274,1319801,MCI,1069302,BNA,809,-6,931,-14,4.030194512
3627,08/05/2018,19393,N7834A,3292,1319801,MCI,1069302,BNA,1358,3,1530,5,4.030194512
3628,08/05/2018,19393,N260WN,3698,1319801,MCI,1069302,BNA,1944,-1,2107,-3,4.030194512
3629,08/05/2018,19393,N8625A,4619,1319801,MCI,1069302,BNA,1100,-5,1220,-15,4.030194512
3630,08/05/2018,19393,N568WN,3592,1319801,MCI,1072102,BOS,1810,5,2153,-12,4.030194512
3631,08/05/2018,19393,N7821L,3933,1319801,MCI,1072102,BOS,922,-3,1319,-6,4.030194512
3632,08/05/2018,19393,N785SW,3363,1319801,MCI,1082106,BWI,1042,-3,1408,-2,4.030194512
3633,08/05/2018,19393,N7739A,3696,1319801,MCI,1082106,BWI,1848,13,2158,-2,4.030194512
3634,08/05/2018,19393,N8673F,4784,1319801,MCI,1082106,BWI,640,0,1005,0,4.030194512
3635,08/05/2018,19393,N562WN,2680,1319801,MCI,1125903,DAL,1852,-3,2008,-17,4.030194512
3636,08/05/2018,19393,N7743B,3135,1319801,MCI,1125903,DAL,927,-3,1046,-14,4.030194512
3637,08/05/2018,19393,N7843A,3617,1319801,MCI,1125903,DAL,713,-2,838,-7,4.030194512
3638,08/05/2018,19393,N299WN,3991,1319801,MCI,1125903,DAL,2121,-4,2240,-10,4.030194512
3639,08/05/2018,19393,N7863A,4887,1319801,MCI,1125903,DAL,1548,-7,1714,-11,4.030194512
3640,08/05/2018,19393,N794SW,5166,1319801,MCI,1125903,DAL,1212,-3,1330,-10,4.030194512
3641,08/05/2018,19393,N7712G,4113,1319801,MCI,1127805,DCA,1653,-2,2006,-9,4.030194512
3642,08/05/2018,19393,N496WN,5269,1319801,MCI,1127805,DCA,830,-5,1148,-7,4.030194512
3643,08/05/2018,19393,N775SW,2900,1319801,MCI,1129202,DEN,1841,6,1948,28,0
3644,08/05/2018,19393,N719SW,2937,1319801,MCI,1129202,DEN,1519,-1,1608,3,4.030194512
3645,08/05/2018,19393,N941WN,3318,1319801,MCI,1129202,DEN,2236,46,2314,39,0
3646,08/05/2018,19393,N8527Q,3781,1319801,MCI,1129202,DEN,1635,-5,1807,42,0
3647,08/05/2018,19393,N7836A,3834,1319801,MCI,1129202,DEN,1439,74,1524,79,0
3648,08/05/2018,19393,N711HK,3960,1319801,MCI,1129202,DEN,538,-2,619,-6,4.030194512
3649,08/05/2018,19393,N919WN,5428,1319801,MCI,1129202,DEN,956,1,1032,-3,4.030194512
3650,08/05/2018,19393,N750SA,4465,1319801,MCI,1169706,FLL,1455,-5,1912,7,4.030194512
3651,08/05/2018,19393,N216WR,3494,1319801,MCI,1219102,HOU,1923,-2,2117,-3,4.030194512
3652,08/05/2018,19393,N7835A,4046,1319801,MCI,1219102,HOU,753,-2,943,-12,4.030194512
3653,08/05/2018,19393,N795SW,4676,1319801,MCI,1233904,IND,1731,6,1947,2,4.030194512
3654,08/05/2018,19393,N7839A,3072,1319801,MCI,1288903,LAS,546,-4,639,-6,4.030194512
3655,08/05/2018,19393,N742SW,3534,1319801,MCI,1288903,LAS,2055,0,2144,-6,4.030194512
3656,08/05/2018,19393,N8635F,3584,1319801,MCI,1288903,LAS,1806,-4,1857,-8,4.030194512
3657,08/05/2018,19393,N8517F,5353,1319801,MCI,1288903,LAS,1514,-1,1606,-4,4.030194512
3658,08/05/2018,19393,N7715E,2946,1319801,MCI,1289208,LAX,1932,-3,2108,3,4.030194512
3659,08/05/2018,19393,N792SW,3322,1319801,MCI,1289208,LAX,1329,-1,1453,-7,4.030194512
3660,08/05/2018,19393,N939WN,3987,1319801,MCI,1289208,LAX,902,-3,1029,-6,4.030194512
3661,08/05/2018,19393,N752SW,3937,1319801,MCI,1295304,LGA,804,-1,1145,-10,4.030194512
3662,08/05/2018,19393,N8641B,2793,1319801,MCI,1320402,MCO,1659,-1,2033,-12,4.030194512
3663,08/05/2018,19393,N706SW,3947,1319801,MCI,1320402,MCO,611,-4,952,-3,4.030194512
3664,08/05/2018,19393,N8669B,4347,1319801,MCI,1320402,MCO,1328,-2,1705,-10,4.030194512
3665,08/05/2018,19393,N223WN,14,1319801,MCI,1323202,MDW,1151,-4,1315,0,4.030194512
3666,08/05/2018,19393,N485WN,3327,1319801,MCI,1323202,MDW,1002,-3,1122,-8,4.030194512
3667,08/05/2018,19393,N402WN,3751,1319801,MCI,1323202,MDW,2010,5,2121,-4,4.030194512
3668,08/05/2018,19393,N718SW,4489,1319801,MCI,1323202,MDW,526,-4,641,-9,4.030194512
3669,08/05/2018,19393,N762SW,4585,1319801,MCI,1323202,MDW,1412,-3,1530,-5,4.030194512
3670,08/05/2018,19393,N454WN,4794,1319801,MCI,1323202,MDW,1746,1,1902,-3,4.030194512
3671,08/05/2018,19393,N410WN,4938,1319801,MCI,1323202,MDW,720,-5,838,-12,4.030194512
3672,08/05/2018,19393,N425LV,5215,1319801,MCI,1323202,MDW,2300,95,17,92,0
3673,08/05/2018,19393,N7750A,3407,1319801,MCI,1334207,MKE,1806,6,1926,1,4.030194512
3674,08/05/2018,19393,N564WN,3012,1319801,MCI,1348702,MSP,1823,-7,1937,-18,4.030194512
3675,08/05/2018,19393,N452WN,4903,1319801,MCI,1348702,MSP,1009,-1,1120,-10,4.030194512
3676,08/05/2018,19393,N912WN,3520,1319801,MCI,1349505,MSY,1134,-6,1318,-12,4.030194512
3677,08/05/2018,19393,N465WN,3532,1319801,MCI,1349505,MSY,1919,-6,2114,-1,4.030194512
3678,08/05/2018,19393,N783SW,1730,1319801,MCI,1379608,OAK,1938,-2,2128,8,4.030194512
3679,08/05/2018,19393,N8694E,4495,1319801,MCI,1379608,OAK,630,0,815,5,4.030194512
3680,08/05/2018,19393,N788SA,5479,1319801,MCI,1405702,PDX,1453,-2,1635,0,4.030194512
3681,08/05/2018,19393,N493WN,3739,1319801,MCI,1410702,PHX,1615,-5,1651,-14,4.030194512
3682,08/05/2018,19393,N8308K,3996,1319801,MCI,1410702,PHX,734,-1,803,-17,4.030194512
3683,08/05/2018,19393,N765SW,4702,1319801,MCI,1410702,PHX,2016,1,2050,-10,4.030194512
3684,08/05/2018,19393,N780SW,5472,1319801,MCI,1419306,PNS,1053,-2,1242,-8,4.030194512
3685,08/05/2018,19393,N568WN,2380,1319801,MCI,1449202,RDU,1133,-7,1448,-22,4.030194512
3686,08/05/2018,19393,N7714B,3069,1319801,MCI,1467903,SAN,1029,-1,1135,-15,4.030194512
3687,08/05/2018,19393,N7840A,3785,1319801,MCI,1467903,SAN,2120,30,2227,22,0
3688,08/05/2018,19393,N908WN,2868,1319801,MCI,1468305,SAT,1549,4,1737,-3,4.030194512
3689,08/05/2018,19393,N7747C,4058,1319801,MCI,1474703,SEA,1026,-4,1211,-9,4.030194512
3690,08/05/2018,19393,N208WN,946,1319801,MCI,1501606,STL,1758,13,1845,0,4.030194512
3691,08/05/2018,19393,N7730A,3633,1319801,MCI,1501606,STL,1354,4,1449,-1,4.030194512
3692,08/05/2018,19393,N915WN,4116,1319801,MCI,1501606,STL,742,-3,832,-13,4.030194512
3693,08/05/2018,19393,N8633A,4068,1319801,MCI,1530402,TPA,703,-2,1031,-9,4.030194512
3694,08/05/2018,19393,N7873A,5344,1319801,MCI,1530402,TPA,2106,11,33,3,4.030194512
3695,08/05/2018,19393,N7705A,5363,1320402,MCO,1014005,ABQ,1358,28,1521,6,4.030194512
3696,08/05/2018,19393,N8571Z,4429,1320402,MCO,1025702,ALB,1233,13,1511,6,4.030194512
3697,08/05/2018,19393,N7834A,2960,1320402,MCO,1039707,ATL,1948,23,2108,8,4.030194512
3698,08/05/2018,19393,N704SW,3064,1320402,MCO,1039707,ATL,2226,1,2340,-10,4.030194512
3699,08/05/2018,19393,N7747C,4058,1320402,MCO,1039707,ATL,641,11,759,4,4.030194512
3700,08/05/2018,19393,N7865A,4205,1320402,MCO,1039707,ATL,1401,11,1520,0,4.030194512
3701,08/05/2018,19393,N8527Q,3125,1320402,MCO,1042302,AUS,709,-1,835,-10,4.030194512
3702,08/05/2018,19393,N735SA,3827,1320402,MCO,1042302,AUS,1728,-2,1854,-11,4.030194512
3703,08/05/2018,19393,N8510E,4024,1320402,MCO,1052906,BDL,806,1,1036,-9,4.030194512
3704,08/05/2018,19393,N7833A,4269,1320402,MCO,1052906,BDL,2252,2,125,0,4.030194512
3705,08/05/2018,19393,N263WN,4988,1320402,MCO,1052906,BDL,1134,-1,1407,-8,4.030194512
3706,08/05/2018,19393,N7727A,2754,1320402,MCO,1059904,BHM,1009,-1,1028,-7,4.030194512
3707,08/05/2018,19393,N495WN,3127,1320402,MCO,1059904,BHM,1621,21,1641,6,4.030194512
3708,08/05/2018,19393,N430WN,3949,1320402,MCO,1059904,BHM,1834,-1,1857,-13,4.030194512
3709,08/05/2018,19393,N492WN,2813,1320402,MCO,1069302,BNA,1032,12,1117,7,4.030194512
3710,08/05/2018,19393,N213WN,3472,1320402,MCO,1069302,BNA,1537,-3,1622,-13,4.030194512
3711,08/05/2018,19393,N787SA,4722,1320402,MCO,1069302,BNA,756,1,850,5,4.030194512
3712,08/05/2018,19393,N409WN,4772,1320402,MCO,1069302,BNA,2206,-9,2248,-17,4.030194512
3713,08/05/2018,19393,N456WN,5130,1320402,MCO,1069302,BNA,1340,0,1425,-5,4.030194512
3714,08/05/2018,19393,N7741C,5348,1320402,MCO,1069302,BNA,1919,-1,2006,-4,4.030194512
3715,08/05/2018,19393,N298WN,4560,1320402,MCO,1079206,BUF,2055,0,2326,-4,4.030194512
3716,08/05/2018,19393,N726SW,5216,1320402,MCO,1079206,BUF,742,-3,1001,-19,4.030194512
3717,08/05/2018,19393,N254WN,3659,1320402,MCO,1082106,BWI,856,1,1055,-10,4.030194512
3718,08/05/2018,19393,N8578Q,3997,1320402,MCO,1082106,BWI,1430,25,1644,24,0
3719,08/05/2018,19393,N8626B,4200,1320402,MCO,1082106,BWI,710,5,909,-6,4.030194512
3720,08/05/2018,19393,N8534Z,4303,1320402,MCO,1082106,BWI,1036,21,1230,5,4.030194512
3721,08/05/2018,19393,N7725A,4403,1320402,MCO,1082106,BWI,1140,-5,1337,-18,4.030194512
3722,08/05/2018,19393,N7748A,4612,1320402,MCO,1082106,BWI,1614,9,1844,24,0
3723,08/05/2018,19393,N795SW,4676,1320402,MCO,1082106,BWI,2319,9,117,-3,4.030194512
3724,08/05/2018,19393,N437WN,5121,1320402,MCO,1082106,BWI,2000,-5,2206,-14,4.030194512
3725,08/05/2018,19393,N796SW,5214,1320402,MCO,1082106,BWI,2322,62,120,50,0
3726,08/05/2018,19393,N8507C,5306,1320402,MCO,1082106,BWI,1826,41,2038,38,0
3727,08/05/2018,19393,N500WR,1417,1320402,MCO,1106606,CMH,1723,-2,1924,-16,4.030194512
3728,08/05/2018,19393,N714CB,2957,1320402,MCO,1106606,CMH,730,10,935,5,4.030194512
3729,08/05/2018,19393,N8677A,2967,1320402,MCO,1106606,CMH,2138,-2,2335,-15,4.030194512
3730,08/05/2018,19393,N909WN,4548,1320402,MCO,1106606,CMH,1603,53,1802,37,0
3731,08/05/2018,19393,N286WN,1546,1320402,MCO,1125903,DAL,1941,1,2109,-6,4.030194512
3732,08/05/2018,19393,N965WN,2663,1320402,MCO,1125903,DAL,1653,38,1810,15,0
3733,08/05/2018,19393,N7749B,4323,1320402,MCO,1125903,DAL,731,6,851,-9,4.030194512
3734,08/05/2018,19393,N8619F,5008,1320402,MCO,1125903,DAL,943,-7,1111,-9,4.030194512
3735,08/05/2018,19393,N8641B,2791,1320402,MCO,1127805,DCA,1015,15,1208,3,4.030194512
3736,08/05/2018,19393,N227WN,5118,1320402,MCO,1127805,DCA,1828,-2,2036,-9,4.030194512
3737,08/05/2018,19393,N8320J,3164,1320402,MCO,1129202,DEN,1830,0,2015,-10,4.030194512
3738,08/05/2018,19393,N466WN,3221,1320402,MCO,1129202,DEN,630,15,806,6,4.030194512
3739,08/05/2018,19393,N8301J,4833,1320402,MCO,1129202,DEN,1442,2,1638,3,4.030194512
3740,08/05/2018,19393,N8503A,5600,1320402,MCO,1129202,DEN,1131,6,1309,-1,4.030194512
3741,08/05/2018,19393,N777QC,779,1320402,MCO,1161802,EWR,1413,-2,1640,-20,4.030194512
3742,08/05/2018,19393,N8542Z,4076,1320402,MCO,1161802,EWR,1008,-2,1230,-15,4.030194512
3743,08/05/2018,19393,N8542Z,1149,1320402,MCO,1169706,FLL,1759,24,1848,8,4.030194512
3744,08/05/2018,19393,N244WN,2838,1320402,MCO,1169706,FLL,619,-1,714,-6,4.030194512
3745,08/05/2018,19393,N8690A,3133,1320402,MCO,1169706,FLL,1204,-6,1257,-18,4.030194512
3746,08/05/2018,19393,N7745A,4089,1320402,MCO,1169706,FLL,2128,8,2223,3,4.030194512
3747,08/05/2018,19393,N484WN,4250,1320402,MCO,1169706,FLL,938,-7,1038,-7,4.030194512
3748,08/05/2018,19393,N8315C,1415,1320402,MCO,1219102,HOU,2006,1,2113,-12,4.030194512
3749,08/05/2018,19393,N738CB,2909,1320402,MCO,1219102,HOU,851,1,1002,-8,4.030194512
3750,08/05/2018,19393,N280WN,5113,1320402,MCO,1219102,HOU,1629,-1,1743,-12,4.030194512
3751,08/05/2018,19393,N202WN,5192,1320402,MCO,1219102,HOU,1212,2,1327,-3,4.030194512
3752,08/05/2018,19393,N8536Z,4891,1320402,MCO,1226402,IAD,1325,75,1526,66,0
3753,08/05/2018,19393,N774SW,2749,1320402,MCO,1233904,IND,907,-3,1117,-8,4.030194512
3754,08/05/2018,19393,N7815L,3021,1320402,MCO,1233904,IND,1712,-3,1920,-15,4.030194512
3755,08/05/2018,19393,N796SW,3075,1320402,MCO,1233904,IND,1450,0,1655,-15,4.030194512
3756,08/05/2018,19393,N725SW,5292,1320402,MCO,1233904,IND,2053,3,2259,-11,4.030194512
3757,08/05/2018,19393,N7744A,2709,1320402,MCO,1239102,ISP,2250,-5,114,-11,4.030194512
3758,08/05/2018,19393,N8620H,4031,1320402,MCO,1239102,ISP,732,-3,1000,-5,4.030194512
3759,08/05/2018,19393,N8563Z,4050,1320402,MCO,1239102,ISP,1401,6,1622,-3,4.030194512
3760,08/05/2018,19393,N762SW,878,1320402,MCO,1288903,LAS,2026,-4,2203,-12,4.030194512
3761,08/05/2018,19393,N8670A,5397,1320402,MCO,1288903,LAS,911,1,1045,-5,4.030194512
3762,08/05/2018,19393,N8510E,2592,1320402,MCO,1319801,MCI,2317,7,50,-5,4.030194512
3763,08/05/2018,19393,N8527Q,3781,1320402,MCO,1319801,MCI,1351,-4,1523,-17,4.030194512
3764,08/05/2018,19393,N939WN,3987,1320402,MCO,1319801,MCI,647,2,823,-7,4.030194512
3765,08/05/2018,19393,N412WN,852,1320402,MCO,1323202,MDW,1958,-2,2134,-6,4.030194512
3766,08/05/2018,19393,N8619F,3225,1320402,MCO,1323202,MDW,2342,-3,108,-12,4.030194512
3767,08/05/2018,19393,N730SW,3265,1320402,MCO,1323202,MDW,2224,24,2352,12,4.030194512
3768,08/05/2018,19393,N706SW,3950,1320402,MCO,1323202,MDW,1030,-5,1155,-20,4.030194512
3769,08/05/2018,19393,N8626B,3982,1320402,MCO,1323202,MDW,1314,-1,1442,-18,4.030194512
3770,08/05/2018,19393,N8688J,4062,1320402,MCO,1323202,MDW,734,9,909,4,4.030194512
3771,08/05/2018,19393,N737JW,4539,1320402,MCO,1323202,MDW,829,-6,954,-21,4.030194512
3772,08/05/2018,19393,N8316H,4803,1320402,MCO,1323202,MDW,1720,0,1847,-18,4.030194512
3773,08/05/2018,19393,N8565Z,5429,1320402,MCO,1323202,MDW,1424,-1,1601,-9,4.030194512
3774,08/05/2018,19393,N552WN,4701,1320402,MCO,1324402,MEM,935,-5,1027,-13,4.030194512
3775,08/05/2018,19393,N916WN,4983,1320402,MCO,1324402,MEM,1728,3,1817,-8,4.030194512
3776,08/05/2018,19393,N8510E,4027,1320402,MCO,1329604,MHT,1510,0,1752,-13,4.030194512
3777,08/05/2018,19393,N8537Z,2890,1320402,MCO,1334207,MKE,806,6,940,-5,4.030194512
3778,08/05/2018,19393,N8691A,3701,1320402,MCO,1334207,MKE,1705,5,1832,-18,4.030194512
3779,08/05/2018,19393,N734SA,5171,1320402,MCO,1334207,MKE,2110,0,2241,-14,4.030194512
3780,08/05/2018,19393,N474WN,3477,1320402,MCO,1349505,MSY,1448,8,1518,-7,4.030194512
3781,08/05/2018,19393,N297WN,4469,1320402,MCO,1349505,MSY,1845,-5,1915,-15,4.030194512
3782,08/05/2018,19393,N418WN,5057,1320402,MCO,1349505,MSY,907,-3,945,-5,4.030194512
3783,08/05/2018,19393,N442WN,5933,1320402,MCO,1349505,MSY,1600,0,1629,-16,4.030194512
3784,08/05/2018,19393,N7750A,5940,1320402,MCO,1349505,MSY,724,-1,756,-9,4.030194512
3785,08/05/2018,19393,N957WN,658,1410702,PHX,1387102,OMA,1148,8,1601,-9,4.030194512
3786,08/05/2018,19393,N7878A,3743,1410702,PHX,1387102,OMA,1946,1,1,-9,4.030194512
3787,08/05/2018,19393,N556WN,3655,1410702,PHX,1389101,ONT,935,0,1042,-3,4.030194512
3788,08/05/2018,19393,N7703A,3683,1410702,PHX,1389101,ONT,1131,1,1232,-8,4.030194512
3789,08/05/2018,19393,N8543Z,4670,1410702,PHX,1389101,ONT,725,-5,835,-5,4.030194512
3790,08/05/2018,19393,N958WN,4702,1410702,PHX,1389101,ONT,2145,0,2242,-8,4.030194512
3791,08/05/2018,19393,N7883A,5557,1410702,PHX,1389101,ONT,1535,5,1649,14,4.030194512
3792,08/05/2018,19393,N8309C,2771,1410702,PHX,1405702,PDX,2155,-5,24,-11,4.030194512
3793,08/05/2018,19393,N7887A,3252,1410702,PHX,1405702,PDX,1800,-5,2026,-14,4.030194512
3794,08/05/2018,19393,N7816B,4967,1410702,PHX,1405702,PDX,914,-1,1150,-10,4.030194512
3795,08/05/2018,19393,N8325D,4273,1410702,PHX,1410005,PHL,1235,0,2003,-2,4.030194512
3796,08/05/2018,19393,N8694E,4495,1410702,PHX,1412202,PIT,1147,2,1839,-1,4.030194512
3797,08/05/2018,19393,N499WN,3765,1410702,PHX,1449202,RDU,1835,-5,137,-18,4.030194512
3798,08/05/2018,19393,N8546V,3342,1410702,PHX,1457002,RNO,937,22,1115,10,4.030194512
3799,08/05/2018,19393,N7832A,3350,1410702,PHX,1457002,RNO,2156,-4,2327,-13,4.030194512
3800,08/05/2018,19393,N8552Z,2001,1410702,PHX,1467903,SAN,2057,12,2155,0,4.030194512
3801,08/05/2018,19393,N8575Z,2741,1410702,PHX,1467903,SAN,920,0,1027,-8,4.030194512
3802,08/05/2018,19393,N913WN,3215,1410702,PHX,1467903,SAN,1430,40,1532,37,0
3803,08/05/2018,19393,N429WN,3298,1410702,PHX,1467903,SAN,1928,8,2030,5,4.030194512
3804,08/05/2018,19393,N551WN,3857,1410702,PHX,1467903,SAN,2200,0,2301,-4,4.030194512
3805,08/05/2018,19393,N265WN,4562,1410702,PHX,1467903,SAN,700,0,804,-6,4.030194512
3806,08/05/2018,19393,N461WN,4623,1410702,PHX,1467903,SAN,1118,53,1218,38,0
3807,08/05/2018,19393,N479WN,4680,1410702,PHX,1467903,SAN,1551,41,1648,33,0
3808,08/05/2018,19393,N7706A,4905,1410702,PHX,1467903,SAN,1238,8,1340,5,4.030194512
3809,08/05/2018,19393,N214WN,5168,1410702,PHX,1467903,SAN,1753,23,1852,17,0
3810,08/05/2018,19393,N719SW,2684,1410702,PHX,1468305,SAT,1847,167,2257,172,0
3811,08/05/2018,19393,N7839A,3966,1410702,PHX,1468305,SAT,2020,0,25,-5,4.030194512
3812,08/05/2018,19393,N8574Z,5063,1410702,PHX,1468305,SAT,1147,12,1547,2,4.030194512
3813,08/05/2018,19393,N275WN,4376,1410702,PHX,1473003,SDF,1256,6,1916,1,4.030194512
3814,08/05/2018,19393,N7886A,3684,1410702,PHX,1474703,SEA,2219,29,102,17,0
3815,08/05/2018,19393,N205WN,3958,1410702,PHX,1474703,SEA,1501,1,1747,-8,4.030194512
3816,08/05/2018,19393,N8514F,4359,1410702,PHX,1474703,SEA,612,-3,903,-12,4.030194512
3817,08/05/2018,19393,N8533S,4453,1410702,PHX,1474703,SEA,926,6,1231,1,4.030194512
3818,08/05/2018,19393,N905WN,3537,1410702,PHX,1477104,SFO,821,21,1011,6,4.030194512
3819,08/05/2018,19393,N715SW,4152,1410702,PHX,1477104,SFO,2258,63,44,54,0
3820,08/05/2018,19393,N8640D,4210,1410702,PHX,1477104,SFO,1029,-1,1236,-4,4.030194512
3821,08/05/2018,19393,N461WN,4625,1410702,PHX,1477104,SFO,1749,54,1934,44,0
3822,08/05/2018,19393,N927WN,3999,1410702,PHX,1483106,SJC,1336,-4,1515,-10,4.030194512
3823,08/05/2018,19393,N786SW,4082,1410702,PHX,1483106,SJC,1701,11,1845,10,4.030194512
3824,08/05/2018,19393,N8651A,4145,1410702,PHX,1483106,SJC,924,-1,1112,-8,4.030194512
3825,08/05/2018,19393,N731SA,5078,1410702,PHX,1483106,SJC,627,-8,807,-18,4.030194512
3826,08/05/2018,19393,N7717D,5185,1410702,PHX,1483106,SJC,2110,0,2308,13,4.030194512
3827,08/05/2018,19393,N7867A,2744,1410702,PHX,1486903,SLC,1823,18,2041,6,4.030194512
3828,08/05/2018,19393,N8711Q,2851,1410702,PHX,1486903,SLC,2151,-4,15,-10,4.030194512
3829,08/05/2018,19393,N7822A,3003,1410702,PHX,1486903,SLC,720,-5,948,-7,4.030194512
3830,08/05/2018,19393,N294WN,4827,1410702,PHX,1486903,SLC,928,-2,1154,-11,4.030194512
3831,08/05/2018,19393,N283WN,5194,1410702,PHX,1486903,SLC,1419,19,1638,8,4.030194512
3832,08/05/2018,19393,N565WN,579,1410702,PHX,1489302,SMF,1346,1,1526,-9,4.030194512
3833,08/05/2018,19393,N952WN,3239,1410702,PHX,1489302,SMF,2158,3,2343,-2,4.030194512
3834,08/05/2018,19393,N7824A,3578,1410702,PHX,1489302,SMF,1710,0,1854,-6,4.030194512
3835,08/05/2018,19393,N8644C,3591,1410702,PHX,1489302,SMF,724,-1,912,-8,4.030194512
3836,08/05/2018,19393,N783SW,4946,1410702,PHX,1489302,SMF,927,2,1121,-4,4.030194512
3837,08/05/2018,19393,N557WN,952,1410702,PHX,1490803,SNA,757,7,910,0,4.030194512
3838,08/05/2018,19393,N7726A,3757,1410702,PHX,1490803,SNA,1627,2,1729,-6,4.030194512
3839,08/05/2018,19393,N7701B,4212,1410702,PHX,1490803,SNA,2101,1,2202,-8,4.030194512
3840,08/05/2018,19393,N797MX,4318,1410702,PHX,1490803,SNA,934,-1,1050,0,4.030194512
3841,08/05/2018,19393,N938WN,4323,1410702,PHX,1490803,SNA,1245,0,1349,-6,4.030194512
3842,08/05/2018,19393,N920WN,5036,1410702,PHX,1490803,SNA,1819,-1,1925,0,4.030194512
3843,08/05/2018,19393,N962WN,2940,1410702,PHX,1501606,STL,1141,1,1626,-9,4.030194512
3844,08/05/2018,19393,N430WN,3949,1410702,PHX,1501606,STL,642,-3,1127,-13,4.030194512
3845,08/05/2018,19393,N744SW,4385,1410702,PHX,1501606,STL,1511,-4,1957,-13,4.030194512
3846,08/05/2018,19393,N7743B,5703,1410702,PHX,1501606,STL,2046,-4,130,-20,4.030194512
3847,08/05/2018,19393,N8539V,1528,1410702,PHX,1530402,TPA,1135,0,1850,10,4.030194512
3848,08/05/2018,19393,N8311Q,4633,1410702,PHX,1530402,TPA,1828,-7,119,-16,4.030194512
3849,08/05/2018,19393,N7701B,161,1410702,PHX,1537002,TUL,824,-6,1233,-17,4.030194512
3850,08/05/2018,19393,N7817J,4913,1410702,PHX,1537002,TUL,2022,7,35,0,4.030194512
3851,08/05/2018,19393,N918WN,3546,1412202,PIT,1039707,ATL,1110,0,1240,-10,4.030194512
3852,08/05/2018,19393,N7841A,3373,1412202,PIT,1069302,BNA,600,-5,619,-16,4.030194512
3853,08/05/2018,19393,N206WN,4427,1412202,PIT,1069302,BNA,1849,9,1911,1,4.030194512
3854,08/05/2018,19393,N408WN,3228,1412202,PIT,1082106,BWI,1812,2,1940,30,0
3855,08/05/2018,19393,N248WN,4621,1412202,PIT,1082106,BWI,630,-5,729,-11,4.030194512
3856,08/05/2018,19393,N8720L,4234,1412202,PIT,1125903,DAL,1538,18,1710,5,4.030194512
3857,08/05/2018,19393,N279WN,425,1412202,PIT,1129202,DEN,1152,-3,1316,1,4.030194512
3858,08/05/2018,19393,N247WN,4650,1412202,PIT,1169706,FLL,540,5,805,-5,4.030194512
3859,08/05/2018,19393,N730SW,3260,1412202,PIT,1219102,HOU,1257,72,1440,60,0
3860,08/05/2018,19393,N8694E,3970,1412202,PIT,1288903,LAS,1930,0,2056,-4,4.030194512
3861,08/05/2018,19393,N700GS,4642,1412202,PIT,1288903,LAS,607,-3,726,-14,4.030194512
3862,08/05/2018,19393,N8647A,4659,1412202,PIT,1289208,LAX,657,-3,855,-15,4.030194512
3863,08/05/2018,19393,N730SW,3262,1412202,PIT,1320402,MCO,1941,46,2144,34,0
3864,08/05/2018,19393,N492WN,5057,1412202,PIT,1320402,MCO,557,-3,800,-10,4.030194512
3865,08/05/2018,19393,N280WN,5113,1412202,PIT,1320402,MCO,1333,-2,1534,-16,4.030194512
3866,08/05/2018,19393,N8604K,5335,1412202,PIT,1320402,MCO,1635,5,1845,0,4.030194512
3867,08/05/2018,19393,N958WN,3399,1412202,PIT,1323202,MDW,1653,18,1706,6,4.030194512
3868,08/05/2018,19393,N244WN,3796,1412202,PIT,1323202,MDW,1830,5,1842,-8,4.030194512
3869,08/05/2018,19393,N728SW,4870,1412202,PIT,1323202,MDW,1437,22,1448,8,4.030194512
3870,08/05/2018,19393,N202WN,5192,1412202,PIT,1323202,MDW,2002,-3,2013,-12,4.030194512
3871,08/05/2018,19393,N250WN,5901,1412202,PIT,1323202,MDW,714,-6,725,-20,4.030194512
3872,08/05/2018,19393,N968WN,4184,1412202,PIT,1349505,MSY,1937,2,2048,-12,4.030194512
3873,08/05/2018,19393,N293WN,4730,1412202,PIT,1410702,PHX,706,-4,812,-18,4.030194512
3874,08/05/2018,19393,N8680C,5264,1412202,PIT,1463502,RSW,1045,-5,1304,-16,4.030194512
3875,08/05/2018,19393,N473WN,3690,1412202,PIT,1501606,STL,1245,0,1315,-10,4.030194512
3876,08/05/2018,19393,N258WN,4392,1412202,PIT,1501606,STL,1826,-4,1846,-24,4.030194512
3877,08/05/2018,19393,N7853B,3646,1412202,PIT,1530402,TPA,1636,6,1843,-7,4.030194512
3878,08/05/2018,19393,N710SW,3902,1412202,PIT,1530402,TPA,2129,29,2334,19,0
3879,08/05/2018,19393,N960WN,4003,1412202,PIT,1530402,TPA,930,0,1133,-7,4.030194512
3880,08/05/2018,19393,N795SW,4676,1419306,PNS,1069302,BNA,804,-1,917,-8,4.030194512
3881,08/05/2018,19393,N438WN,5394,1419306,PNS,1069302,BNA,1932,32,2043,23,0
3882,08/05/2018,19393,N780SW,2639,1419306,PNS,1125903,DAL,1327,-8,1503,-17,4.030194512
3883,08/05/2018,19393,N7877H,3684,1419306,PNS,1129202,DEN,1814,39,2028,58,0
3884,08/05/2018,19393,N210WN,4349,1419306,PNS,1219102,HOU,1022,-3,1144,-16,4.030194512
3885,08/05/2018,19393,N7750A,3407,1419306,PNS,1319801,MCI,1537,17,1732,7,4.030194512
3886,08/05/2018,19393,N794SW,5166,1419306,PNS,1323202,MDW,1627,-3,1828,-12,4.030194512
3887,08/05/2018,19393,N491WN,2882,1430705,PVD,1082106,BWI,1353,-7,1501,-19,4.030194512
3888,08/05/2018,19393,N560WN,3309,1430705,PVD,1082106,BWI,1838,53,2000,55,0
3889,08/05/2018,19393,N7876A,3525,1430705,PVD,1082106,BWI,905,0,1015,-5,4.030194512
3890,08/05/2018,19393,N707SA,3802,1430705,PVD,1082106,BWI,1104,4,1204,-16,4.030194512
3891,08/05/2018,19393,N234WN,4220,1430705,PVD,1082106,BWI,618,3,726,-9,4.030194512
3892,08/05/2018,19393,N926WN,4476,1430705,PVD,1082106,BWI,2139,24,2249,19,0
3893,08/05/2018,19393,N215WN,4669,1430705,PVD,1082106,BWI,1216,1,1322,-13,4.030194512
3894,08/05/2018,19393,N8578Q,4918,1430705,PVD,1082106,BWI,1928,13,2033,-2,4.030194512
3895,08/05/2018,19393,N914WN,1162,1430705,PVD,1127805,DCA,1425,0,1608,8,4.030194512
3896,08/05/2018,19393,N969WN,4677,1430705,PVD,1127805,DCA,923,-2,1040,-10,4.030194512
3897,08/05/2018,19393,N7842A,4688,1430705,PVD,1169706,FLL,651,11,950,0,4.030194512
3898,08/05/2018,19393,N8578Q,3993,1430705,PVD,1320402,MCO,1024,-1,1300,-15,4.030194512
3899,08/05/2018,19393,N552WN,4701,1430705,PVD,1320402,MCO,611,1,848,-12,4.030194512
3900,08/05/2018,19393,N8649A,4761,1430705,PVD,1320402,MCO,1502,2,1742,-18,4.030194512
3901,08/05/2018,19393,N965WN,1673,1430705,PVD,1323202,MDW,715,65,839,59,0
3902,08/05/2018,19393,N8579Z,4689,1430705,PVD,1323202,MDW,848,-2,958,-17,4.030194512
3903,08/05/2018,19393,N441WN,5125,1430705,PVD,1323202,MDW,1630,0,1735,-25,4.030194512
3904,08/05/2018,19393,N904WN,4684,1430705,PVD,1530402,TPA,742,-3,1036,-4,4.030194512
3905,08/05/2018,19393,N7876A,3001,1432105,PWM,1082106,BWI,1311,1,1433,-12,4.030194512
3906,08/05/2018,19393,N946WN,4665,1432105,PWM,1082106,BWI,1734,9,1910,10,4.030194512
3907,08/05/2018,19393,N7856A,4708,1432105,PWM,1082106,BWI,552,-8,718,-17,4.030194512
3908,08/05/2018,19393,N239WN,3924,1449202,RDU,1039707,ATL,644,-1,754,-11,4.030194512
3909,08/05/2018,19393,N425LV,5546,1449202,RDU,1039707,ATL,1941,121,2058,118,0
3910,08/05/2018,19393,N7716A,1326,1449202,RDU,1069302,BNA,2030,20,2056,16,0
3911,08/05/2018,19393,N217JC,4099,1449202,RDU,1069302,BNA,1243,-2,1301,-14,4.030194512
3912,08/05/2018,19393,N229WN,4709,1449202,RDU,1069302,BNA,718,3,741,-4,4.030194512
3913,08/05/2018,19393,N449WN,2800,1449202,RDU,1082106,BWI,2052,2,2152,-3,4.030194512
3914,08/05/2018,19393,N7887A,3252,1449202,RDU,1082106,BWI,1237,12,1329,4,4.030194512
3915,08/05/2018,19393,N8713M,4388,1449202,RDU,1082106,BWI,1605,5,1716,11,4.030194512
3916,08/05/2018,19393,N264LV,4724,1449202,RDU,1082106,BWI,539,-6,635,-10,4.030194512
3917,08/05/2018,19393,N8301J,4833,1449202,RDU,1082106,BWI,714,-1,813,-7,4.030194512
3918,08/05/2018,19393,N766SW,5203,1449202,RDU,1082106,BWI,955,-5,1046,-14,4.030194512
3919,08/05/2018,19393,N7855A,5325,1449202,RDU,1082106,BWI,2219,9,2315,0,4.030194512
3920,08/05/2018,19393,N8326F,3181,1449202,RDU,1125903,DAL,1757,67,1925,50,0
3921,08/05/2018,19393,N8538V,1432,1449202,RDU,1129202,DEN,1948,28,2133,28,0
3922,08/05/2018,19393,N937WN,3417,1449202,RDU,1129202,DEN,1202,22,1338,23,0
3923,08/05/2018,19393,N7752B,3911,1449202,RDU,1169706,FLL,629,-1,815,-15,4.030194512
3924,08/05/2018,19393,N7881A,2658,1449202,RDU,1219102,HOU,1349,4,1525,0,4.030194512
3925,08/05/2018,19393,N561WN,4363,1449202,RDU,1288903,LAS,1606,31,1741,21,0
3926,08/05/2018,19393,N568WN,5917,1449202,RDU,1319801,MCI,1602,2,1732,2,4.030194512
3927,08/05/2018,19393,N434WN,3927,1449202,RDU,1320402,MCO,533,-2,709,-1,4.030194512
3928,08/05/2018,19393,N7865A,4205,1449202,RDU,1320402,MCO,1131,6,1253,-17,4.030194512
3929,08/05/2018,19393,N7833A,4269,1449202,RDU,1320402,MCO,2038,3,2213,-2,4.030194512
3930,08/05/2018,19393,N427WN,1572,1449202,RDU,1323202,MDW,705,0,747,-13,4.030194512
3931,08/05/2018,19393,N7734H,3909,1449202,RDU,1323202,MDW,1314,9,1354,-6,4.030194512
3932,08/05/2018,19393,N229WN,4706,1449202,RDU,1323202,MDW,1500,-5,1544,-16,4.030194512
3933,08/05/2018,19393,N7721E,5238,1449202,RDU,1323202,MDW,1704,-1,1758,-2,4.030194512
3934,08/05/2018,19393,N954WN,3885,1449202,RDU,1349505,MSY,929,9,1023,-2,4.030194512
3935,08/05/2018,19393,N249WN,4258,1449202,RDU,1410702,PHX,1900,30,2015,15,0
3936,08/05/2018,19393,N248WN,3339,1449202,RDU,1501606,STL,1016,-4,1105,-15,4.030194512
3937,08/05/2018,19393,N229WN,4712,1449202,RDU,1501606,STL,1955,-5,2052,-8,4.030194512
3938,08/05/2018,19393,N222WN,5273,1449202,RDU,1530402,TPA,1213,-7,1343,-17,4.030194512
3939,08/05/2018,19393,N451WN,446,1452401,RIC,1039707,ATL,1318,-7,1447,-23,4.030194512
3940,08/05/2018,19393,N484WN,2799,1452401,RIC,1039707,ATL,1957,147,2123,128,128
3941,08/05/2018,19393,N566WN,4735,1452401,RIC,1039707,ATL,621,-4,817,12,4.030194512
3942,08/05/2018,19393,N8546V,3342,1457002,RNO,1125903,DAL,1156,1,1654,-11,4.030194512
3943,08/05/2018,19393,N948WN,4375,1457002,RNO,1129202,DEN,1627,32,1916,16,0
3944,08/05/2018,19393,N8322X,4746,1457002,RNO,1129202,DEN,638,3,928,-12,4.030194512
3945,08/05/2018,19393,N428WN,5548,1457002,RNO,1129202,DEN,1054,4,1347,-8,4.030194512
3946,08/05/2018,19393,N930WN,1657,1457002,RNO,1288903,LAS,1023,-2,1134,-11,4.030194512
3947,08/05/2018,19393,N569WN,2705,1457002,RNO,1288903,LAS,2142,17,2245,5,4.030194512
3948,08/05/2018,19393,N8537Z,2890,1457002,RNO,1288903,LAS,1435,20,1539,9,4.030194512
3949,08/05/2018,19393,N402WN,3422,1457002,RNO,1288903,LAS,919,-1,1023,-7,4.030194512
3950,08/05/2018,19393,N270WN,4191,1457002,RNO,1288903,LAS,1859,-1,2010,-5,4.030194512
3951,08/05/2018,19393,N746SW,4321,1457002,RNO,1288903,LAS,1714,14,1817,2,4.030194512
3952,08/05/2018,19393,N7708E,4378,1457002,RNO,1288903,LAS,1229,-1,1335,-5,4.030194512
3953,08/05/2018,19393,N720WN,4753,1457002,RNO,1288903,LAS,658,-2,803,-12,4.030194512
3954,08/05/2018,19393,N405WN,5110,1457002,RNO,1288903,LAS,1134,-1,1240,-10,4.030194512
3955,08/05/2018,19393,N959WN,3043,1457002,RNO,1289208,LAX,734,14,904,14,4.030194512
3956,08/05/2018,19393,N228WN,3328,1457002,RNO,1289208,LAX,2210,25,2328,13,4.030194512
3957,08/05/2018,19393,N7874B,2820,1457002,RNO,1323202,MDW,1604,29,2135,20,0
3958,08/05/2018,19393,N905WN,3776,1457002,RNO,1379608,OAK,2024,4,2120,0,4.030194512
3959,08/05/2018,19393,N214WN,5106,1457002,RNO,1379608,OAK,1038,28,1127,22,0
3960,08/05/2018,19393,N736SA,3655,1457002,RNO,1410702,PHX,708,-2,849,-6,4.030194512
3961,08/05/2018,19393,N240WN,4297,1457002,RNO,1410702,PHX,1704,29,1837,17,0
3962,08/05/2018,19393,N7719A,3384,1457002,RNO,1467903,SAN,1902,17,2025,10,4.030194512
3963,08/05/2018,19393,N265WN,4564,1457002,RNO,1467903,SAN,1124,19,1249,14,4.030194512
3964,08/05/2018,19393,N961WN,4606,1457002,RNO,1467903,SAN,558,-2,720,-10,4.030194512
3965,08/05/2018,19393,N942WN,5114,1457002,RNO,1483106,SJC,1411,1,1512,2,4.030194512
3966,08/05/2018,19393,N966WN,4185,1457606,ROC,1082106,BWI,1755,10,1923,28,0
3967,08/05/2018,19393,N561WN,4363,1457606,ROC,1082106,BWI,1156,-4,1249,-21,4.030194512
3968,08/05/2018,19393,N8668A,4758,1457606,ROC,1082106,BWI,634,9,733,3,4.030194512
3969,08/05/2018,19393,N8649A,4759,1457606,ROC,1320402,MCO,804,-1,1031,-9,4.030194512
3970,08/05/2018,19393,N264LV,2647,1457606,ROC,1530402,TPA,1338,-2,1607,-13,4.030194512
3971,08/05/2018,19393,N8639B,4782,1463502,RSW,1039707,ATL,606,-4,733,-22,4.030194512
3972,08/05/2018,19393,N8608N,1424,1463502,RSW,1082106,BWI,1325,0,1530,-20,4.030194512
3973,08/05/2018,19393,N8611F,3190,1463502,RSW,1082106,BWI,1840,-5,2059,-16,4.030194512
3974,08/05/2018,19393,N7712G,4113,1463502,RSW,1082106,BWI,1029,-1,1240,-10,4.030194512
3975,08/05/2018,19393,N409WN,4766,1463502,RSW,1082106,BWI,659,-6,906,-19,4.030194512
3976,08/05/2018,19393,N441WN,5125,1463502,RSW,1106606,CMH,948,-2,1200,-15,4.030194512
3977,08/05/2018,19393,N494WN,4773,1463502,RSW,1233904,IND,825,0,1048,-2,4.030194512
3978,08/05/2018,19393,N8664J,4314,1463502,RSW,1323202,MDW,1821,16,1956,1,4.030194512
3979,08/05/2018,19393,N7708E,4775,1463502,RSW,1323202,MDW,716,-4,902,-8,4.030194512
3980,08/05/2018,19393,N8680C,5267,1463502,RSW,1323202,MDW,1406,-4,1542,-18,4.030194512
3981,08/05/2018,19393,N741SA,5511,1463502,RSW,1323202,MDW,1150,-5,1410,25,0
3982,08/05/2018,19393,N279WN,425,1463502,RSW,1412202,PIT,849,-6,1101,-19,4.030194512
3983,08/05/2018,19393,N8559Q,1860,1463502,RSW,1501606,STL,1236,66,1358,58,0
3984,08/05/2018,19393,N8553W,3813,1463502,RSW,1501606,STL,1955,5,2116,-4,4.030194512
3985,08/05/2018,19393,N8551Q,2729,1467903,SAN,1014005,ABQ,953,28,1231,21,0
3986,08/05/2018,19393,N261WN,3486,1467903,SAN,1014005,ABQ,2031,-4,2307,-8,4.030194512
3987,08/05/2018,19393,N8547V,2665,1467903,SAN,1039707,ATL,1422,2,2141,1,4.030194512
3988,08/05/2018,19393,N462WN,4219,1467903,SAN,1042302,AUS,1646,31,2149,49,0
3989,08/05/2018,19393,N8699A,4886,1467903,SAN,1042302,AUS,748,-2,1230,-10,4.030194512
3990,08/05/2018,19393,N246LV,4570,1467903,SAN,1069302,BNA,1531,16,2123,13,4.030194512
3991,08/05/2018,19393,N900WN,4807,1467903,SAN,1069302,BNA,625,-5,1223,-12,4.030194512
3992,08/05/2018,19393,N212WN,4471,1467903,SAN,1071302,BOI,1121,16,1414,4,4.030194512
3993,08/05/2018,19393,N8570W,22,1467903,SAN,1082106,BWI,1323,-2,2106,-19,4.030194512
3994,08/05/2018,19393,N8558Z,3109,1467903,SAN,1082106,BWI,1756,1,150,-5,4.030194512
3995,08/05/2018,19393,N8553W,3813,1467903,SAN,1082106,BWI,734,-1,1515,-15,4.030194512
3996,08/05/2018,19393,N8605E,1494,1467903,SAN,1125903,DAL,1609,4,2059,-1,4.030194512
3997,08/05/2018,19393,N8575Z,2741,1467903,SAN,1125903,DAL,1125,0,1627,2,4.030194512
3998,08/05/2018,19393,N419WN,2745,1467903,SAN,1125903,DAL,1815,0,2312,2,4.030194512
3999,08/05/2018,19393,N290WN,5206,1467903,SAN,1125903,DAL,626,-4,1133,-7,4.030194512
4000,08/05/2018,19393,N405WN,463,1467903,SAN,1129202,DEN,2043,3,2342,-13,4.030194512
4001,08/05/2018,19393,N269WN,2655,1467903,SAN,1129202,DEN,2207,-8,111,-19,4.030194512
4002,08/05/2018,19393,N8316H,2780,1467903,SAN,1129202,DEN,636,-4,942,-23,4.030194512
4003,08/05/2018,19393,N299WN,3746,1467903,SAN,1129202,DEN,1328,-2,1637,-8,4.030194512
4004,08/05/2018,19393,N713SW,4391,1467903,SAN,1129202,DEN,1049,14,1354,-1,4.030194512
4005,08/05/2018,19393,N7844A,5082,1467903,SAN,1129202,DEN,1602,12,1913,8,4.030194512
4006,08/05/2018,19393,N429WN,3539,1467903,SAN,1154005,ELP,1458,23,1739,19,0
4007,08/05/2018,19393,N220WN,3106,1467903,SAN,1161802,EWR,915,-5,1738,-7,4.030194512
4008,08/05/2018,19393,N8678E,558,1467903,SAN,1219102,HOU,824,-1,1330,-5,4.030194512
4009,08/05/2018,19393,N7857B,3248,1467903,SAN,1219102,HOU,1404,19,1907,12,4.030194512
4010,08/05/2018,19393,N227WN,5118,1467903,SAN,1233904,IND,754,-6,1451,-9,4.030194512
4011,08/05/2018,19393,N8520Q,1575,1467903,SAN,1288903,LAS,1709,-6,1814,-11,4.030194512
4012,08/05/2018,19393,N755SA,2766,1467903,SAN,1288903,LAS,1823,-2,1927,-8,4.030194512
4013,08/05/2018,19393,N7714B,3069,1467903,SAN,1288903,LAS,1226,1,1338,-2,4.030194512
4014,08/05/2018,19393,N8714Q,3074,1467903,SAN,1288903,LAS,1626,1,1745,10,4.030194512
4015,08/05/2018,19393,N262WN,3210,1467903,SAN,1288903,LAS,2206,16,2305,5,4.030194512
4016,08/05/2018,19393,N211WN,4138,1467903,SAN,1288903,LAS,1416,1,1523,-2,4.030194512
4017,08/05/2018,19393,N7720F,4454,1467903,SAN,1288903,LAS,852,7,1000,0,4.030194512
4018,08/05/2018,19393,N943WN,4785,1467903,SAN,1288903,LAS,657,-8,805,-20,4.030194512
4019,08/05/2018,19393,N232WN,5093,1467903,SAN,1288903,LAS,1957,2,2109,4,4.030194512
4020,08/05/2018,19393,N292WN,5100,1467903,SAN,1288903,LAS,1059,4,1203,-7,4.030194512
4021,08/05/2018,19393,N7834A,3292,1467903,SAN,1319801,MCI,808,-2,1305,-15,4.030194512
4022,08/05/2018,19393,N783SW,4943,1467903,SAN,1319801,MCI,1355,0,1853,-12,4.030194512
4023,08/05/2018,19393,N8315C,4995,1467903,SAN,1320402,MCO,1105,10,1850,-5,4.030194512
4024,08/05/2018,19393,N7858A,1385,1467903,SAN,1323202,MDW,1723,83,2308,78,0
4025,08/05/2018,19393,N8550Q,2588,1467903,SAN,1323202,MDW,619,-1,1203,-17,4.030194512
4026,08/05/2018,19393,N8646B,3413,1467903,SAN,1323202,MDW,1432,-3,2029,-1,4.030194512
4027,08/05/2018,19393,N7819A,5056,1467903,SAN,1323202,MDW,1256,6,1838,-7,4.030194512
4028,08/05/2018,19393,N8643A,2865,1467903,SAN,1334207,MKE,2013,128,200,125,0
4029,08/05/2018,19393,N7706A,4905,1467903,SAN,1349505,MSY,1417,12,1947,2,4.030194512
4030,08/05/2018,19393,N8552Z,2001,1467903,SAN,1379608,OAK,2244,-6,4,-11,4.030194512
4031,08/05/2018,19393,N569WN,2705,1467903,SAN,1379608,OAK,1805,10,1925,5,4.030194512
4032,08/05/2018,19393,N703SW,3215,1467903,SAN,1379608,OAK,1616,46,1736,41,0
4033,08/05/2018,19393,N479WN,3675,1467903,SAN,1379608,OAK,2133,38,2251,31,0
4034,08/05/2018,19393,N771SA,3778,1467903,SAN,1379608,OAK,1002,17,1126,16,0
4035,08/05/2018,19393,N7879A,3938,1467903,SAN,1379608,OAK,1952,57,2111,51,0
4036,08/05/2018,19393,N7837A,4092,1467903,SAN,1379608,OAK,1952,-3,2118,-2,4.030194512
4037,08/05/2018,19393,N8661A,4192,1467903,SAN,1379608,OAK,2151,-4,2314,-6,4.030194512
4038,08/05/2018,19393,N786SW,4406,1467903,SAN,1379608,OAK,1056,11,1217,2,4.030194512
4039,08/05/2018,19393,N479WN,4680,1467903,SAN,1379608,OAK,1736,46,1852,37,0
4040,08/05/2018,19393,N212WN,5482,1467903,SAN,1379608,OAK,717,-3,837,-13,4.030194512
4041,08/05/2018,19393,N7816B,2836,1467903,SAN,1405702,PDX,2233,-2,51,-4,4.030194512
4042,08/05/2018,19393,N742SW,3531,1467903,SAN,1405702,PDX,1221,16,1436,6,4.030194512
4043,08/05/2018,19393,N786SW,2922,1467903,SAN,1410702,PHX,1518,28,1623,23,0
4044,08/05/2018,19393,N261WN,3482,1467903,SAN,1410702,PHX,1113,8,1221,1,4.030194512
4045,08/05/2018,19393,N473WN,3690,1467903,SAN,1410702,PHX,1637,12,1750,10,4.030194512
4046,08/05/2018,19393,N558WN,3723,1467903,SAN,1410702,PHX,1915,15,2024,9,4.030194512
4047,08/05/2018,19393,N7878A,3743,1467903,SAN,1410702,PHX,1757,7,1914,9,4.030194512
4048,08/05/2018,19393,N758SW,4152,1467903,SAN,1410702,PHX,2117,67,2224,64,0
4049,08/05/2018,19393,N746SW,4554,1467903,SAN,1410702,PHX,2250,-5,1,-9,4.030194512
4050,08/05/2018,19393,N429WN,5030,1467903,SAN,1410702,PHX,2111,6,2220,5,4.030194512
4051,08/05/2018,19393,N236WN,5314,1467903,SAN,1410702,PHX,930,0,1033,-12,4.030194512
4052,08/05/2018,19393,N246LV,5904,1467903,SAN,1410702,PHX,722,-3,827,-13,4.030194512
4053,08/05/2018,19393,N270WN,4191,1467903,SAN,1457002,RNO,1654,-1,1816,-4,4.030194512
4054,08/05/2018,19393,N265WN,4562,1467903,SAN,1457002,RNO,858,-2,1040,10,4.030194512
4055,08/05/2018,19393,N475WN,4908,1467903,SAN,1457002,RNO,2124,-1,2241,-9,4.030194512
4056,08/05/2018,19393,N935WN,4713,1467903,SAN,1468305,SAT,854,4,1337,2,4.030194512
4057,08/05/2018,19393,N913WN,4786,1467903,SAN,1468305,SAT,1620,15,2102,17,0
4058,08/05/2018,19393,N961WN,2844,1467903,SAN,1474703,SEA,756,-9,1040,-15,4.030194512
4059,08/05/2018,19393,N8523W,4898,1467903,SAN,1474703,SEA,2015,0,2248,-12,4.030194512
4060,08/05/2018,19393,N7850B,4002,1467903,SAN,1477104,SFO,619,-1,752,-3,4.030194512
4061,08/05/2018,19393,N7850B,4813,1467903,SAN,1477104,SFO,1122,22,1310,35,0
4062,08/05/2018,19393,N7850B,4817,1467903,SAN,1477104,SFO,1555,25,1724,29,0
4063,08/05/2018,19393,N7850B,4821,1467903,SAN,1477104,SFO,2023,38,2147,32,0
4064,08/05/2018,19393,N7866A,4952,1467903,SAN,1477104,SFO,838,-2,958,-12,4.030194512
4065,08/05/2018,19393,N7866A,4955,1467903,SAN,1477104,SFO,1301,1,1426,-4,4.030194512
4066,08/05/2018,19393,N7866A,4958,1467903,SAN,1477104,SFO,1733,8,1856,1,4.030194512
4067,08/05/2018,19393,N7866A,4962,1467903,SAN,1477104,SFO,2144,-1,2313,-2,4.030194512
4068,08/05/2018,19393,N8712L,18,1467903,SAN,1483106,SJC,1801,-4,1915,-5,4.030194512
4069,08/05/2018,19393,N8566Z,2884,1467903,SAN,1483106,SJC,654,-6,804,-21,4.030194512
4070,08/05/2018,19393,N8580Z,2954,1467903,SAN,1483106,SJC,1146,-4,1314,4,4.030194512
4071,08/05/2018,19393,N948WN,4375,1467903,SAN,1483106,SJC,1238,-2,1412,12,4.030194512
4072,08/05/2018,19393,N8688J,4413,1467903,SAN,1483106,SJC,2152,17,2307,12,4.030194512
4073,08/05/2018,19393,N432WN,4527,1467903,SAN,1483106,SJC,1010,-5,1131,-9,4.030194512
4074,08/05/2018,19393,N420WN,4849,1467903,SAN,1483106,SJC,1717,12,1830,5,4.030194512
4075,08/05/2018,19393,N8706W,4859,1467903,SAN,1483106,SJC,1419,4,1537,2,4.030194512
4076,08/05/2018,19393,N555LV,5119,1467903,SAN,1483106,SJC,2015,-5,2126,-9,4.030194512
4077,08/05/2018,19393,N214WN,5168,1467903,SAN,1483106,SJC,1927,12,2041,11,4.030194512
4078,08/05/2018,19393,N955WN,5356,1467903,SAN,1483106,SJC,1613,-2,1726,-4,4.030194512
4079,08/05/2018,19393,N461WN,4623,1467903,SAN,1486903,SLC,1254,39,1534,34,0
4080,08/05/2018,19393,N224WN,2792,1467903,SAN,1489302,SMF,709,-6,837,-8,4.030194512
4081,08/05/2018,19393,N413WN,3232,1467903,SAN,1489302,SMF,1855,5,2019,-1,4.030194512
4082,08/05/2018,19393,N8688J,3323,1467903,SAN,1489302,SMF,1746,51,1910,45,0
4083,08/05/2018,19393,N7837A,3692,1467903,SAN,1489302,SMF,952,-3,1118,-7,4.030194512
4084,08/05/2018,19393,N8627B,3785,1467903,SAN,1489302,SMF,2241,-4,6,-9,4.030194512
4085,08/05/2018,19393,N798SW,4018,1467903,SAN,1489302,SMF,2032,42,2157,37,0
4086,08/05/2018,19393,N432WN,4528,1467903,SAN,1489302,SMF,2142,-3,2307,-8,4.030194512
4087,08/05/2018,19393,N8531Q,5095,1467903,SAN,1489302,SMF,1219,4,1342,-3,4.030194512
4088,08/05/2018,19393,N293WN,5443,1467903,SAN,1489302,SMF,1444,-1,1605,-10,4.030194512
4089,08/05/2018,19393,N276WN,5566,1467903,SAN,1489302,SMF,1139,19,1311,21,0
4090,08/05/2018,19393,N200WN,5001,1467903,SAN,1501606,STL,1958,18,117,7,4.030194512
4091,08/05/2018,19393,N278WN,5697,1467903,SAN,1501606,STL,947,-3,1512,-8,4.030194512
4092,08/05/2018,19393,N8544Z,4939,1467903,SAN,1530402,TPA,1154,-1,1947,7,4.030194512
4093,08/05/2018,19393,N7719A,3384,1467903,SAN,1537603,TUS,2101,11,2211,11,4.030194512
4094,08/05/2018,19393,N265WN,4564,1467903,SAN,1537603,TUS,1327,17,1435,10,4.030194512
4095,08/05/2018,19393,N8321D,4009,1468305,SAT,1039707,ATL,1836,56,2151,46,0
4096,08/05/2018,19393,N728SW,4911,1468305,SAT,1039707,ATL,547,-3,901,-14,4.030194512
4097,08/05/2018,19393,N8520Q,1575,1468305,SAT,1069302,BNA,739,9,936,-4,4.030194512
4098,08/05/2018,19393,N447WN,3730,1468305,SAT,1069302,BNA,1926,31,2120,15,0
4099,08/05/2018,19393,N7711N,2691,1468305,SAT,1082106,BWI,957,2,1408,-7,4.030194512
4100,08/05/2018,19393,N8568Z,4246,1468305,SAT,1082106,BWI,1722,2,2127,-18,4.030194512
4101,08/05/2018,19393,N8319F,4868,1468305,SAT,1082106,BWI,556,1,1003,-12,4.030194512
4102,08/05/2018,19393,N443WN,1208,1468305,SAT,1125903,DAL,1435,0,1534,-11,4.030194512
4103,08/05/2018,19393,N8522P,1462,1468305,SAT,1125903,DAL,1538,-2,1637,-13,4.030194512
4104,08/05/2018,19393,N218WN,2640,1468305,SAT,1125903,DAL,1329,9,1430,5,4.030194512
4105,08/05/2018,19393,N908WN,2868,1468305,SAT,1125903,DAL,1822,7,1917,-3,4.030194512
4106,08/05/2018,19393,N433LV,4103,1468305,SAT,1125903,DAL,51,291,142,277,0
4107,08/05/2018,19393,N765SW,4708,1468305,SAT,1125903,DAL,1129,-1,1224,-11,4.030194512
4108,08/05/2018,19393,N913WN,4786,1468305,SAT,1125903,DAL,2150,35,2245,25,0
4109,08/05/2018,19393,N472WN,5288,1468305,SAT,1125903,DAL,912,-3,1005,-15,4.030194512
4110,08/05/2018,19393,N700GS,4648,1468305,SAT,1129202,DEN,1943,-7,2103,-2,4.030194512
4111,08/05/2018,19393,N935WN,4713,1468305,SAT,1129202,DEN,1421,11,1530,10,4.030194512
4112,08/05/2018,19393,N228WN,4839,1468305,SAT,1129202,DEN,614,-1,730,5,4.030194512
4113,08/05/2018,19393,N7814B,719,1468305,SAT,1154005,ELP,2248,-7,2308,-17,4.030194512
4114,08/05/2018,19393,N7861J,3146,1468305,SAT,1154005,ELP,1458,-2,1518,-12,4.030194512
4115,08/05/2018,19393,N299WN,3746,1468305,SAT,1154005,ELP,1113,3,1129,-6,4.030194512
4116,08/05/2018,19393,N8548P,3257,1468305,SAT,1169706,FLL,644,-1,1016,-24,4.030194512
4117,08/05/2018,19393,N916WN,2805,1468305,SAT,1219102,HOU,637,2,727,-3,4.030194512
4118,08/05/2018,19393,N8669B,2974,1468305,SAT,1219102,HOU,2030,-5,2112,-13,4.030194512
4119,08/05/2018,19393,N7713A,3398,1468305,SAT,1219102,HOU,1302,12,1353,8,4.030194512
4120,08/05/2018,19393,N241WN,3561,1468305,SAT,1219102,HOU,1830,20,1915,10,4.030194512
4121,08/05/2018,19393,N7883A,5557,1468305,SAT,1219102,HOU,905,0,951,-9,4.030194512
4122,08/05/2018,19393,N559WN,1589,1468305,SAT,1288903,LAS,1453,8,1520,-10,4.030194512
4123,08/05/2018,19393,N7874B,2820,1468305,SAT,1288903,LAS,1227,7,1306,1,4.030194512
4124,08/05/2018,19393,N218WN,4256,1468305,SAT,1288903,LAS,2331,41,2400,25,0
4125,08/05/2018,19393,N930WN,5570,1468305,SAT,1288903,LAS,708,-2,733,-22,4.030194512
4126,08/05/2018,19393,N940WN,2824,1468305,SAT,1289208,LAX,1916,-4,2009,-16,4.030194512
4127,08/05/2018,19393,N424WN,4863,1468305,SAT,1289208,LAX,813,-2,908,-12,4.030194512
4128,08/05/2018,19393,N719SW,2937,1468305,SAT,1319801,MCI,1255,5,1438,-7,4.030194512
4129,08/05/2018,19393,N798SW,3932,1468305,SAT,1320402,MCO,1122,67,1448,53,0
4130,08/05/2018,19393,N422WN,5171,1468305,SAT,1320402,MCO,1645,5,2018,-7,4.030194512
4131,08/05/2018,19393,N719SW,2684,1468305,SAT,1323202,MDW,2326,171,205,175,0
4132,08/05/2018,19393,N7724A,2982,1468305,SAT,1323202,MDW,1753,13,2031,11,4.030194512
4133,08/05/2018,19393,N7855A,5323,1468305,SAT,1323202,MDW,1043,8,1315,5,4.030194512
4134,08/05/2018,19393,N755SA,2766,1468305,SAT,1349505,MSY,1103,-2,1228,-7,4.030194512
4135,08/05/2018,19393,N748SW,4231,1468305,SAT,1349505,MSY,2208,48,2324,39,0
4136,08/05/2018,19393,N8548P,4861,1468305,SAT,1379608,OAK,1415,0,1544,-11,4.030194512
4137,08/05/2018,19393,N749SW,3806,1468305,SAT,1410702,PHX,1151,1,1155,-10,4.030194512
4138,08/05/2018,19393,N7886A,4618,1468305,SAT,1410702,PHX,2104,24,2118,23,0
4139,08/05/2018,19393,N565WN,4967,1468305,SAT,1410702,PHX,845,35,901,36,0
4140,08/05/2018,19393,N261WN,3482,1468305,SAT,1467903,SAN,951,6,1023,-7,4.030194512
4141,08/05/2018,19393,N271LV,5088,1468305,SAT,1467903,SAN,2243,18,2318,8,4.030194512
4142,08/05/2018,19393,N8656B,4855,1468305,SAT,1501606,STL,649,-1,840,-15,4.030194512
4143,08/05/2018,19393,N8574Z,5063,1468305,SAT,1501606,STL,1645,5,1840,-5,4.030194512
4144,08/05/2018,19393,N8646B,1663,1468305,SAT,1530402,TPA,727,2,1043,-12,4.030194512
4145,08/05/2018,19393,N738CB,2914,1468305,SAT,1530402,TPA,1552,-3,1909,-16,4.030194512
4146,08/05/2018,19393,N7826B,3383,1473003,SDF,1082106,BWI,811,-4,938,-7,4.030194512
4147,08/05/2018,19393,N403WN,4016,1473003,SDF,1082106,BWI,1449,9,1627,17,0
4148,08/05/2018,19393,N275WN,4376,1473003,SDF,1082106,BWI,1950,0,2117,-3,4.030194512
4149,08/05/2018,19393,N7877H,3679,1473003,SDF,1129202,DEN,1207,7,1238,-7,4.030194512
4150,08/05/2018,19393,N705SW,1586,1473003,SDF,1288903,LAS,1546,6,1633,-2,4.030194512
4151,08/05/2018,19393,N202WN,5192,1473003,SDF,1320402,MCO,915,-5,1112,-13,4.030194512
4152,08/05/2018,19393,N728SW,3735,1473003,SDF,1323202,MDW,1813,18,1815,10,4.030194512
4153,08/05/2018,19393,N737JW,4543,1473003,SDF,1323202,MDW,1403,3,1408,-2,4.030194512
4154,08/05/2018,19393,N926WN,4881,1473003,SDF,1323202,MDW,716,-4,718,-12,4.030194512
4155,08/05/2018,19393,N403WN,4345,1473003,SDF,1410702,PHX,1932,37,1953,18,0
4156,08/05/2018,19393,N8606C,4875,1473003,SDF,1530402,TPA,859,-1,1054,-6,4.030194512
4157,08/05/2018,19393,N8600F,5567,1474703,SEA,1069302,BNA,1225,0,1852,2,4.030194512
4158,08/05/2018,19393,N946WN,4889,1474703,SEA,1082106,BWI,640,-5,1438,-7,4.030194512
4159,08/05/2018,19393,N931WN,2632,1474703,SEA,1125903,DAL,659,-1,1236,-19,4.030194512
4160,08/05/2018,19393,N961WN,2844,1474703,SEA,1129202,DEN,1126,-4,1506,-14,4.030194512
4161,08/05/2018,19393,N927WN,3999,1474703,SEA,1129202,DEN,541,1,905,-10,4.030194512
4162,08/05/2018,19393,N759GS,4299,1474703,SEA,1129202,DEN,1551,11,1921,1,4.030194512
4163,08/05/2018,19393,N7817J,4913,1474703,SEA,1129202,DEN,1407,2,1802,7,4.030194512
4164,08/05/2018,19393,N8576Z,2342,1474703,SEA,1219102,HOU,1222,2,1839,-11,4.030194512
4165,08/05/2018,19393,N464WN,3495,1474703,SEA,1288903,LAS,638,-2,855,-15,4.030194512
4166,08/05/2018,19393,N400WN,5142,1474703,SEA,1288903,LAS,2104,9,2318,-2,4.030194512
4167,08/05/2018,19393,N8718Q,5420,1474703,SEA,1288903,LAS,1710,15,1933,13,4.030194512
4168,08/05/2018,19393,N7840A,2879,1474703,SEA,1319801,MCI,1537,47,2046,31,0
4169,08/05/2018,19393,N8671D,4452,1474703,SEA,1323202,MDW,533,-2,1117,-13,4.030194512
4170,08/05/2018,19393,N7747C,4590,1474703,SEA,1323202,MDW,1254,-1,1848,-7,4.030194512
4171,08/05/2018,19393,N723SW,4730,1474703,SEA,1323202,MDW,1552,32,2148,28,0
4172,08/05/2018,19393,N8711Q,3223,1474703,SEA,1334207,MKE,1119,-1,1656,-14,4.030194512
4173,08/05/2018,19393,N8533S,3395,1474703,SEA,1379608,OAK,1400,45,1613,48,0
4174,08/05/2018,19393,N8523W,4450,1474703,SEA,1379608,OAK,634,-1,944,59,0
4175,08/05/2018,19393,N267WN,4456,1474703,SEA,1379608,OAK,1717,17,1910,5,4.030194512
4176,08/05/2018,19393,N8579Z,4696,1474703,SEA,1379608,OAK,2251,1,49,-6,4.030194512
4177,08/05/2018,19393,N703SW,5082,1474703,SEA,1379608,OAK,1111,11,1309,-6,4.030194512
4178,08/05/2018,19393,N8650F,3566,1474703,SEA,1410702,PHX,1017,-3,1317,-8,4.030194512
4179,08/05/2018,19393,N205WN,3959,1474703,SEA,1410702,PHX,1840,-5,2115,-20,4.030194512
4180,08/05/2018,19393,N8311Q,4633,1474703,SEA,1410702,PHX,1441,1,1728,-7,4.030194512
4181,08/05/2018,19393,N8562Z,4894,1474703,SEA,1410702,PHX,743,-2,1037,-3,4.030194512
4182,08/05/2018,19393,N8661A,4192,1474703,SEA,1467903,SAN,1807,-3,2055,-5,4.030194512
4183,08/05/2018,19393,N948WN,4375,1474703,SEA,1467903,SAN,913,-2,1150,-15,4.030194512
4184,08/05/2018,19393,N8518R,705,1474703,SEA,1483106,SJC,2030,20,2226,6,4.030194512
4185,08/05/2018,19393,N758SW,2673,1474703,SEA,1483106,SJC,1023,-2,1242,-3,4.030194512
4186,08/05/2018,19393,N7706A,4905,1474703,SEA,1483106,SJC,555,0,752,-8,4.030194512
4187,08/05/2018,19393,N292WN,2726,1474703,SEA,1489302,SMF,622,-3,801,-14,4.030194512
4188,08/05/2018,19393,N745SW,3049,1474703,SEA,1489302,SMF,1807,22,1957,17,0
4189,08/05/2018,19393,N8712L,3109,1474703,SEA,1489302,SMF,1235,0,1428,-7,4.030194512
4190,08/05/2018,19393,N427WN,3732,1474703,SEA,1489302,SMF,2029,-1,2205,-10,4.030194512
4191,08/05/2018,19393,N8514F,4359,1474703,SEA,1501606,STL,1004,-1,1550,-10,4.030194512
4192,08/05/2018,19393,N8637A,3544,1477104,SFO,1042302,AUS,1709,-6,2230,-20,4.030194512
4193,08/05/2018,19393,N8539V,1528,1477104,SFO,1080003,BUR,719,-1,830,0,4.030194512
4194,08/05/2018,19393,N7864B,4724,1477104,SFO,1080003,BUR,1245,20,1349,9,4.030194512
4195,08/05/2018,19393,N566WN,4741,1477104,SFO,1080003,BUR,2051,11,2152,-3,4.030194512
4196,08/05/2018,19393,N768SW,5176,1477104,SFO,1080003,BUR,1517,17,1623,8,4.030194512
4197,08/05/2018,19393,N8529Z,2784,1477104,SFO,1125903,DAL,615,15,1146,16,0
4198,08/05/2018,19393,N463WN,5569,1477104,SFO,1125903,DAL,1745,20,2255,0,4.030194512
4199,08/05/2018,19393,N204WN,4153,1477104,SFO,1129202,DEN,1602,37,1919,24,0
4200,08/05/2018,19393,N271LV,5088,1477104,SFO,1129202,DEN,1155,0,1528,3,4.030194512
4201,08/05/2018,19393,N422WN,5171,1477104,SFO,1129202,DEN,608,3,930,-10,4.030194512
4202,08/05/2018,19393,N7715E,2943,1477104,SFO,1288903,LAS,915,-5,1048,-2,4.030194512
4203,08/05/2018,19393,N456WN,3720,1477104,SFO,1288903,LAS,2230,25,2347,7,4.030194512
4204,08/05/2018,19393,N7837A,4092,1477104,SFO,1288903,LAS,1613,8,1734,-1,4.030194512
4205,08/05/2018,19393,N7817J,4407,1477104,SFO,1288903,LAS,726,1,845,-10,4.030194512
4206,08/05/2018,19393,N8697C,4586,1477104,SFO,1288903,LAS,545,-5,704,-11,4.030194512
4207,08/05/2018,19393,N461WN,4627,1477104,SFO,1288903,LAS,2020,55,2141,46,0
4208,08/05/2018,19393,N8573Z,5379,1477104,SFO,1288903,LAS,1135,0,1254,-16,4.030194512
4209,08/05/2018,19393,N7846A,1789,1477104,SFO,1289208,LAX,1916,46,2029,24,0
4210,08/05/2018,19393,N459WN,2814,1477104,SFO,1289208,LAX,1222,2,1335,-15,4.030194512
4211,08/05/2018,19393,N459WN,3856,1477104,SFO,1289208,LAX,801,-4,923,-12,4.030194512
4212,08/05/2018,19393,N459WN,3865,1477104,SFO,1289208,LAX,1640,10,1806,1,4.030194512
4213,08/05/2018,19393,N459WN,3867,1477104,SFO,1289208,LAX,2047,17,2208,8,4.030194512
4214,08/05/2018,19393,N431WN,4917,1477104,SFO,1289208,LAX,615,-5,741,-24,4.030194512
4215,08/05/2018,19393,N7846A,4922,1477104,SFO,1289208,LAX,1141,66,1301,56,0
4216,08/05/2018,19393,N7846A,4925,1477104,SFO,1289208,LAX,1538,68,1657,52,0
4217,08/05/2018,19393,N7846A,4934,1477104,SFO,1289208,LAX,2249,4,18,3,4.030194512
4218,08/05/2018,19393,N8640D,4210,1477104,SFO,1323202,MDW,1340,0,1945,-5,4.030194512
4219,08/05/2018,19393,N448WN,4966,1477104,SFO,1323202,MDW,544,-1,1129,-21,4.030194512
4220,08/05/2018,19393,N917WN,3912,1477104,SFO,1334207,MKE,956,16,1541,1,4.030194512
4221,08/05/2018,19393,N8635F,3758,1477104,SFO,1405702,PDX,658,-2,828,-12,4.030194512
4222,08/05/2018,19393,N768SW,5179,1477104,SFO,1405702,PDX,2026,116,2157,112,0
4223,08/05/2018,19393,N905WN,5236,1477104,SFO,1405702,PDX,1053,13,1223,3,4.030194512
4224,08/05/2018,19393,N279WN,3113,1477104,SFO,1410702,PHX,1706,56,1849,34,0
4225,08/05/2018,19393,N290WN,4799,1477104,SFO,1410702,PHX,2038,28,2227,17,0
4226,08/05/2018,19393,N294WN,4827,1477104,SFO,1410702,PHX,645,0,832,-13,4.030194512
4227,08/05/2018,19393,N7860A,5382,1477104,SFO,1410702,PHX,847,-3,1042,-8,4.030194512
4228,08/05/2018,19393,N7850B,4810,1477104,SFO,1467903,SAN,850,0,1037,12,4.030194512
4229,08/05/2018,19393,N7850B,4816,1477104,SFO,1467903,SAN,1351,36,1513,18,0
4230,08/05/2018,19393,N7850B,4819,1477104,SFO,1467903,SAN,1805,30,1939,29,0
4231,08/05/2018,19393,N7850B,4824,1477104,SFO,1467903,SAN,2219,29,2345,25,0
4232,08/05/2018,19393,N7866A,4951,1477104,SFO,1467903,SAN,614,-1,746,-14,4.030194512
4233,08/05/2018,19393,N7866A,4954,1477104,SFO,1467903,SAN,1043,-2,1205,-15,4.030194512
4234,08/05/2018,19393,N7866A,4956,1477104,SFO,1467903,SAN,1514,4,1638,-12,4.030194512
4235,08/05/2018,19393,N7866A,4960,1477104,SFO,1467903,SAN,1935,0,2103,-2,4.030194512
4236,08/05/2018,19393,N407WN,4178,1477104,SFO,1490803,SNA,1903,18,2033,13,4.030194512
4237,08/05/2018,19393,N920WN,5035,1477104,SFO,1490803,SNA,1414,-1,1551,1,4.030194512
4238,08/05/2018,19393,N8715Q,2997,1477104,SFO,1501606,STL,1243,-2,1816,-19,4.030194512
4239,08/05/2018,19393,N497WN,4201,1483106,SJC,1014005,ABQ,1705,0,2013,-2,4.030194512
4240,08/05/2018,19393,N7875A,1262,1483106,SJC,1042302,AUS,1818,8,2341,6,4.030194512
4241,08/05/2018,19393,N249WN,4258,1483106,SJC,1042302,AUS,639,-6,1208,-7,4.030194512
4242,08/05/2018,19393,N787SA,6596,1483106,SJC,1042302,AUS,1450,50,2009,39,0
4243,08/05/2018,19393,N7835A,4046,1483106,SJC,1071302,BOI,1315,0,1537,-3,4.030194512
4244,08/05/2018,19393,N8712L,461,1483106,SJC,1080003,BUR,2006,1,2107,2,4.030194512
4245,08/05/2018,19393,N200WN,1549,1483106,SJC,1080003,BUR,658,-2,756,-9,4.030194512
4246,08/05/2018,19393,N555LV,1845,1483106,SJC,1080003,BUR,949,-1,1050,0,4.030194512
4247,08/05/2018,19393,N467WN,2618,1483106,SJC,1080003,BUR,1458,18,1558,18,0
4248,08/05/2018,19393,N927WN,3999,1483106,SJC,1080003,BUR,1554,-1,1650,-5,4.030194512
4249,08/05/2018,19393,N277WN,4281,1483106,SJC,1080003,BUR,1716,-4,1812,-8,4.030194512
4250,08/05/2018,19393,N943WN,4791,1483106,SJC,1080003,BUR,1235,5,1333,3,4.030194512
4251,08/05/2018,19393,N8654B,4054,1483106,SJC,1082106,BWI,643,-2,1446,-9,4.030194512
4252,08/05/2018,19393,N7830A,4597,1483106,SJC,1125903,DAL,638,-2,1150,-20,4.030194512
4253,08/05/2018,19393,N942WN,5114,1483106,SJC,1125903,DAL,1605,20,2132,22,0
4254,08/05/2018,19393,N8607M,734,1483106,SJC,1129202,DEN,1308,3,1628,-2,4.030194512
4255,08/05/2018,19393,N443WN,1208,1483106,SJC,1129202,DEN,633,3,948,-12,4.030194512
4256,08/05/2018,19393,N938WN,4323,1483106,SJC,1129202,DEN,1618,8,1923,-12,4.030194512
4257,08/05/2018,19393,N555LV,5119,1483106,SJC,1129202,DEN,2205,-10,114,-26,4.030194512
4258,08/05/2018,19393,N248WN,3339,1483106,SJC,1188402,GEG,1506,26,1658,23,0
4259,08/05/2018,19393,N438WN,5394,1483106,SJC,1219102,HOU,1109,39,1701,41,0
4260,08/05/2018,19393,N445WN,2619,1483106,SJC,1288903,LAS,1720,35,1836,31,0
4261,08/05/2018,19393,N8580Z,2954,1483106,SJC,1288903,LAS,1408,8,1522,2,4.030194512
4262,08/05/2018,19393,N959WN,3043,1483106,SJC,1288903,LAS,1113,8,1230,5,4.030194512
4263,08/05/2018,19393,N485WN,3354,1483106,SJC,1288903,LAS,1919,84,2045,90,0
4264,08/05/2018,19393,N489WN,4372,1483106,SJC,1288903,LAS,2000,25,2116,21,0
4265,08/05/2018,19393,N219WN,4459,1483106,SJC,1288903,LAS,700,0,823,3,4.030194512
4266,08/05/2018,19393,N432WN,4527,1483106,SJC,1288903,LAS,1208,-2,1324,-6,4.030194512
4267,08/05/2018,19393,N7706A,4905,1483106,SJC,1288903,LAS,845,0,957,-8,4.030194512
4268,08/05/2018,19393,N443WN,4979,1483106,SJC,1288903,LAS,2207,-8,2324,-11,4.030194512
4269,08/05/2018,19393,N955WN,927,1483106,SJC,1289208,LAX,1810,10,1923,3,4.030194512
4270,08/05/2018,19393,N7864B,1569,1483106,SJC,1289208,LAX,1603,13,1715,5,4.030194512
4271,08/05/2018,19393,N420WN,1672,1483106,SJC,1289208,LAX,2218,3,2329,-6,4.030194512
4272,08/05/2018,19393,N786SW,4082,1483106,SJC,1289208,LAX,1915,5,2031,1,4.030194512
4273,08/05/2018,19393,N414WN,4105,1483106,SJC,1289208,LAX,1405,15,1519,9,4.030194512
4274,08/05/2018,19393,N790SW,4442,1483106,SJC,1289208,LAX,1135,0,1252,-3,4.030194512
4275,08/05/2018,19393,N720WN,4714,1483106,SJC,1289208,LAX,2042,7,2158,3,4.030194512
4276,08/05/2018,19393,N7745A,4727,1483106,SJC,1289208,LAX,817,7,926,-4,4.030194512
4277,08/05/2018,19393,N401WN,4984,1483106,SJC,1289208,LAX,642,-3,755,-15,4.030194512
4278,08/05/2018,19393,N731SA,5078,1483106,SJC,1289208,LAX,953,48,1059,34,0
4279,08/05/2018,19393,N8566Z,2884,1483106,SJC,1320402,MCO,920,-5,1721,-19,4.030194512
4280,08/05/2018,19393,N8568Z,3652,1483106,SJC,1323202,MDW,659,-1,1243,-22,4.030194512
4281,08/05/2018,19393,N8651A,3041,1483106,SJC,1349505,MSY,1234,-1,1829,-16,4.030194512
4282,08/05/2018,19393,N793SA,136,1483106,SJC,1389101,ONT,2217,12,2320,5,4.030194512
4283,08/05/2018,19393,N209WN,4330,1483106,SJC,1389101,ONT,1452,27,1603,28,0
4284,08/05/2018,19393,N790SW,4438,1483106,SJC,1389101,ONT,821,1,927,-3,4.030194512
4285,08/05/2018,19393,N294WN,4831,1483106,SJC,1389101,ONT,1723,23,1829,19,0
4286,08/05/2018,19393,N420WN,4852,1483106,SJC,1389101,ONT,1905,10,2012,7,4.030194512
4287,08/05/2018,19393,N421LV,3955,1483106,SJC,1405702,PDX,2302,37,38,33,0
4288,08/05/2018,19393,N7708E,4378,1483106,SJC,1405702,PDX,1703,38,1839,34,0
4289,08/05/2018,19393,N295WN,4501,1483106,SJC,1405702,PDX,807,-8,941,-14,4.030194512
4290,08/05/2018,19393,N295WN,4510,1483106,SJC,1405702,PDX,1250,5,1420,-5,4.030194512
4291,08/05/2018,19393,N415WN,4987,1483106,SJC,1405702,PDX,2147,127,2322,122,0
4292,08/05/2018,19393,N440LV,4259,1483106,SJC,1410702,PHX,1444,19,1625,10,4.030194512
4293,08/05/2018,19393,N8706W,4859,1483106,SJC,1410702,PHX,1629,4,1811,-4,4.030194512
4294,08/05/2018,19393,N8574Z,5063,1483106,SJC,1410702,PHX,845,0,1029,-6,4.030194512
4295,08/05/2018,19393,N233LV,5097,1483106,SJC,1410702,PHX,1047,2,1237,2,4.030194512
4296,08/05/2018,19393,N797MX,5169,1483106,SJC,1410702,PHX,2125,5,2311,6,4.030194512
4297,08/05/2018,19393,N948WN,4375,1483106,SJC,1457002,RNO,1448,18,1542,17,0
4298,08/05/2018,19393,N8570W,22,1483106,SJC,1467903,SAN,1115,0,1236,1,4.030194512
4299,08/05/2018,19393,N405WN,463,1483106,SJC,1467903,SAN,1852,7,2007,2,4.030194512
4300,08/05/2018,19393,N269WN,2655,1483106,SJC,1467903,SAN,2011,-4,2125,-10,4.030194512
4301,08/05/2018,19393,N8643A,2865,1483106,SJC,1467903,SAN,1819,154,1936,151,0
4302,08/05/2018,19393,N798SW,2951,1483106,SJC,1467903,SAN,1838,43,1953,38,0
4303,08/05/2018,19393,N413WN,3230,1483106,SJC,1467903,SAN,1657,7,1815,5,4.030194512
4304,08/05/2018,19393,N211WN,4138,1483106,SJC,1467903,SAN,1224,4,1342,2,4.030194512
4305,08/05/2018,19393,N462WN,4219,1483106,SJC,1467903,SAN,1444,34,1606,36,0
4306,08/05/2018,19393,N746SW,4554,1483106,SJC,1467903,SAN,2053,-7,2211,-9,4.030194512
4307,08/05/2018,19393,N8544Z,4939,1483106,SJC,1467903,SAN,952,12,1112,7,4.030194512
4308,08/05/2018,19393,N8315C,4995,1483106,SJC,1467903,SAN,830,-5,944,-11,4.030194512
4309,08/05/2018,19393,N745SW,3048,1483106,SJC,1474703,SEA,1543,33,1733,23,0
4310,08/05/2018,19393,N242WN,4667,1483106,SJC,1474703,SEA,2236,71,26,61,0
4311,08/05/2018,19393,N7817J,4913,1483106,SJC,1474703,SEA,1129,-1,1325,-5,4.030194512
4312,08/05/2018,19393,N558WN,3723,1483106,SJC,1486903,SLC,1421,1,1652,-8,4.030194512
4313,08/05/2018,19393,N242WN,936,1483106,SJC,1490803,SNA,753,-2,909,-6,4.030194512
4314,08/05/2018,19393,N758SW,2673,1483106,SJC,1490803,SNA,1526,131,1637,127,0
4315,08/05/2018,19393,N431WN,3235,1483106,SJC,1490803,SNA,1013,53,1120,40,0
4316,08/05/2018,19393,N7825A,3368,1483106,SJC,1490803,SNA,1559,-1,1708,-7,4.030194512
4317,08/05/2018,19393,N7883A,3431,1483106,SJC,1490803,SNA,1904,19,2019,19,0
4318,08/05/2018,19393,N215WN,3793,1483106,SJC,1490803,SNA,2129,74,2241,71,0
4319,08/05/2018,19393,N450WN,4189,1483106,SJC,1490803,SNA,1800,10,1909,4,4.030194512
4320,08/05/2018,19393,N242WN,4274,1483106,SJC,1490803,SNA,1352,127,1502,122,0
4321,08/05/2018,19393,N214WN,5044,1483106,SJC,1490803,SNA,2129,19,2240,15,0
4322,08/05/2018,19393,N7716A,1326,1483106,SJC,1501606,STL,1041,21,1607,7,4.030194512
4323,08/05/2018,19393,N8668A,1594,1484306,SJU,1082106,BWI,1327,2,1727,-3,4.030194512
4324,08/05/2018,19393,N8572X,6591,1484306,SJU,1082106,BWI,1720,15,2119,9,4.030194512
4325,08/05/2018,19393,N436WN,3492,1484306,SJU,1169706,FLL,1028,-2,1255,-15,4.030194512
4326,08/05/2018,19393,N234WN,4683,1484306,SJU,1169706,FLL,1938,-7,2208,-17,4.030194512
4327,08/05/2018,19393,N253WN,4906,1484306,SJU,1169706,FLL,633,-2,904,-16,4.030194512
4328,08/05/2018,19393,N453WN,5364,1484306,SJU,1169706,FLL,1617,17,1844,-1,4.030194512
4329,08/05/2018,19393,N445WN,2619,1484306,SJU,1219102,HOU,720,0,1044,-11,4.030194512
4330,08/05/2018,19393,N8606C,4879,1484306,SJU,1219102,HOU,1539,-1,1904,-11,4.030194512
4331,08/05/2018,19393,N8306H,2592,1484306,SJU,1320402,MCO,2001,36,2243,23,0
4332,08/05/2018,19393,N8642E,2866,1484306,SJU,1320402,MCO,2119,19,2400,5,4.030194512
4333,08/05/2018,19393,N8677A,2967,1484306,SJU,1320402,MCO,1750,0,2038,-12,4.030194512
4334,08/05/2018,19393,N8320J,3164,1484306,SJU,1320402,MCO,1432,-3,1716,-24,4.030194512
4335,08/05/2018,19393,N8691A,3701,1484306,SJU,1320402,MCO,1258,-2,1543,-22,4.030194512
4336,08/05/2018,19393,N8563Z,4050,1484306,SJU,1320402,MCO,1001,-4,1240,-25,4.030194512
4337,08/05/2018,19393,N8619F,5008,1484306,SJU,1320402,MCO,553,3,837,-13,4.030194512
4338,08/05/2018,19393,N8515X,3573,1484306,SJU,1323202,MDW,1712,27,2053,13,4.030194512
4339,08/05/2018,19393,N8692F,457,1484306,SJU,1530402,TPA,1406,1,1655,-15,4.030194512
4340,08/05/2018,19393,N222WN,3098,1484306,SJU,1530402,TPA,1809,-6,2058,-17,4.030194512
4341,08/05/2018,19393,N7822A,3332,1486903,SLC,1080003,BUR,1029,-1,1110,-5,4.030194512
4342,08/05/2018,19393,N8696E,5026,1486903,SLC,1082106,BWI,841,6,1446,6,4.030194512
4343,08/05/2018,19393,N921WN,3080,1486903,SLC,1125903,DAL,1355,40,1713,28,0
4344,08/05/2018,19393,N7867A,2744,1486903,SLC,1129202,DEN,2127,12,2236,1,4.030194512
4345,08/05/2018,19393,N908WN,2868,1486903,SLC,1129202,DEN,1058,13,1204,-1,4.030194512
4346,08/05/2018,19393,N8302F,5018,1486903,SLC,1129202,DEN,755,-5,909,-16,4.030194512
4347,08/05/2018,19393,N781WN,5141,1486903,SLC,1129202,DEN,1630,120,1739,109,0
4348,08/05/2018,19393,N283WN,5194,1486903,SLC,1129202,DEN,1715,5,1826,-9,4.030194512
4349,08/05/2018,19393,N715SW,3377,1486903,SLC,1288903,LAS,1156,-4,1204,-11,4.030194512
4350,08/05/2018,19393,N435WN,4611,1486903,SLC,1288903,LAS,739,-1,757,-3,4.030194512
4351,08/05/2018,19393,N7823A,4974,1486903,SLC,1288903,LAS,1815,5,1826,1,4.030194512
4352,08/05/2018,19393,N557WN,5477,1486903,SLC,1289208,LAX,2053,108,2155,110,0
4353,08/05/2018,19393,N428WN,5548,1486903,SLC,1289208,LAX,703,-2,748,-12,4.030194512
4354,08/05/2018,19393,N7843A,2796,1486903,SLC,1323202,MDW,2313,393,302,382,0
4355,08/05/2018,19393,N932WN,5028,1486903,SLC,1323202,MDW,724,-1,1115,-10,4.030194512
4356,08/05/2018,19393,N8579Z,4693,1486903,SLC,1379608,OAK,1855,35,1928,23,0
4357,08/05/2018,19393,N7814B,5021,1486903,SLC,1379608,OAK,555,5,645,5,4.030194512
4358,08/05/2018,19393,N461WN,4625,1486903,SLC,1410702,PHX,1615,40,1652,37,0
4359,08/05/2018,19393,N7832A,4686,1486903,SLC,1410702,PHX,2029,-1,2108,-2,4.030194512
4360,08/05/2018,19393,N8647A,5013,1486903,SLC,1410702,PHX,1312,192,1345,185,0
4361,08/05/2018,19393,N920WN,5032,1486903,SLC,1410702,PHX,620,0,653,3,4.030194512
4362,08/05/2018,19393,N797MX,5041,1486903,SLC,1410702,PHX,811,-4,846,-4,4.030194512
4363,08/05/2018,19393,N558WN,3723,1486903,SLC,1467903,SAN,1749,14,1834,9,4.030194512
4364,08/05/2018,19393,N8643A,2865,1486903,SLC,1483106,SJC,1659,179,1739,164,0
4365,08/05/2018,19393,N294WN,4827,1486903,SLC,1489302,SMF,1242,-3,1314,-6,4.030194512
4366,08/05/2018,19393,N7704B,3338,1489302,SMF,1042302,AUS,800,0,1308,-17,4.030194512
4367,08/05/2018,19393,N745SW,3090,1489302,SMF,1071302,BOI,1124,9,1340,10,4.030194512
4368,08/05/2018,19393,N764SW,3844,1489302,SMF,1080003,BUR,1759,-6,1904,-11,4.030194512
4369,08/05/2018,19393,N212WN,4477,1489302,SMF,1080003,BUR,1539,-1,1645,-5,4.030194512
4370,08/05/2018,19393,N294WN,4827,1489302,SMF,1080003,BUR,1402,12,1505,5,4.030194512
4371,08/05/2018,19393,N414WN,5072,1489302,SMF,1080003,BUR,649,-6,753,-12,4.030194512
4372,08/05/2018,19393,N942WN,5114,1489302,SMF,1080003,BUR,849,-1,957,-3,4.030194512
4373,08/05/2018,19393,N768SW,5173,1489302,SMF,1080003,BUR,1128,-7,1238,-7,4.030194512
4374,08/05/2018,19393,N458WN,5465,1489302,SMF,1080003,BUR,2035,10,2146,11,4.030194512
4375,08/05/2018,19393,N8676A,5069,1489302,SMF,1082106,BWI,635,-5,1422,-13,4.030194512
4376,08/05/2018,19393,N8525S,1759,1489302,SMF,1125903,DAL,903,-2,1401,-19,4.030194512
4377,08/05/2018,19393,N790SW,3269,1489302,SMF,1129202,DEN,1553,3,1855,-10,4.030194512
4378,08/05/2018,19393,N402WN,3426,1489302,SMF,1129202,DEN,1309,-1,1623,-2,4.030194512
4379,08/05/2018,19393,N741SA,4324,1489302,SMF,1129202,DEN,2303,78,207,67,0
4380,08/05/2018,19393,N940WN,5484,1489302,SMF,1129202,DEN,628,-2,930,-15,4.030194512
4381,08/05/2018,19393,N242WN,3792,1489302,SMF,1188402,GEG,1747,137,1922,132,0
4382,08/05/2018,19393,N7837A,3692,1489302,SMF,1288903,LAS,1155,0,1309,-6,4.030194512
4383,08/05/2018,19393,N927WN,4638,1489302,SMF,1288903,LAS,1911,6,2027,2,4.030194512
4384,08/05/2018,19393,N759GS,4681,1489302,SMF,1288903,LAS,1041,6,1152,-3,4.030194512
4385,08/05/2018,19393,N228WN,4845,1489302,SMF,1288903,LAS,1824,34,1937,27,0
4386,08/05/2018,19393,N445WN,5009,1489302,SMF,1288903,LAS,2231,26,2335,10,4.030194512
4387,08/05/2018,19393,N267WN,5045,1489302,SMF,1288903,LAS,609,-1,717,-13,4.030194512
4388,08/05/2018,19393,N8531Q,5095,1489302,SMF,1288903,LAS,1440,5,1550,-5,4.030194512
4389,08/05/2018,19393,N767SW,5302,1489302,SMF,1288903,LAS,851,1,1004,-6,4.030194512
4390,08/05/2018,19393,N7751A,499,1489302,SMF,1289208,LAX,1047,2,1214,-1,4.030194512
4391,08/05/2018,19393,N565WN,579,1489302,SMF,1289208,LAX,1605,0,1725,-5,4.030194512
4392,08/05/2018,19393,N745SW,3049,1489302,SMF,1289208,LAX,2031,21,2215,40,0
4393,08/05/2018,19393,N559WN,4022,1489302,SMF,1289208,LAX,2220,25,2336,16,0
4394,08/05/2018,19393,N282WN,4496,1489302,SMF,1289208,LAX,1331,6,1448,-7,4.030194512
4395,08/05/2018,19393,N215WN,4669,1489302,SMF,1289208,LAX,1747,17,1910,10,4.030194512
4396,08/05/2018,19393,N224WN,4790,1489302,SMF,1289208,LAX,931,16,1053,8,4.030194512
4397,08/05/2018,19393,N742SW,5496,1489302,SMF,1289208,LAX,624,-1,741,-14,4.030194512
4398,08/05/2018,19393,N7824A,3578,1489302,SMF,1295406,LGB,1930,0,2042,-8,4.030194512
4399,08/05/2018,19393,N7702A,3721,1489302,SMF,1295406,LGB,843,-2,1001,-9,4.030194512
4400,08/05/2018,19393,N8644C,3591,1489302,SMF,1320402,MCO,1010,0,1803,-17,4.030194512
4401,08/05/2018,19393,N8665D,5519,1489302,SMF,1323202,MDW,656,-4,1232,-23,4.030194512
4402,08/05/2018,19393,N7717D,5182,1489302,SMF,1349505,MSY,1243,8,1831,-9,4.030194512
4403,08/05/2018,19393,N205WN,608,1489302,SMF,1389101,ONT,654,-1,801,-9,4.030194512
4404,08/05/2018,19393,N205WN,2760,1489302,SMF,1389101,ONT,1036,-4,1143,-17,4.030194512
4405,08/05/2018,19393,N293WN,2858,1489302,SMF,1389101,ONT,1649,4,1801,1,4.030194512
4406,08/05/2018,19393,N7708E,3120,1489302,SMF,1389101,ONT,2121,36,2232,32,0
4407,08/05/2018,19393,N711HK,3284,1489302,SMF,1389101,ONT,1450,10,1600,5,4.030194512
4408,08/05/2018,19393,N421LV,3612,1489302,SMF,1405702,PDX,1847,37,2009,34,0
4409,08/05/2018,19393,N764SW,3845,1489302,SMF,1405702,PDX,2143,-2,2307,-3,4.030194512
4410,08/05/2018,19393,N467WN,3903,1489302,SMF,1405702,PDX,1018,-2,1137,-13,4.030194512
4411,08/05/2018,19393,N271LV,5083,1489302,SMF,1405702,PDX,720,-5,843,-7,4.030194512
4412,08/05/2018,19393,N201LV,2940,1489302,SMF,1410702,PHX,857,-3,1036,-14,4.030194512
4413,08/05/2018,19393,N251WN,3298,1489302,SMF,1410702,PHX,1637,7,1818,-2,4.030194512
4414,08/05/2018,19393,N715SW,4592,1489302,SMF,1410702,PHX,2007,12,2145,0,4.030194512
4415,08/05/2018,19393,N232WN,5098,1489302,SMF,1410702,PHX,622,-3,802,-13,4.030194512
4416,08/05/2018,19393,N276WN,5566,1489302,SMF,1410702,PHX,1350,30,1528,18,0
4417,08/05/2018,19393,N8712L,3109,1489302,SMF,1467903,SAN,1535,5,1705,10,4.030194512
4418,08/05/2018,19393,N8688J,4209,1489302,SMF,1467903,SAN,1951,36,2111,26,0
4419,08/05/2018,19393,N955WN,4236,1489302,SMF,1467903,SAN,1409,-1,1534,-6,4.030194512
4420,08/05/2018,19393,N783SW,4943,1489302,SMF,1467903,SAN,1154,-1,1317,-3,4.030194512
4421,08/05/2018,19393,N200WN,5001,1489302,SMF,1467903,SAN,1736,11,1859,9,4.030194512
4422,08/05/2018,19393,N8531Q,5094,1489302,SMF,1467903,SAN,956,-4,1121,-9,4.030194512
4423,08/05/2018,19393,N292WN,5100,1489302,SMF,1467903,SAN,848,-2,1013,-7,4.030194512
4424,08/05/2018,19393,N555LV,5116,1489302,SMF,1467903,SAN,1814,-6,1936,-9,4.030194512
4425,08/05/2018,19393,N8601C,5386,1489302,SMF,1467903,SAN,2153,3,2308,-7,4.030194512
4426,08/05/2018,19393,N278WN,5697,1489302,SMF,1467903,SAN,736,-4,900,-10,4.030194512
4427,08/05/2018,19393,N413WN,3232,1489302,SMF,1474703,SEA,2052,-3,2233,-12,4.030194512
4428,08/05/2018,19393,N723SW,4730,1489302,SMF,1474703,SEA,1326,31,1515,30,0
4429,08/05/2018,19393,N703SW,5080,1489302,SMF,1474703,SEA,832,2,1029,9,4.030194512
4430,08/05/2018,19393,N400WN,5142,1489302,SMF,1474703,SEA,1845,15,2030,10,4.030194512
4431,08/05/2018,19393,N7823A,4972,1489302,SMF,1486903,SLC,1511,1,1728,-12,4.030194512
4432,08/05/2018,19393,N443WN,1208,1489302,SMF,1490803,SNA,1842,12,1956,1,4.030194512
4433,08/05/2018,19393,N464WN,3057,1489302,SMF,1490803,SNA,2045,0,2203,-7,4.030194512
4434,08/05/2018,19393,N209WN,4326,1489302,SMF,1490803,SNA,1040,0,1202,-8,4.030194512
4435,08/05/2018,19393,N720WN,4753,1489302,SMF,1490803,SNA,1345,5,1506,1,4.030194512
4436,08/05/2018,19393,N932WN,5028,1489302,SMF,1490803,SNA,1646,1,1819,9,4.030194512
4437,08/05/2018,19393,N7819A,5055,1489302,SMF,1490803,SNA,722,-3,846,-4,4.030194512
4438,08/05/2018,19393,N288WN,3149,1489302,SMF,1501606,STL,907,-3,1420,-25,4.030194512
4439,08/05/2018,19393,N563WN,2595,1490803,SNA,1014005,ABQ,1538,-2,1823,-2,4.030194512
4440,08/05/2018,19393,N922WN,2633,1490803,SNA,1125903,DAL,853,-2,1340,-10,4.030194512
4441,08/05/2018,19393,N437WN,3202,1490803,SNA,1129202,DEN,741,-4,1053,-17,4.030194512
4442,08/05/2018,19393,N7735A,3316,1490803,SNA,1129202,DEN,1539,94,1839,79,0
4443,08/05/2018,19393,N432WN,3727,1490803,SNA,1129202,DEN,1555,10,1858,-2,4.030194512
4444,08/05/2018,19393,N450WN,4189,1490803,SNA,1129202,DEN,1944,-1,2238,-17,4.030194512
4445,08/05/2018,19393,N426WN,5137,1490803,SNA,1129202,DEN,932,2,1238,-2,4.030194512
4446,08/05/2018,19393,N489WN,5660,1490803,SNA,1129202,DEN,1206,1,1510,-10,4.030194512
4447,08/05/2018,19393,N203WN,5159,1490803,SNA,1219102,HOU,1046,1,1554,-1,4.030194512
4448,08/05/2018,19393,N235WN,5505,1490803,SNA,1219102,HOU,1430,0,1939,-1,4.030194512
4449,08/05/2018,19393,N444WN,2623,1490803,SNA,1288903,LAS,1708,8,1803,-2,4.030194512
4450,08/05/2018,19393,N756SA,2843,1490803,SNA,1288903,LAS,1337,47,1459,64,0
4451,08/05/2018,19393,N7848A,4242,1490803,SNA,1288903,LAS,758,-2,912,2,4.030194512
4452,08/05/2018,19393,N720WN,4750,1490803,SNA,1288903,LAS,1547,7,1650,5,4.030194512
4453,08/05/2018,19393,N920WN,5036,1490803,SNA,1288903,LAS,2001,1,2106,6,4.030194512
4454,08/05/2018,19393,N7819A,5055,1490803,SNA,1288903,LAS,924,-1,1023,-7,4.030194512
4455,08/05/2018,19393,N266WN,3031,1490803,SNA,1323202,MDW,1140,0,1738,8,4.030194512
4456,08/05/2018,19393,N557WN,952,1490803,SNA,1379608,OAK,945,-5,1100,-10,4.030194512
4457,08/05/2018,19393,N932WN,1551,1490803,SNA,1379608,OAK,1922,-3,2032,-8,4.030194512
4458,08/05/2018,19393,N758SW,2676,1490803,SNA,1379608,OAK,1719,139,1830,130,0
4459,08/05/2018,19393,N7883A,3434,1490803,SNA,1379608,OAK,2054,4,2208,3,4.030194512
4460,08/05/2018,19393,N7726A,3757,1490803,SNA,1379608,OAK,1810,0,1924,-1,4.030194512
4461,08/05/2018,19393,N405WN,5110,1490803,SNA,1379608,OAK,816,1,928,-7,4.030194512
4462,08/05/2018,19393,N431WN,5291,1490803,SNA,1379608,OAK,1155,40,1307,32,0
4463,08/05/2018,19393,N7825A,3368,1490803,SNA,1410702,PHX,1747,-3,1858,-7,4.030194512
4464,08/05/2018,19393,N557WN,3804,1490803,SNA,1410702,PHX,1408,8,1518,3,4.030194512
4465,08/05/2018,19393,N7703A,4088,1490803,SNA,1410702,PHX,934,-1,1042,-3,4.030194512
4466,08/05/2018,19393,N407WN,4178,1490803,SNA,1410702,PHX,2115,10,2224,4,4.030194512
4467,08/05/2018,19393,N920WN,5035,1490803,SNA,1410702,PHX,1624,-1,1735,-5,4.030194512
4468,08/05/2018,19393,N788SA,5129,1490803,SNA,1410702,PHX,745,0,905,-5,4.030194512
4469,08/05/2018,19393,N920WN,1875,1490803,SNA,1477104,SFO,1208,-2,1326,-9,4.030194512
4470,08/05/2018,19393,N566WN,4739,1490803,SNA,1477104,SFO,1858,18,2016,16,0
4471,08/05/2018,19393,N485WN,3354,1490803,SNA,1483106,SJC,1729,74,1837,72,0
4472,08/05/2018,19393,N242WN,3789,1490803,SNA,1483106,SJC,959,-1,1110,-5,4.030194512
4473,08/05/2018,19393,N555LV,3858,1490803,SNA,1483106,SJC,743,-2,908,-2,4.030194512
4474,08/05/2018,19393,N209WN,4080,1490803,SNA,1483106,SJC,1242,-3,1351,-4,4.030194512
4475,08/05/2018,19393,N938WN,4323,1490803,SNA,1483106,SJC,1428,-2,1539,-1,4.030194512
4476,08/05/2018,19393,N489WN,4372,1490803,SNA,1483106,SJC,1814,19,1925,20,0
4477,08/05/2018,19393,N443WN,4979,1490803,SNA,1483106,SJC,2030,0,2138,-2,4.030194512
4478,08/05/2018,19393,N797MX,5042,1490803,SNA,1483106,SJC,1923,-2,2032,-3,4.030194512
4479,08/05/2018,19393,N233LV,5097,1490803,SNA,1483106,SJC,900,0,1008,-7,4.030194512
4480,08/05/2018,19393,N242WN,3792,1490803,SNA,1489302,SMF,1549,134,1712,132,0
4481,08/05/2018,19393,N715SW,4592,1490803,SNA,1489302,SMF,1815,15,1938,18,0
4482,08/05/2018,19393,N228WN,4845,1490803,SNA,1489302,SMF,1623,28,1750,30,0
4483,08/05/2018,19393,N7751A,5122,1490803,SNA,1489302,SMF,851,1,1010,-5,4.030194512
4484,08/05/2018,19393,N7717D,5182,1490803,SNA,1489302,SMF,1042,2,1156,-9,4.030194512
4485,08/05/2018,19393,N7818L,5390,1490803,SNA,1489302,SMF,1953,-2,2108,-7,4.030194512
4486,08/05/2018,19393,N7888A,2714,1501606,STL,1039707,ATL,1307,-3,1539,-6,4.030194512
4487,08/05/2018,19393,N967WN,3712,1501606,STL,1039707,ATL,1956,31,2227,27,0
4488,08/05/2018,19393,N426WN,3875,1501606,STL,1039707,ATL,1732,17,2003,8,4.030194512
4489,08/05/2018,19393,N966WN,4123,1501606,STL,1039707,ATL,720,-5,955,-5,4.030194512
4490,08/05/2018,19393,N8600F,3790,1501606,STL,1042302,AUS,2153,-2,2341,-9,4.030194512
4491,08/05/2018,19393,N216WR,632,1501606,STL,1069302,BNA,954,4,1052,-3,4.030194512
4492,08/05/2018,19393,N208WN,946,1501606,STL,1069302,BNA,1942,7,2040,5,4.030194512
4493,08/05/2018,19393,N401WN,4984,1501606,STL,1069302,BNA,1635,0,1736,1,4.030194512
4494,08/05/2018,19393,N912WN,3519,1501606,STL,1072102,BOS,1626,1,1957,-3,4.030194512
4495,08/05/2018,19393,N749SW,3807,1501606,STL,1072102,BOS,1935,5,2259,-6,4.030194512
4496,08/05/2018,19393,N8632A,4360,1501606,STL,1072102,BOS,947,2,1328,8,4.030194512
4497,08/05/2018,19393,N451WN,446,1501606,STL,1082106,BWI,1741,21,2028,13,4.030194512
4498,08/05/2018,19393,N760SW,3485,1501606,STL,1082106,BWI,1343,3,1632,-8,4.030194512
4499,08/05/2018,19393,N7730A,3633,1501606,STL,1082106,BWI,1553,28,1852,32,0
4500,08/05/2018,19393,N744SW,4385,1501606,STL,1082106,BWI,2039,-6,2326,-14,4.030194512
4501,08/05/2018,19393,N8656B,4855,1501606,STL,1082106,BWI,941,-4,1233,-12,4.030194512
4502,08/05/2018,19393,N245WN,4047,1501606,STL,1099402,CHS,950,0,1243,-2,4.030194512
4503,08/05/2018,19393,N7856A,4039,1501606,STL,1104205,CLE,1005,0,1232,2,4.030194512
4504,08/05/2018,19393,N785SW,4181,1501606,STL,1104205,CLE,2000,30,2229,34,0
4505,08/05/2018,19393,N278WN,5697,1501606,STL,1104205,CLE,1556,1,1825,5,4.030194512
4506,08/05/2018,19393,N7727A,156,1501606,STL,1106606,CMH,1952,22,2202,17,0
4507,08/05/2018,19393,N739GB,5140,1501606,STL,1106606,CMH,956,1,1220,5,4.030194512
4508,08/05/2018,19393,N465WN,712,1501606,STL,1125903,DAL,1505,0,1635,-5,4.030194512
4509,08/05/2018,19393,N945WN,3250,1501606,STL,1125903,DAL,1830,55,1954,44,0
4510,08/05/2018,19393,N268WN,3478,1501606,STL,1125903,DAL,1202,2,1326,-9,4.030194512
4511,08/05/2018,19393,N297WN,5145,1501606,STL,1125903,DAL,757,-3,921,-14,4.030194512
4512,08/05/2018,19393,N488WN,5146,1501606,STL,1125903,DAL,612,-3,738,-12,4.030194512
4513,08/05/2018,19393,N8534Z,5327,1501606,STL,1125903,DAL,2140,5,2307,-3,4.030194512
4514,08/05/2018,19393,N288WN,3149,1501606,STL,1127805,DCA,1525,0,1814,-6,4.030194512
4515,08/05/2018,19393,N915WN,4116,1501606,STL,1127805,DCA,924,-1,1218,-2,4.030194512
4516,08/05/2018,19393,N751SW,4320,1501606,STL,1127805,DCA,1958,-2,2244,-6,4.030194512
4517,08/05/2018,19393,N457WN,5700,1501606,STL,1127805,DCA,1150,0,1439,-6,4.030194512
4518,08/05/2018,19393,N775SW,2896,1501606,STL,1129202,DEN,1339,4,1445,0,4.030194512
4519,08/05/2018,19393,N7746C,3068,1501606,STL,1129202,DEN,1731,71,1841,71,0
4520,08/05/2018,19393,N7722B,3390,1501606,STL,1129202,DEN,1940,50,2107,62,0
4521,08/05/2018,19393,N8719Q,3502,1501606,STL,1129202,DEN,2149,-6,2300,-10,4.030194512
4522,08/05/2018,19393,N214WN,5106,1501606,STL,1129202,DEN,606,-9,714,-16,4.030194512
4523,08/05/2018,19393,N7829B,5294,1501606,STL,1129202,DEN,852,-3,958,-12,4.030194512
4524,08/05/2018,19393,N277WN,4281,1501606,STL,1142306,DSM,1200,-5,1257,-8,4.030194512
4525,08/05/2018,19393,N229WN,4712,1501606,STL,1142306,DSM,2137,-8,2235,-10,4.030194512
4526,08/05/2018,19393,N478WN,3275,1501606,STL,1143302,DTW,950,5,1213,3,4.030194512
4527,08/05/2018,19393,N907WN,3303,1501606,STL,1143302,DTW,1626,1,1848,-2,4.030194512
4528,08/05/2018,19393,N7738A,3734,1501606,STL,1143302,DTW,2005,-5,2230,-5,4.030194512
4529,08/05/2018,19393,N446WN,4198,1501606,STL,1148102,ECP,1211,1,1354,-1,4.030194512
4530,08/05/2018,19393,N8558Z,458,1501606,STL,1161802,EWR,949,4,1309,4,4.030194512
4531,08/05/2018,19393,N902WN,5573,1501606,STL,1161802,EWR,2056,16,4,9,4.030194512
4532,08/05/2018,19393,N907WN,3305,1501606,STL,1169706,FLL,2028,-2,1,-14,4.030194512
4533,08/05/2018,19393,N272WN,5187,1501606,STL,1169706,FLL,800,-5,1133,-17,4.030194512
4534,08/05/2018,19393,N936WN,2953,1501606,STL,1219102,HOU,838,-2,1035,-5,4.030194512
4535,08/05/2018,19393,N457WN,3335,1501606,STL,1219102,HOU,1743,13,1929,-1,4.030194512
4536,08/05/2018,19393,N8553W,3813,1501606,STL,1219102,HOU,2216,-4,1,-14,4.030194512
4537,08/05/2018,19393,N7717D,5182,1501606,STL,1219102,HOU,537,-3,730,-10,4.030194512
4538,08/05/2018,19393,N7728D,3251,1501606,STL,1227805,ICT,2156,1,2306,-4,4.030194512
4539,08/05/2018,19393,N458WN,5465,1501606,STL,1227805,ICT,1228,-2,1335,-10,4.030194512
4540,08/05/2018,19393,N8559Q,1860,1501606,STL,1288903,LAS,1524,94,1644,89,0
4541,08/05/2018,19393,N8710M,3451,1501606,STL,1288903,LAS,529,-1,646,-4,4.030194512
4542,08/05/2018,19393,N8660A,4128,1501606,STL,1288903,LAS,859,4,1014,-6,4.030194512
4543,08/05/2018,19393,N8715Q,4216,1501606,STL,1288903,LAS,1936,6,2057,2,4.030194512
4544,08/05/2018,19393,N8528Q,4309,1501606,STL,1288903,LAS,1540,0,1651,-14,4.030194512
4545,08/05/2018,19393,N768SW,3671,1501606,STL,1289208,LAX,643,-2,854,9,4.030194512
4546,08/05/2018,19393,N7856A,4041,1501606,STL,1289208,LAX,1413,3,1609,-1,4.030194512
4547,08/05/2018,19393,N8574Z,5063,1501606,STL,1289208,LAX,2002,17,2149,4,4.030194512
4548,08/05/2018,19393,N434WN,3927,1501606,STL,1295304,LGA,1017,22,1326,11,4.030194512
4549,08/05/2018,19393,N258WN,4394,1501606,STL,1295304,LGA,1946,1,2300,-5,4.030194512
4550,08/05/2018,19393,N7849A,5245,1501606,STL,1295304,LGA,1253,-2,1610,-10,4.030194512
4551,08/05/2018,19393,N414WN,4105,1501606,STL,1299206,LIT,2205,10,2300,5,4.030194512
4552,08/05/2018,19393,N795SW,4676,1501606,STL,1299206,LIT,1200,0,1259,-6,4.030194512
4553,08/05/2018,19393,N285WN,3081,1501606,STL,1319801,MCI,2151,-4,2245,-10,4.030194512
4554,08/05/2018,19393,N7730A,3629,1501606,STL,1319801,MCI,1216,11,1313,8,4.030194512
4555,08/05/2018,19393,N7712G,4113,1501606,STL,1319801,MCI,1511,-4,1606,-9,4.030194512
4556,08/05/2018,19393,N7815L,2867,1501606,STL,1320402,MCO,611,-4,920,-10,4.030194512
4557,08/05/2018,19393,N478WN,3279,1501606,STL,1320402,MCO,1356,-4,1711,-9,4.030194512
4558,08/05/2018,19393,N8716B,4367,1501606,STL,1320402,MCO,1957,27,2314,29,0
4559,08/05/2018,19393,N7827A,5137,1501606,STL,1320402,MCO,1657,2,2013,-2,4.030194512
4560,08/05/2018,19393,N7721E,5238,1501606,STL,1320402,MCO,1051,1,1406,-4,4.030194512
4561,08/05/2018,19393,N7836A,3092,1501606,STL,1323202,MDW,946,6,1045,0,4.030194512
4562,08/05/2018,19393,N7750A,3896,1501606,STL,1323202,MDW,1105,0,1208,-2,4.030194512
4563,08/05/2018,19393,N552WN,4322,1501606,STL,1323202,MDW,2048,-7,2148,-7,4.030194512
4564,08/05/2018,19393,N8514F,4359,1501606,STL,1323202,MDW,1652,2,1751,1,4.030194512
4565,08/05/2018,19393,N250WN,4662,1501606,STL,1323202,MDW,1821,-9,1928,-7,4.030194512
4566,08/05/2018,19393,N429WN,5161,1501606,STL,1323202,MDW,704,-1,810,0,4.030194512
4567,08/05/2018,19393,N7849A,2822,1501606,STL,1334207,MKE,913,-2,1017,-8,4.030194512
4568,08/05/2018,19393,N962WN,2940,1501606,STL,1334207,MKE,1709,-1,1815,0,4.030194512
4569,08/05/2018,19393,N915WN,5531,1501606,STL,1348702,MSP,2223,28,2356,36,0
4570,08/05/2018,19393,N7862A,5560,1501606,STL,1348702,MSP,1220,5,1347,2,4.030194512
4571,08/05/2018,19393,N712SW,2607,1501606,STL,1349505,MSY,1434,-1,1610,-5,4.030194512
4572,08/05/2018,19393,N748SW,3644,1501606,STL,1349505,MSY,859,-6,1033,-12,4.030194512
4573,08/05/2018,19393,N769SW,4055,1501606,STL,1349505,MSY,2004,34,2139,29,0
4574,08/05/2018,19393,N953WN,3418,1501606,STL,1379608,OAK,1438,8,1652,12,4.030194512
4575,08/05/2018,19393,N477WN,3103,1501606,STL,1385103,OKC,1207,2,1324,-6,4.030194512
4576,08/05/2018,19393,N918WN,3546,1501606,STL,1385103,OKC,2140,-5,2300,-5,4.030194512
4577,08/05/2018,19393,N7711N,132,1501606,STL,1387102,OMA,2142,-3,2248,-7,4.030194512
4578,08/05/2018,19393,N430WN,3949,1501606,STL,1387102,OMA,1209,-6,1323,-2,4.030194512
4579,08/05/2018,19393,N494WN,5539,1501606,STL,1387102,OMA,1603,-7,1705,-15,4.030194512
4580,08/05/2018,19393,N8617E,4975,1501606,STL,1405702,PDX,1436,16,1638,8,4.030194512
4581,08/05/2018,19393,N8323C,3172,1501606,STL,1410005,PHL,1621,-4,1926,-4,4.030194512
4582,08/05/2018,19393,N7702A,3387,1501606,STL,1410005,PHL,1957,22,2301,21,0
4583,08/05/2018,19393,N258WN,4393,1501606,STL,1410005,PHL,941,1,1243,-2,4.030194512
4584,08/05/2018,19393,N424WN,1681,1501606,STL,1410702,PHX,1646,6,1800,10,4.030194512
4585,08/05/2018,19393,N8309C,2771,1501606,STL,1410702,PHX,2007,17,2110,10,4.030194512
4586,08/05/2018,19393,N8638A,3697,1501606,STL,1410702,PHX,1000,5,1058,-7,4.030194512
4587,08/05/2018,19393,N283WN,4033,1501606,STL,1410702,PHX,714,-1,815,-15,4.030194512
4588,08/05/2018,19393,N8720L,4234,1501606,STL,1412202,PIT,1209,9,1445,10,4.030194512
4589,08/05/2018,19393,N202WN,5192,1501606,STL,1412202,PIT,1650,0,1925,0,4.030194512
4590,08/05/2018,19393,N7716A,1326,1501606,STL,1449202,RDU,1647,2,1950,20,0
4591,08/05/2018,19393,N7734H,3907,1501606,STL,1449202,RDU,947,7,1232,2,4.030194512
4592,08/05/2018,19393,N8604K,3341,1501606,STL,1463502,RSW,2144,-1,101,-14,4.030194512
4593,08/05/2018,19393,N8559Q,5132,1501606,STL,1463502,RSW,847,97,1203,83,0
4594,08/05/2018,19393,N8645A,3618,1501606,STL,1467903,SAN,2105,5,2230,-15,4.030194512
4595,08/05/2018,19393,N473WN,3690,1501606,STL,1467903,SAN,1415,10,1546,-4,4.030194512
4596,08/05/2018,19393,N7861J,3146,1501606,STL,1468305,SAT,1206,-4,1410,-5,4.030194512
4597,08/05/2018,19393,N454WN,5370,1501606,STL,1468305,SAT,2136,-9,2331,-19,4.030194512
4598,08/05/2018,19393,N267WN,4456,1501606,STL,1474703,SEA,1406,1,1626,1,4.030194512
4599,08/05/2018,19393,N8637A,5412,1501606,STL,1477104,SFO,1410,5,1624,9,4.030194512
4600,08/05/2018,19393,N248WN,3339,1501606,STL,1483106,SJC,1216,11,1429,19,0
4601,08/05/2018,19393,N932WN,5028,1501606,STL,1489302,SMF,1403,-2,1602,-3,4.030194512
4602,08/05/2018,19393,N7854B,4835,1501606,STL,1530402,TPA,1124,9,1429,-1,4.030194512
4603,08/05/2018,19393,N447WN,3730,1501606,STL,1537002,TUL,1221,1,1325,-5,4.030194512
4604,08/05/2018,19393,N291WN,4734,1501606,STL,1537002,TUL,4,104,111,101,0
4605,08/05/2018,19393,N8642E,5254,1530402,TPA,1025702,ALB,819,-1,1057,-13,4.030194512
4606,08/05/2018,19393,N7873A,3061,1530402,TPA,1039707,ATL,908,-2,1023,-17,4.030194512
4607,08/05/2018,19393,N7826B,3383,1530402,TPA,1039707,ATL,1341,-4,1511,-4,4.030194512
4608,08/05/2018,19393,N7853B,3646,1530402,TPA,1039707,ATL,2011,46,2151,56,46
4609,08/05/2018,19393,N404WN,3893,1530402,TPA,1039707,ATL,1604,-1,1741,1,4.030194512
4610,08/05/2018,19393,N7849A,5244,1530402,TPA,1039707,ATL,537,-3,649,-21,4.030194512
4611,08/05/2018,19393,N7874B,4887,1530402,TPA,1042302,AUS,710,0,832,-3,4.030194512
4612,08/05/2018,19393,N8539V,4947,1530402,TPA,1042302,AUS,2024,54,2140,45,37
4613,08/05/2018,19393,N8621A,3826,1530402,TPA,1052906,BDL,716,1,953,-12,4.030194512
4614,08/05/2018,19393,N8561Z,5282,1530402,TPA,1052906,BDL,1504,-1,1742,-13,4.030194512
4615,08/05/2018,19393,N8692F,457,1530402,TPA,1059904,BHM,1938,93,1955,85,85
4616,08/05/2018,19393,N705SW,2798,1530402,TPA,1059904,BHM,901,-4,913,-17,4.030194512
4617,08/05/2018,19393,N291WN,2995,1530402,TPA,1069302,BNA,1244,9,1324,4,4.030194512
4618,08/05/2018,19393,N8679A,3420,1530402,TPA,1069302,BNA,1647,2,1725,-10,4.030194512
4619,08/05/2018,19393,N910WN,4121,1530402,TPA,1069302,BNA,1002,2,1039,-6,4.030194512
4620,08/05/2018,19393,N743SW,4457,1530402,TPA,1069302,BNA,2255,0,2334,-6,4.030194512
4621,08/05/2018,19393,N454WN,4794,1530402,TPA,1069302,BNA,543,-7,619,-16,4.030194512
4622,08/05/2018,19393,N904WN,4691,1530402,TPA,1079206,BUF,1120,-5,1352,-8,4.030194512
4623,08/05/2018,19393,N264LV,5416,1530402,TPA,1079206,BUF,1652,-3,1924,-6,4.030194512
4624,08/05/2018,19393,N774SW,2749,1530402,TPA,1082106,BWI,2003,53,2215,45,9
4625,08/05/2018,19393,N222WN,3098,1530402,TPA,1082106,BWI,2155,-10,1,-19,4.030194512
4626,08/05/2018,19393,N8307K,3179,1530402,TPA,1082106,BWI,1113,-2,1317,-13,4.030194512
4627,08/05/2018,19393,N8672F,4172,1530402,TPA,1082106,BWI,1312,-3,1520,-10,4.030194512
4628,08/05/2018,19393,N8689C,4532,1530402,TPA,1082106,BWI,942,-3,1153,-7,4.030194512
4629,08/05/2018,19393,N926WN,5040,1530402,TPA,1082106,BWI,1623,-2,1832,-13,4.030194512
4630,08/05/2018,19393,N763SW,5198,1530402,TPA,1082106,BWI,635,-5,846,-9,4.030194512
4631,08/05/2018,19393,N425LV,3624,1530402,TPA,1106606,CMH,654,-6,907,-3,4.030194512
4632,08/05/2018,19393,N763SW,5199,1530402,TPA,1106606,CMH,1922,97,2128,93,93
4633,08/05/2018,19393,N406WN,431,1530402,TPA,1125903,DAL,848,-2,1000,-20,4.030194512
4634,08/05/2018,19393,N291WN,4734,1530402,TPA,1125903,DAL,1944,119,2115,125,31
4635,08/05/2018,19393,N7723E,3036,1530402,TPA,1127805,DCA,1616,1,1831,-4,4.030194512
4636,08/05/2018,19393,N799SW,4142,1530402,TPA,1127805,DCA,1216,-4,1419,-16,4.030194512
4637,08/05/2018,19393,N8571Z,3285,1530402,TPA,1129202,DEN,1959,19,2158,33,7
4638,08/05/2018,19393,N8633A,5418,1530402,TPA,1129202,DEN,1130,0,1313,3,4.030194512
4639,08/05/2018,19393,N234WN,2740,1530402,TPA,1169706,FLL,1444,-1,1537,-8,4.030194512
4640,08/05/2018,19393,N799SW,3810,1530402,TPA,1169706,FLL,1946,91,2046,86,86
4641,08/05/2018,19393,N7841A,4556,1530402,TPA,1169706,FLL,1045,0,1133,-12,4.030194512
4642,08/05/2018,19393,N7886A,5248,1530402,TPA,1169706,FLL,705,0,800,-5,4.030194512
4643,08/05/2018,19393,N7821L,5271,1530402,TPA,1169706,FLL,2026,31,2115,15,7
4644,08/05/2018,19393,N8524Z,5222,1530402,TPA,1219102,HOU,550,0,659,-1,4.030194512
4645,08/05/2018,19393,N8670A,5401,1530402,TPA,1219102,HOU,2031,41,2136,36,14
4646,08/05/2018,19393,N468WN,5478,1530402,TPA,1219102,HOU,1140,-5,1244,-16,4.030194512
4647,08/05/2018,19393,N789SW,3171,1530402,TPA,1233904,IND,609,-6,811,-19,4.030194512
4648,08/05/2018,19393,N7854B,3243,1530402,TPA,1233904,IND,1507,2,1710,-10,4.030194512
4649,08/05/2018,19393,N7719A,4078,1530402,TPA,1233904,IND,837,-3,1041,-14,4.030194512
4650,08/05/2018,19393,N8544Z,4939,1530402,TPA,1233904,IND,2052,12,2254,-1,4.030194512
4651,08/05/2018,19393,N738CB,2914,1530402,TPA,1239102,ISP,2012,2,2252,2,4.030194512
4652,08/05/2018,19393,N8623F,3580,1530402,TPA,1288903,LAS,1011,1,1129,-16,4.030194512
4653,08/05/2018,19393,N552WN,4700,1530402,TPA,1295304,LGA,1439,-1,1714,-6,4.030194512
4654,08/05/2018,19393,N8545V,5227,1530402,TPA,1295304,LGA,658,-2,949,9,4.030194512
4655,08/05/2018,19393,N485WN,3327,1530402,TPA,1319801,MCI,750,0,915,-15,4.030194512
4656,08/05/2018,19393,N260WN,3698,1530402,TPA,1319801,MCI,1722,-8,1852,-18,4.030194512
4657,08/05/2018,19393,N8628A,2851,1530402,TPA,1323202,MDW,1655,0,1822,-13,4.030194512
4658,08/05/2018,19393,N8712L,3109,1530402,TPA,1323202,MDW,644,-1,819,-1,4.030194512
4659,08/05/2018,19393,N421LV,3229,1530402,TPA,1323202,MDW,1140,85,1309,79,0
4660,08/05/2018,19393,N8513F,4484,1530402,TPA,1323202,MDW,2034,19,2202,12,4.030194512
4661,08/05/2018,19393,N960WN,4896,1530402,TPA,1323202,MDW,1224,9,1348,-7,4.030194512
4662,08/05/2018,19393,N793SA,4576,1530402,TPA,1324402,MEM,800,-5,843,-17,4.030194512
4663,08/05/2018,19393,N260WN,849,1530402,TPA,1329604,MHT,953,-2,1246,-4,4.030194512
4664,08/05/2018,19393,N404WN,3895,1530402,TPA,1329604,MHT,2129,59,19,54,0
4665,08/05/2018,19393,N735SA,4187,1530402,TPA,1334207,MKE,1040,0,1212,-13,4.030194512
4666,08/05/2018,19393,N712SW,3355,1530402,TPA,1349505,MSY,2123,93,2135,75,0
4667,08/05/2018,19393,N928WN,4551,1530402,TPA,1349505,MSY,1249,-1,1310,-15,4.030194512
4668,08/05/2018,19393,N796SW,5210,1530402,TPA,1349505,MSY,708,-2,736,-9,4.030194512
4669,08/05/2018,19393,N7728D,3251,1530402,TPA,1410005,PHL,1600,15,1831,6,4.030194512
4670,08/05/2018,19393,N8561Z,5277,1530402,TPA,1410005,PHL,811,-4,1022,-28,4.030194512
4671,08/05/2018,19393,N8696E,5026,1530402,TPA,1410702,PHX,2000,65,2101,56,56
4672,08/05/2018,19393,N7746C,5233,1530402,TPA,1410702,PHX,530,0,635,-5,4.030194512
4673,08/05/2018,19393,N408WN,3228,1530402,TPA,1412202,PIT,1510,-5,1720,-15,4.030194512
4674,08/05/2018,19393,N8680C,3351,1530402,TPA,1412202,PIT,727,-3,937,-13,4.030194512
4675,08/05/2018,19393,N418WN,4656,1530402,TPA,1412202,PIT,2154,74,12,72,0
4676,08/05/2018,19393,N495WN,3129,1530402,TPA,1430705,PVD,2118,63,1,56,0
4677,08/05/2018,19393,N766SW,5203,1530402,TPA,1449202,RDU,741,1,921,-4,4.030194512
4678,08/05/2018,19393,N561WN,4363,1530402,TPA,1457606,ROC,842,-3,1112,-13,4.030194512
4679,08/05/2018,19393,N8646B,4844,1530402,TPA,1467903,SAN,1158,-2,1319,-21,4.030194512
4680,08/05/2018,19393,N261WN,3482,1530402,TPA,1468305,SAT,746,1,910,-5,4.030194512
4681,08/05/2018,19393,N433LV,4103,1530402,TPA,1468305,SAT,2302,302,24,294,0
4682,08/05/2018,19393,N705SW,1586,1530402,TPA,1473003,SDF,1306,-4,1501,-9,4.030194512
4683,08/05/2018,19393,N8606C,4875,1530402,TPA,1484306,SJU,1150,0,1441,-9,4.030194512
4684,08/05/2018,19393,N222WN,5273,1530402,TPA,1484306,SJU,1432,-3,1732,-3,4.030194512
4685,08/05/2018,19393,N494WN,5539,1530402,TPA,1501606,STL,1408,-2,1521,-9,4.030194512
4686,08/05/2018,19393,N468WN,3651,1537002,TUL,1125903,DAL,1844,14,1934,4,4.030194512
4687,08/05/2018,19393,N400WN,5142,1537002,TUL,1125903,DAL,1346,11,1442,7,4.030194512
4688,08/05/2018,19393,N472WN,5285,1537002,TUL,1125903,DAL,548,-7,646,-9,4.030194512
4689,08/05/2018,19393,N447WN,3730,1537002,TUL,1129202,DEN,1407,7,1441,1,4.030194512
4690,08/05/2018,19393,N203WN,5159,1537002,TUL,1129202,DEN,640,0,719,-1,4.030194512
4691,08/05/2018,19393,N7868K,2033,1537002,TUL,1219102,HOU,555,-5,720,-10,4.030194512
4692,08/05/2018,19393,N7718B,3797,1537002,TUL,1219102,HOU,2031,26,2146,16,0
4693,08/05/2018,19393,N297WN,5147,1537002,TUL,1219102,HOU,1141,1,1307,-3,4.030194512
4694,08/05/2018,19393,N460WN,2962,1537002,TUL,1288903,LAS,1039,-1,1129,4,4.030194512
4695,08/05/2018,19393,N7701B,2757,1537002,TUL,1410702,PHX,1318,-2,1338,-12,4.030194512
4696,08/05/2018,19393,N908WN,2869,1537002,TUL,1410702,PHX,2130,-5,2151,-14,4.030194512
4697,08/05/2018,19393,N967WN,3712,1537002,TUL,1501606,STL,1747,17,1900,20,0
4698,08/05/2018,19393,N7829B,5294,1537002,TUL,1501606,STL,707,-3,814,-6,4.030194512
4699,08/05/2018,19393,N7867A,2629,1537603,TUS,1129202,DEN,655,-5,938,-7,4.030194512
4700,08/05/2018,19393,N265WN,4564,1537603,TUS,1129202,DEN,1525,30,1809,24,0
4701,08/05/2018,19393,N429WN,3539,1537603,TUS,1288903,LAS,1055,-5,1207,-8,4.030194512
4702,08/05/2018,19393,N472WN,5288,1537603,TUS,1288903,LAS,1736,36,1840,25,0
4703,08/05/2018,19393,N411WN,5305,1537603,TUS,1288903,LAS,615,-5,722,-8,4.030194512
4704,08/05/2018,19393,N564WN,3012,1537603,TUS,1289208,LAX,1019,19,1144,9,4.030194512
4705,08/05/2018,19393,N8537Z,4045,1537603,TUS,1289208,LAX,1832,37,2008,38,0
4706,08/05/2018,19393,N8714Q,4721,1537603,TUS,1323202,MDW,714,-1,1237,7,4.030194512
4707,08/05/2018,19393,N246LV,4570,1537603,TUS,1467903,SAN,1345,15,1454,14,4.030194512
4708,08/05/2018,19393,N236WN,5310,1537603,TUS,1467903,SAN,740,-5,848,-12,4.030194512
4709,08/05/2018,20378,N933LR,5873,1537603,TUS,1410702,PHX,1056,26,1138,16,0
4710,08/05/2018,20378,N905J,5874,1129806,DFW,1154005,ELP,2229,9,2305,13,4.030194512
4711,08/05/2018,20378,N928LR,5877,1244807,JAN,1129806,DFW,628,0,800,-10,4.030194512
4712,08/05/2018,20378,N942LR,5878,1141306,DRO,1410702,PHX,1157,-6,1236,0,4.030194512
4713,08/05/2018,20378,N942LR,5878,1410702,PHX,1141306,DRO,913,18,1128,10,4.030194512
4714,08/05/2018,20378,N906FJ,5879,1410702,PHX,1226603,IAH,1846,-4,2327,-3,4.030194512
4715,08/05/2018,20378,N947LR,5882,1129806,DFW,1325602,MFE,854,-6,1028,-3,4.030194512
4716,08/05/2018,20378,N947LR,5882,1325602,MFE,1129806,DFW,1054,-7,1221,-16,4.030194512
4717,08/05/2018,20378,N938LR,5883,1129806,DFW,1473003,SDF,1839,129,2145,131,0
4718,08/05/2018,20378,N938LR,5883,1473003,SDF,1129806,DFW,2212,127,2319,114,0
4719,08/05/2018,20378,N926LR,5884,1129806,DFW,1154005,ELP,719,-6,743,-16,4.030194512
4720,08/05/2018,20378,N916FJ,5885,1163807,FAT,1410702,PHX,1904,-7,2038,-15,4.030194512
4721,08/05/2018,20378,N916FJ,5885,1410702,PHX,1163807,FAT,1719,22,1841,11,4.030194512
4722,08/05/2018,20378,N918FJ,5887,1410702,PHX,1537603,TUS,1705,10,1750,12,4.030194512
4723,08/05/2018,20378,N918FJ,5887,1537603,TUS,1410702,PHX,1817,4,1909,-11,4.030194512
4724,08/05/2018,20378,N934FJ,5888,1129806,DFW,1014005,ABQ,1113,13,1201,13,4.030194512
4725,08/05/2018,20378,N910FJ,5889,1289607,LBB,1410702,PHX,853,-14,926,11,4.030194512
4726,08/05/2018,20378,N245LR,5893,1027903,AMA,1129806,DFW,755,-14,911,-19,4.030194512
4727,08/05/2018,20378,N946LR,5895,1014005,ABQ,1129806,DFW,1124,-11,1411,-9,4.030194512
4728,08/05/2018,20378,N906FJ,5896,1295406,LGB,1410702,PHX,1614,-11,1735,-18,4.030194512
4729,08/05/2018,20378,N906FJ,5896,1410702,PHX,1295406,LGB,1418,-7,1536,-3,4.030194512
4730,08/05/2018,20378,N942LR,5897,1410702,PHX,1289607,LBB,1855,0,2228,-9,4.030194512
4731,08/05/2018,20378,N948LR,5898,1154005,ELP,1410702,PHX,623,-2,656,11,4.030194512
4732,08/05/2018,20378,N931LR,5900,1114008,CRP,1129806,DFW,1621,-5,1738,-16,4.030194512
4733,08/05/2018,20378,N931LR,5900,1129806,DFW,1114008,CRP,1437,-3,1552,-2,4.030194512
4734,08/05/2018,20378,N908FJ,5901,1385103,OKC,1129806,DFW,1907,131,2000,120,0
4735,08/05/2018,20378,N935LR,5903,1129806,DFW,1350202,MTJ,1045,-5,1144,-11,4.030194512
4736,08/05/2018,20378,N935LR,5903,1350202,MTJ,1129806,DFW,1221,-5,1525,-10,4.030194512
4737,08/05/2018,20378,N927LR,5904,1129806,DFW,1419306,PNS,706,-2,856,-1,4.030194512
4738,08/05/2018,20378,N927LR,5904,1419306,PNS,1129806,DFW,928,1,1123,-11,4.030194512
4739,08/05/2018,20378,N953LR,5905,1347605,MRY,1410702,PHX,1903,-6,2054,-6,4.030194512
4740,08/05/2018,20378,N953LR,5905,1410702,PHX,1347605,MRY,1644,-5,1824,-8,4.030194512
4741,08/05/2018,20378,N929LR,5906,1129806,DFW,1562404,VPS,1628,-7,1817,-15,4.030194512
4742,08/05/2018,20378,N929LR,5906,1562404,VPS,1129806,DFW,1848,-14,2037,-36,4.030194512
4743,08/05/2018,20378,N245LR,5907,1129806,DFW,1227805,ICT,1047,-3,1208,-1,4.030194512
4744,08/05/2018,20378,N245LR,5907,1227805,ICT,1129806,DFW,1238,-1,1345,-15,4.030194512
4745,08/05/2018,20378,N951LR,5908,1074705,BRO,1129806,DFW,1739,-5,1920,-4,4.030194512
4746,08/05/2018,20378,N951LR,5908,1129806,DFW,1074705,BRO,1541,-4,1703,-9,4.030194512
4747,08/05/2018,20378,N326MS,5909,1342202,MOB,1129806,DFW,546,-8,732,-20,4.030194512
4748,08/05/2018,20378,N921FJ,5910,1177502,FSD,1129806,DFW,1725,-2,1926,-13,4.030194512
4749,08/05/2018,20378,N249LR,5911,1129806,DFW,1114008,CRP,2324,69,34,66,0
4750,08/05/2018,20378,N934FJ,5912,1163807,FAT,1410702,PHX,1615,3,1748,-8,4.030194512
4751,08/05/2018,20378,N934FJ,5912,1410702,PHX,1163807,FAT,1352,-3,1541,12,4.030194512
4752,08/05/2018,20378,N931LR,5913,1014005,ABQ,1129806,DFW,633,-8,911,-19,4.030194512
4753,08/05/2018,20378,N918FJ,5914,1154005,ELP,1410702,PHX,1208,-6,1223,-15,4.030194512
4754,08/05/2018,20378,N918FJ,5914,1410702,PHX,1154005,ELP,900,-8,1118,-13,4.030194512
4755,08/05/2018,20378,N907FJ,5915,1410702,PHX,1469802,SBP,953,-5,1131,-2,4.030194512
4756,08/05/2018,20378,N907FJ,5915,1469802,SBP,1410702,PHX,1208,-10,1340,-22,4.030194512
4757,08/05/2018,20378,N939LR,5919,1062702,BIS,1129806,DFW,1702,44,1923,23,0
4758,08/05/2018,20378,N939LR,5919,1129806,DFW,1062702,BIS,1407,62,1631,50,0
4759,08/05/2018,20378,N922FJ,5920,1129806,DFW,1289607,LBB,1636,-4,1730,-15,4.030194512
4760,08/05/2018,20378,N922FJ,5920,1289607,LBB,1129806,DFW,1816,-7,1949,4,4.030194512
4761,08/05/2018,20378,N918FJ,5923,1071302,BOI,1410702,PHX,642,7,744,2,4.030194512
4762,08/05/2018,20378,N927LR,5927,1129806,DFW,1473003,SDF,1232,-3,1538,-5,4.030194512
4763,08/05/2018,20378,N927LR,5927,1473003,SDF,1129806,DFW,1614,1,1720,-15,4.030194512
4764,08/05/2018,20378,N942LR,5928,1295406,LGB,1410702,PHX,640,-5,837,22,0
4765,08/05/2018,20378,N246LR,5932,1129806,DFW,1244807,JAN,1420,-4,1532,-14,4.030194512
4766,08/05/2018,20378,N246LR,5932,1244807,JAN,1129806,DFW,1605,-11,1742,-18,4.030194512
4767,08/05/2018,20378,N244LR,5933,1129806,DFW,1289607,LBB,1039,-6,1159,7,4.030194512
4768,08/05/2018,20378,N244LR,5933,1289607,LBB,1129806,DFW,1225,-1,1336,-9,4.030194512
4769,08/05/2018,20378,N241LR,5934,1315805,MAF,1410702,PHX,917,-6,916,-8,4.030194512
4770,08/05/2018,20378,N913FJ,5935,1129806,DFW,1154005,ELP,1736,-3,1827,13,4.030194512
4771,08/05/2018,20378,N954LR,5936,1129806,DFW,1027903,AMA,1834,-6,1938,-16,4.030194512
4772,08/05/2018,20378,N954LR,5937,1068502,BMI,1129806,DFW,1527,-9,1724,-26,4.030194512
4773,08/05/2018,20378,N954LR,5937,1129806,DFW,1068502,BMI,1244,-6,1440,-7,4.030194512
4774,08/05/2018,20378,N243LR,5938,1129806,DFW,1325602,MFE,1718,-2,1853,7,4.030194512
4775,08/05/2018,20378,N243LR,5938,1325602,MFE,1129806,DFW,1914,-5,2043,-16,4.030194512
4776,08/05/2018,20378,N921FJ,5939,1129806,DFW,1473003,SDF,2025,0,2353,23,0
4777,08/05/2018,20378,N935LR,5941,1410803,PIA,1129806,DFW,706,-8,911,-19,4.030194512
4778,08/05/2018,20378,N945LR,5942,1129806,DFW,1221702,HSV,1118,12,1302,7,4.030194512
4779,08/05/2018,20378,N945LR,5942,1221702,HSV,1129806,DFW,1332,7,1526,-4,4.030194512
4780,08/05/2018,20378,N244LR,5943,1129806,DFW,1315805,MAF,1439,-6,1541,-10,4.030194512
4781,08/05/2018,20378,N244LR,5943,1315805,MAF,1129806,DFW,1616,-5,1734,-10,4.030194512
4782,08/05/2018,20378,N920FJ,5946,1129806,DFW,1315805,MAF,2227,-3,2332,-2,4.030194512
4783,08/05/2018,20378,N932LR,5947,1114008,CRP,1129806,DFW,1218,-9,1333,-20,4.030194512
4784,08/05/2018,20378,N932LR,5947,1129806,DFW,1114008,CRP,1038,-2,1147,-7,4.030194512
4785,08/05/2018,20378,N954LR,5951,1221702,HSV,1129806,DFW,547,-7,743,-17,4.030194512
4786,08/05/2018,20378,N920FJ,5952,1410702,PHX,1154005,ELP,1538,23,1749,23,0
4787,08/05/2018,20378,N935LR,5953,1114008,CRP,1129806,DFW,1810,-8,1928,-17,4.030194512
4788,08/05/2018,20378,N935LR,5953,1129806,DFW,1114008,CRP,1630,-3,1733,-15,4.030194512
4789,08/05/2018,20378,N955LR,5956,1410702,PHX,1469802,SBP,1341,-6,1513,-5,4.030194512
4790,08/05/2018,20378,N955LR,5956,1469802,SBP,1410702,PHX,1608,-11,1738,-21,4.030194512
4791,08/05/2018,20378,N248LR,5957,1129806,DFW,1177801,FSM,956,71,1057,70,0
4792,08/05/2018,20378,N248LR,5957,1177801,FSM,1129806,DFW,1119,59,1219,44,0
4793,08/05/2018,20378,N910FJ,5958,1410702,PHX,1468902,SBA,2120,60,2240,50,0
4794,08/05/2018,20378,N907FJ,5961,1389101,ONT,1410702,PHX,1623,-6,1742,-7,4.030194512
4795,08/05/2018,20378,N907FJ,5961,1410702,PHX,1389101,ONT,1443,-2,1548,-5,4.030194512
4796,08/05/2018,20378,N934FJ,5962,1014005,ABQ,1410702,PHX,1224,2,1244,-4,4.030194512
4797,08/05/2018,20378,N920FJ,5963,1154005,ELP,1129806,DFW,1817,12,2056,1,4.030194512
4798,08/05/2018,20378,N946LR,5964,1177502,FSD,1410702,PHX,1821,4,1927,13,4.030194512
4799,08/05/2018,20378,N919FJ,5968,1129806,DFW,1445702,RAP,1951,11,2114,17,0
4800,08/05/2018,20378,N925FJ,5970,1129806,DFW,1315805,MAF,1823,-2,1933,-1,4.030194512
4801,08/05/2018,20378,N925FJ,5970,1315805,MAF,1129806,DFW,2000,-5,2130,1,4.030194512
4802,08/05/2018,20378,N928LR,5973,1129806,DFW,1114008,CRP,1838,-2,1959,0,4.030194512
4803,08/05/2018,20378,N917FJ,5974,1129806,DFW,1244807,JAN,2055,-5,2225,1,4.030194512
4804,08/05/2018,20378,N945LR,5975,1177502,FSD,1129806,DFW,659,-6,858,-22,4.030194512
4805,08/05/2018,20378,N945LR,5976,1129806,DFW,1221702,HSV,2102,22,2256,30,0
4806,08/05/2018,20378,N905J,5977,1129806,DFW,1219102,HOU,1440,-5,1633,33,0
4807,08/05/2018,20378,N905J,5977,1219102,HOU,1129806,DFW,1658,28,1818,25,0
4808,08/05/2018,20378,N951LR,5978,1129806,DFW,1154005,ELP,1042,-3,1111,-13,4.030194512
4809,08/05/2018,20378,N951LR,5978,1154005,ELP,1129806,DFW,1158,-10,1442,-17,4.030194512
4810,08/05/2018,20378,N242LR,5979,1129806,DFW,1289607,LBB,2231,-9,2338,-4,4.030194512
4811,08/05/2018,20378,N945LR,5980,1129806,DFW,1244807,JAN,1621,-4,1743,-4,4.030194512
4812,08/05/2018,20378,N945LR,5980,1244807,JAN,1129806,DFW,1839,22,2019,21,21
4813,08/05/2018,20378,N246LR,5982,1129806,DFW,1141306,DRO,1837,-3,1930,-7,4.030194512
4814,08/05/2018,20378,N914FJ,5983,1129806,DFW,1219102,HOU,1623,-2,1738,3,4.030194512
4815,08/05/2018,20378,N914FJ,5983,1219102,HOU,1129806,DFW,1812,5,1936,7,4.030194512
4816,08/05/2018,20378,N928LR,5984,1027903,AMA,1129806,DFW,1616,-9,1733,-12,4.030194512
4817,08/05/2018,20378,N928LR,5984,1129806,DFW,1027903,AMA,1441,-4,1545,-10,4.030194512
4818,08/05/2018,20378,N904FJ,5985,1129806,DFW,1315805,MAF,1623,-2,1724,-8,4.030194512
4819,08/05/2018,20378,N904FJ,5985,1315805,MAF,1129806,DFW,1759,-3,1918,-7,4.030194512
4820,08/05/2018,20378,N909FJ,5986,1114008,CRP,1129806,DFW,452,-9,612,-16,4.030194512
4821,08/05/2018,20378,N924FJ,5987,1129806,DFW,1014005,ABQ,711,-4,743,-16,4.030194512
4822,08/05/2018,20378,N913FJ,5988,1027903,AMA,1129806,DFW,1017,-10,1129,-20,4.030194512
4823,08/05/2018,20378,N913FJ,5988,1129806,DFW,1027903,AMA,844,-1,947,-9,4.030194512
4824,08/05/2018,20378,N915FJ,5989,1129806,DFW,1068502,BMI,1825,-5,2020,-6,4.030194512
4825,08/05/2018,20378,N903FJ,5990,1129806,DFW,1336705,MLI,1044,4,1247,12,4.030194512
4826,08/05/2018,20378,N903FJ,5990,1336705,MLI,1129806,DFW,1325,0,1526,-13,4.030194512
4827,08/05/2018,20378,N956LR,5991,1324402,MEM,1410702,PHX,747,7,916,8,4.030194512
4828,08/05/2018,20378,N947LR,5992,1129806,DFW,1473003,SDF,1824,-1,2124,-6,4.030194512
4829,08/05/2018,20378,N909FJ,5993,1385103,OKC,1410702,PHX,1604,11,1625,10,4.030194512
4830,08/05/2018,20378,N950LR,5994,1457002,RNO,1410702,PHX,548,-7,728,-26,4.030194512
4831,08/05/2018,20378,N908FJ,5995,1129806,DFW,1289607,LBB,2052,122,2152,113,0
4832,08/05/2018,20452,N136HQ,4386,1410005,PHL,1473003,SDF,1513,-2,1716,-10,4.030194512
4833,08/05/2018,20452,N136HQ,4386,1473003,SDF,1410005,PHL,1812,13,2011,12,4.030194512
4834,08/05/2018,20452,N138HQ,4388,1457606,ROC,1105703,CLT,708,0,857,-13,4.030194512
4835,08/05/2018,20452,N442YX,4390,1127805,DCA,1449202,RDU,1008,6,1118,0,4.030194512
4836,08/05/2018,20452,N442YX,4390,1449202,RDU,1127805,DCA,1143,-5,1237,-31,4.030194512
4837,08/05/2018,20452,N426YX,4391,1330303,MIA,1319801,MCI,2130,-9,2329,-24,4.030194512
4838,08/05/2018,20452,N115HQ,4392,1349505,MSY,1105703,CLT,1416,-9,1716,-21,4.030194512
4839,08/05/2018,20452,N438YX,4394,1295304,LGA,1348702,MSP,1959,0,2157,-17,4.030194512
4840,08/05/2018,20452,N121HQ,4395,1099402,CHS,1410005,PHL,1728,-6,1913,-21,4.030194512
4841,08/05/2018,20452,N121HQ,4395,1410005,PHL,1099402,CHS,1507,-3,1653,-11,4.030194512
4842,08/05/2018,20452,N437YX,4396,1162402,EYW,1330303,MIA,1320,-6,1415,0,4.030194512
4843,08/05/2018,20452,N437YX,4396,1330303,MIA,1162402,EYW,1157,-6,1240,-15,4.030194512
4844,08/05/2018,20452,N401YX,4397,1233904,IND,1127805,DCA,911,-6,1057,-3,4.030194512
4845,08/05/2018,20452,N125HQ,4398,1410005,PHL,1387102,OMA,2054,-1,2244,-24,4.030194512
4846,08/05/2018,20452,N138HQ,4399,1105703,CLT,1233904,IND,955,-5,1132,-15,4.030194512
4847,08/05/2018,20452,N138HQ,4399,1233904,IND,1105703,CLT,1213,-9,1351,-14,4.030194512
4848,08/05/2018,20452,N122HQ,4400,1143302,DTW,1410005,PHL,658,-4,827,-17,4.030194512
4849,08/05/2018,20452,N127HQ,4404,1106606,CMH,1105703,CLT,708,7,833,-2,4.030194512
4850,08/05/2018,20452,N429YX,4405,1329604,MHT,1127805,DCA,600,-11,736,-24,4.030194512
4851,08/05/2018,20452,N111HQ,4407,1105703,CLT,1457606,ROC,1620,6,1812,5,4.030194512
4852,08/05/2018,20452,N111HQ,4407,1457606,ROC,1105703,CLT,1852,0,2044,-16,4.030194512
4853,08/05/2018,20452,N415YX,4408,1330303,MIA,1501606,STL,832,-1,1008,-16,4.030194512
4854,08/05/2018,20452,N415YX,4408,1501606,STL,1330303,MIA,1101,7,1434,-11,4.030194512
4855,08/05/2018,20452,N125HQ,4409,1432105,PWM,1410005,PHL,856,57,1014,35,0
4856,08/05/2018,20452,N108HQ,4410,1410005,PHL,1473003,SDF,903,-8,1133,8,4.030194512
4857,08/05/2018,20452,N108HQ,4410,1473003,SDF,1410005,PHL,1216,21,1407,16,0
4858,08/05/2018,20452,N112HQ,4411,1410005,PHL,1473003,SDF,2029,3,2226,-11,4.030194512
4859,08/05/2018,20452,N129HQ,4412,1106606,CMH,1127805,DCA,923,-7,1049,-1,4.030194512
4860,08/05/2018,20452,N404YX,4413,1142306,DSM,1410005,PHL,1307,-8,1635,-19,4.030194512
4861,08/05/2018,20452,N404YX,4413,1410005,PHL,1142306,DSM,1045,-5,1227,-18,4.030194512
4862,08/05/2018,20452,N436YX,4414,1127805,DCA,1143302,DTW,2202,-8,2336,-7,4.030194512
4863,08/05/2018,20452,N420YX,4415,1247805,JFK,1127805,DCA,1722,9,1847,-13,4.030194512
4864,08/05/2018,20452,N405YX,4416,1295304,LGA,1501606,STL,952,4,1116,-22,4.030194512
4865,08/05/2018,20452,N405YX,4416,1501606,STL,1295304,LGA,1223,13,1548,1,4.030194512
4866,08/05/2018,20452,N430YX,4417,1233904,IND,1127805,DCA,1114,-3,1247,-12,4.030194512
4867,08/05/2018,20452,N406YX,4418,1127805,DCA,1039707,ATL,1957,-3,2154,-10,4.030194512
4868,08/05/2018,20452,N103HQ,4419,1319801,MCI,1410005,PHL,1307,-8,1652,-10,4.030194512
4869,08/05/2018,20452,N103HQ,4419,1410005,PHL,1319801,MCI,1037,1,1207,-33,4.030194512
4870,08/05/2018,20452,N116HQ,4420,1106606,CMH,1410005,PHL,611,17,735,5,4.030194512
4871,08/05/2018,20452,N128HQ,4421,1058102,BGR,1127805,DCA,1738,21,1933,11,4.030194512
4872,08/05/2018,20452,N128HQ,4421,1127805,DCA,1058102,BGR,1459,0,1652,5,4.030194512
4873,08/05/2018,20452,N443YX,4422,1127805,DCA,1324402,MEM,2021,11,2124,-6,4.030194512
4874,08/05/2018,20452,N109HQ,4423,1410005,PHL,1432105,PWM,1323,-6,1501,8,4.030194512
4875,08/05/2018,20452,N109HQ,4423,1432105,PWM,1410005,PHL,1531,7,1713,4,4.030194512
4876,08/05/2018,20452,N102HQ,4425,1106606,CMH,1410005,PHL,1519,-2,1706,-5,4.030194512
4877,08/05/2018,20452,N102HQ,4425,1410005,PHL,1106606,CMH,1310,-5,1437,-14,4.030194512
4878,08/05/2018,20452,N134HQ,4426,1295304,LGA,1354102,MVY,1034,-11,1130,-34,4.030194512
4879,08/05/2018,20452,N134HQ,4426,1354102,MVY,1295304,LGA,1229,-13,1350,-10,4.030194512
4880,08/05/2018,20452,N444YX,4429,1319801,MCI,1127805,DCA,551,-4,931,2,4.030194512
4881,08/05/2018,20452,N415YX,4430,1069302,BNA,1330303,MIA,1931,123,2241,112,0
4882,08/05/2018,20452,N415YX,4430,1330303,MIA,1069302,BNA,1523,-9,1650,-3,4.030194512
4883,08/05/2018,20452,N421YX,4431,1127805,DCA,1501606,STL,1422,-3,1520,-25,4.030194512
4884,08/05/2018,20452,N421YX,4431,1501606,STL,1127805,DCA,1608,-12,1927,-2,4.030194512
4885,08/05/2018,20452,N432YX,4432,1349505,MSY,1330303,MIA,1602,-4,1901,-10,4.030194512
4886,08/05/2018,20452,N420YX,4434,1127805,DCA,1329604,MHT,1000,-9,1128,-15,4.030194512
4887,08/05/2018,20452,N420YX,4434,1329604,MHT,1127805,DCA,1200,-13,1340,-19,4.030194512
4888,08/05/2018,20452,N108HQ,4435,1410005,PHL,1501606,STL,1439,8,1600,1,4.030194512
4889,08/05/2018,20452,N108HQ,4435,1501606,STL,1410005,PHL,1627,-2,1944,-7,4.030194512
4890,08/05/2018,20452,N106HQ,4437,1106606,CMH,1410005,PHL,1041,-1,1206,-13,4.030194512
4891,08/05/2018,20452,N106HQ,4437,1410005,PHL,1106606,CMH,819,-6,954,-18,4.030194512
4892,08/05/2018,20452,N413YX,4438,1387102,OMA,1330303,MIA,647,-1,1103,-12,4.030194512
4893,08/05/2018,20452,N405YX,4439,1039707,ATL,1295304,LGA,2026,-14,2242,-30,4.030194512
4894,08/05/2018,20452,N405YX,4439,1295304,LGA,1039707,ATL,1657,-2,1949,8,4.030194512
4895,08/05/2018,20452,N129HQ,4440,1127805,DCA,1357702,MYR,1130,0,1251,-6,4.030194512
4896,08/05/2018,20452,N129HQ,4440,1357702,MYR,1127805,DCA,1321,-6,1450,0,4.030194512
4897,08/05/2018,20452,N412YX,4441,1412202,PIT,1295304,LGA,711,-7,822,-28,4.030194512
4898,08/05/2018,20452,N126HQ,4443,1410005,PHL,1509602,SYR,1618,-10,1724,-20,4.030194512
4899,08/05/2018,20452,N126HQ,4443,1509602,SYR,1410005,PHL,1803,-12,1913,-17,4.030194512
4900,08/05/2018,20452,N125HQ,4445,1106606,CMH,1410005,PHL,1742,-6,1912,-23,4.030194512
4901,08/05/2018,20452,N125HQ,4445,1410005,PHL,1106606,CMH,1534,4,1713,-2,4.030194512
4902,08/05/2018,20452,N410YX,4446,1295304,LGA,1233904,IND,1944,-11,2136,-41,4.030194512
4903,08/05/2018,20452,N417YX,4447,1143302,DTW,1295304,LGA,654,-5,826,-24,4.030194512
4904,08/05/2018,20452,N404YX,4448,1410005,PHL,1106606,CMH,1745,1,1932,-3,4.030194512
4905,08/05/2018,20452,N102HQ,4449,1233904,IND,1410005,PHL,1027,-10,1216,-12,4.030194512
4906,08/05/2018,20452,N102HQ,4449,1410005,PHL,1233904,IND,800,-6,942,-25,4.030194512
4907,08/05/2018,20452,N442YX,4450,1106606,CMH,1127805,DCA,1547,-7,1700,-19,4.030194512
4908,08/05/2018,20452,N442YX,4450,1127805,DCA,1106606,CMH,1346,-8,1501,-23,4.030194512
4909,08/05/2018,20452,N135HQ,4451,1058102,BGR,1127805,DCA,955,-4,1143,-20,4.030194512
4910,08/05/2018,20452,N126HQ,4452,1410005,PHL,1106606,CMH,2016,-3,2134,-25,4.030194512
4911,08/05/2018,20452,N433YX,4453,1330303,MIA,1473003,SDF,2135,-5,20,4,4.030194512
4912,08/05/2018,20452,N445YX,4454,1127805,DCA,1247805,JFK,1951,-9,2058,-39,4.030194512
4913,08/05/2018,20452,N445YX,4454,1247805,JFK,1127805,DCA,205,228,311,196,0
4914,08/05/2018,20452,N124HQ,4455,1105703,CLT,1212402,HHH,1319,-1,1428,-2,4.030194512
4915,08/05/2018,20452,N124HQ,4455,1212402,HHH,1105703,CLT,1522,-4,1649,5,4.030194512
4916,08/05/2018,20452,N101HQ,4462,1245102,JAX,1127805,DCA,1846,-15,2031,-30,4.030194512
4917,08/05/2018,20452,N131HQ,4464,1127805,DCA,1221702,HSV,1356,-4,1501,-4,4.030194512
4918,08/05/2018,20452,N131HQ,4464,1221702,HSV,1127805,DCA,1555,-4,1854,-6,4.030194512
4919,08/05/2018,20452,N112HQ,4465,1233904,IND,1410005,PHL,1755,-9,1954,-6,4.030194512
4920,08/05/2018,20452,N112HQ,4465,1410005,PHL,1233904,IND,1522,-3,1712,-22,4.030194512
4921,08/05/2018,20452,N421YX,4466,1127805,DCA,1099402,CHS,2008,-2,2140,-12,4.030194512
4922,08/05/2018,20452,N431YX,4467,1039707,ATL,1330303,MIA,1724,-7,1913,-27,4.030194512
4923,08/05/2018,20452,N431YX,4467,1330303,MIA,1039707,ATL,1425,-5,1618,-10,4.030194512
4924,08/05/2018,20452,N133HQ,4468,1324402,MEM,1410005,PHL,459,-16,827,-22,4.030194512
4925,08/05/2018,20452,N445YX,4469,1127805,DCA,1498603,SRQ,836,-4,1109,-8,4.030194512
4926,08/05/2018,20452,N445YX,4469,1498603,SRQ,1127805,DCA,1142,-8,1407,-12,4.030194512
4927,08/05/2018,20452,N127HQ,4470,1105703,CLT,1106606,CMH,915,0,1029,-4,4.030194512
4928,08/05/2018,20452,N127HQ,4470,1106606,CMH,1105703,CLT,1115,12,1234,4,4.030194512
4929,08/05/2018,20452,N132HQ,4471,1198603,GRR,1410005,PHL,1135,-5,1322,-8,4.030194512
4930,08/05/2018,20452,N132HQ,4471,1410005,PHL,1198603,GRR,852,-8,1041,-29,4.030194512
4931,08/05/2018,20452,N427YX,4472,1473003,SDF,1127805,DCA,554,-6,722,-18,4.030194512
4932,08/05/2018,20452,N443YX,4473,1449202,RDU,1247805,JFK,821,-7,958,-10,4.030194512
4933,08/05/2018,20452,N402YX,4474,1330303,MIA,1233904,IND,1932,-3,2158,-26,4.030194512
4934,08/05/2018,20452,N435YX,4475,1127805,DCA,1509602,SYR,955,-5,1102,-10,4.030194512
4935,08/05/2018,20452,N435YX,4475,1509602,SYR,1127805,DCA,1136,-6,1254,-12,4.030194512
4936,08/05/2018,20452,N447YX,4476,1226603,IAH,1330303,MIA,1641,-7,2020,-7,4.030194512
4937,08/05/2018,20452,N447YX,4476,1330303,MIA,1226603,IAH,1411,-6,1548,-16,4.030194512
4938,08/05/2018,20452,N121HQ,4477,1410005,PHL,1324402,MEM,2047,-3,2212,-22,4.030194512
4939,08/05/2018,20452,N419YX,4478,1295304,LGA,1591904,XNA,1206,-4,1415,-15,4.030194512
4940,08/05/2018,20452,N106HQ,4479,1069302,BNA,1105703,CLT,1522,39,1735,10,4.030194512
4941,08/05/2018,20452,N404YX,4480,1106606,CMH,1295304,LGA,2002,-7,2147,-13,4.030194512
4942,08/05/2018,20452,N434YX,4481,1162402,EYW,1330303,MIA,1859,-9,1945,-10,4.030194512
4943,08/05/2018,20452,N434YX,4481,1330303,MIA,1162402,EYW,1735,-5,1828,-9,4.030194512
4944,08/05/2018,20452,N128HQ,4482,1412202,PIT,1127805,DCA,800,-5,908,-7,4.030194512
4945,08/05/2018,20452,N426YX,4483,1143302,DTW,1330303,MIA,1720,-4,2020,-12,4.030194512
4946,08/05/2018,20452,N426YX,4483,1330303,MIA,1143302,DTW,1335,-4,1636,-7,4.030194512
4947,08/05/2018,20452,N440YX,4486,1330303,MIA,1226603,IAH,1953,-4,2144,2,4.030194512
4948,08/05/2018,20452,N105HQ,4488,1105703,CLT,1106606,CMH,1954,-6,2124,1,4.030194512
4949,08/05/2018,20452,N401YX,4489,1127805,DCA,1078502,BTV,2211,-9,2344,-9,4.030194512
4950,08/05/2018,20452,N103HQ,4490,1142306,DSM,1410005,PHL,559,-2,925,-11,4.030194512
4951,08/05/2018,20452,N117HQ,4492,1473003,SDF,1410005,PHL,518,-6,722,3,4.030194512
4952,08/05/2018,20452,N421YX,4493,1348702,MSP,1295304,LGA,705,-2,1053,-7,4.030194512
4953,08/05/2018,20452,N123HQ,4494,1410005,PHL,1432105,PWM,1903,-2,2022,-28,4.030194512
4954,08/05/2018,20452,N440YX,4495,1039707,ATL,1330303,MIA,919,3,1114,-6,4.030194512
4955,08/05/2018,20452,N440YX,4495,1330303,MIA,1039707,ATL,645,-5,846,0,4.030194512
4956,08/05/2018,20452,N105HQ,4497,1233904,IND,1105703,CLT,711,10,841,-1,4.030194512
4957,08/05/2018,20452,N446YX,4498,1039707,ATL,1295304,LGA,1255,-5,1506,-21,4.030194512
4958,08/05/2018,20452,N446YX,4498,1295304,LGA,1039707,ATL,942,-8,1201,-28,4.030194512
4959,08/05/2018,20452,N114HQ,4500,1295304,LGA,1348702,MSP,1434,-6,1625,-24,4.030194512
4960,08/05/2018,20452,N114HQ,4500,1348702,MSP,1295304,LGA,1712,-8,2045,-30,4.030194512
4961,08/05/2018,20452,N109HQ,4501,1410005,PHL,1233904,IND,1805,-5,2008,-21,4.030194512
4962,08/05/2018,20452,N134HQ,4502,1127805,DCA,1348702,MSP,2155,-5,2332,-12,4.030194512
4963,08/05/2018,20452,N117HQ,4503,1410005,PHL,1025702,ALB,2137,-3,2238,-26,4.030194512
4964,08/05/2018,20452,N122HQ,4504,1127805,DCA,1419306,PNS,1948,-12,2058,-30,4.030194512
4965,08/05/2018,20452,N419YX,4506,1591904,XNA,1295304,LGA,721,-2,1123,-7,4.030194512
4966,08/05/2018,20452,N120HQ,4508,1039707,ATL,1127805,DCA,1103,-6,1252,-17,4.030194512
4967,08/05/2018,20452,N120HQ,4508,1127805,DCA,1039707,ATL,838,-2,1026,-13,4.030194512
4968,08/05/2018,20452,N417YX,4509,1295304,LGA,1393102,ORF,924,-6,1032,-32,4.030194512
4969,08/05/2018,20452,N417YX,4509,1393102,ORF,1295304,LGA,1135,-8,1300,-29,4.030194512
4970,08/05/2018,20452,N125HQ,4510,1232305,ILM,1410005,PHL,1304,0,1436,-4,4.030194512
4971,08/05/2018,20452,N125HQ,4510,1410005,PHL,1232305,ILM,1100,15,1228,2,4.030194512
4972,08/05/2018,20452,N432YX,4511,1127805,DCA,1349505,MSY,1339,-6,1514,-20,4.030194512
4973,08/05/2018,20452,N411YX,4512,1349505,MSY,1127805,DCA,1739,-6,2118,-6,4.030194512
4974,08/05/2018,20452,N431YX,4513,1233904,IND,1330303,MIA,650,-7,931,-13,4.030194512
4975,08/05/2018,20452,N117HQ,4514,1058102,BGR,1410005,PHL,1816,-3,2016,1,4.030194512
4976,08/05/2018,20452,N117HQ,4514,1410005,PHL,1058102,BGR,1608,14,1745,0,4.030194512
4977,08/05/2018,20452,N122HQ,4515,1410005,PHL,1127805,DCA,1751,-4,1856,-21,4.030194512
4978,08/05/2018,20452,N101HQ,4516,1127805,DCA,1329604,MHT,2154,-16,2319,-22,4.030194512
4979,08/05/2018,20452,N409YX,4517,1069302,BNA,1127805,DCA,1558,7,1851,12,4.030194512
4980,08/05/2018,20452,N409YX,4517,1127805,DCA,1069302,BNA,1357,-3,1529,28,0
4981,08/05/2018,20452,N120HQ,4518,1127805,DCA,1142306,DSM,1958,-7,2125,-19,4.030194512
4982,08/05/2018,20452,N432YX,4519,1015405,ACK,1127805,DCA,1045,-3,1215,-20,4.030194512
4983,08/05/2018,20452,N432YX,4519,1127805,DCA,1015405,ACK,833,-3,959,-16,4.030194512
4984,08/05/2018,20452,N430YX,4520,1410005,PHL,1233904,IND,2020,-4,2205,-25,4.030194512
4985,08/05/2018,20452,N401YX,4521,1106606,CMH,1127805,DCA,1438,-5,1558,-12,4.030194512
4986,08/05/2018,20452,N401YX,4521,1127805,DCA,1106606,CMH,1154,-6,1308,-16,4.030194512
4987,08/05/2018,20452,N408YX,4525,1039707,ATL,1127805,DCA,1945,19,2130,0,4.030194512
4988,08/05/2018,20452,N408YX,4525,1127805,DCA,1039707,ATL,1646,-4,1915,19,0
4989,08/05/2018,20452,N403YX,4526,1052906,BDL,1127805,DCA,1724,-3,1916,16,0
4990,08/05/2018,20452,N403YX,4526,1127805,DCA,1052906,BDL,1509,-6,1641,1,4.030194512
4991,08/05/2018,20452,N114HQ,4527,1039707,ATL,1295304,LGA,936,-4,1149,-16,4.030194512
4992,08/05/2018,20452,N114HQ,4527,1295304,LGA,1039707,ATL,628,-7,836,-27,4.030194512
4993,08/05/2018,20452,N124HQ,4529,1105703,CLT,1212402,HHH,851,-4,945,-12,4.030194512
4994,08/05/2018,20452,N124HQ,4529,1212402,HHH,1105703,CLT,1049,-11,1159,-16,4.030194512
4995,08/05/2018,20452,N436YX,4530,1039707,ATL,1127805,DCA,555,-11,736,-24,4.030194512
4996,08/05/2018,20452,N123HQ,4531,1079206,BUF,1410005,PHL,1036,-2,1147,-18,4.030194512
4997,08/05/2018,20452,N123HQ,4531,1410005,PHL,1079206,BUF,829,-6,948,-19,4.030194512
4998,08/05/2018,20452,N420YX,4532,1127805,DCA,1247805,JFK,1442,0,1620,-2,4.030194512
4999,08/05/2018,20452,N115HQ,4534,1142306,DSM,1127805,DCA,730,-4,1056,-4,4.030194512
5000,08/05/2018,20452,N405YX,4535,1233904,IND,1295304,LGA,654,-6,857,-11,4.030194512
5001,08/05/2018,20452,N123HQ,4536,1509602,SYR,1410005,PHL,541,-7,648,-11,4.030194512
5002,08/05/2018,20452,N133HQ,4537,1410005,PHL,1419306,PNS,1359,-1,1525,-15,4.030194512
5003,08/05/2018,20452,N133HQ,4537,1419306,PNS,1410005,PHL,1605,-7,1940,-19,4.030194512
5004,08/05/2018,20452,N406YX,4538,1127805,DCA,1473003,SDF,1449,-6,1627,-16,4.030194512
5005,08/05/2018,20452,N406YX,4538,1473003,SDF,1127805,DCA,1703,-10,1845,-15,4.030194512
5006,08/05/2018,20452,N119HQ,4539,1127805,DCA,1412202,PIT,2019,-2,2115,-12,4.030194512
5007,08/05/2018,20452,N101HQ,4541,1387102,OMA,1410005,PHL,1057,-2,1447,-7,4.030194512
5008,08/05/2018,20452,N101HQ,4541,1410005,PHL,1387102,OMA,841,21,1032,4,4.030194512
5009,08/05/2018,20452,N420YX,4542,1324402,MEM,1127805,DCA,552,-9,903,-15,4.030194512
5010,08/05/2018,20452,N101HQ,4543,1058102,BGR,1410005,PHL,531,2,702,-17,4.030194512
5011,08/05/2018,20452,N403YX,4544,1127805,DCA,1319801,MCI,1953,-7,2115,-36,4.030194512
5012,08/05/2018,20452,N130HQ,4545,1058102,BGR,1410005,PHL,1043,13,1213,-9,4.030194512
5013,08/05/2018,20452,N130HQ,4545,1410005,PHL,1058102,BGR,812,-4,1001,1,4.030194512
5014,08/05/2018,20452,N111HQ,4546,1105703,CLT,1127805,DCA,2215,-3,2333,-13,4.030194512
5015,08/05/2018,20452,N101HQ,4547,1410005,PHL,1245102,JAX,1542,-3,1804,-7,4.030194512
5016,08/05/2018,20452,N126HQ,4548,1410005,PHL,1430705,PVD,1242,-5,1352,-5,4.030194512
5017,08/05/2018,20452,N126HQ,4548,1430705,PVD,1410005,PHL,1421,-6,1532,-16,4.030194512
5018,08/05/2018,20452,N415YX,4549,1162402,EYW,1330303,MIA,659,-1,749,1,4.030194512
5019,08/05/2018,20452,N130HQ,4550,1127805,DCA,1410005,PHL,1853,2,1956,-15,4.030194512
5020,08/05/2018,20452,N427YX,4551,1127805,DCA,1245102,JAX,1954,-6,2147,-22,4.030194512
5021,08/05/2018,20452,N130HQ,4552,1410005,PHL,1412202,PIT,1259,-9,1413,-11,4.030194512
5022,08/05/2018,20452,N130HQ,4552,1412202,PIT,1410005,PHL,1509,15,1631,17,15
5023,08/05/2018,20452,N105HQ,4553,1105703,CLT,1419306,PNS,1439,-4,1518,-7,4.030194512
5024,08/05/2018,20452,N105HQ,4553,1419306,PNS,1105703,CLT,1547,-8,1840,-10,4.030194512
5025,08/05/2018,20452,N419YX,4554,1295304,LGA,1591904,XNA,1957,2,2209,-9,4.030194512
5026,08/05/2018,20452,N427YX,4556,1127805,DCA,1319801,MCI,821,-10,940,-42,4.030194512
5027,08/05/2018,20452,N427YX,4556,1319801,MCI,1127805,DCA,1041,-11,1415,-11,4.030194512
5028,08/05/2018,20452,N419YX,4557,1591904,XNA,1295304,LGA,1453,-7,1852,-15,4.030194512
5029,08/05/2018,20452,N402YX,4558,1162402,EYW,1330303,MIA,1153,-10,1242,-8,4.030194512
5030,08/05/2018,20452,N402YX,4558,1330303,MIA,1162402,EYW,1024,-3,1116,-2,4.030194512
5031,08/05/2018,20452,N121HQ,4559,1106606,CMH,1410005,PHL,818,-4,948,-12,4.030194512
5032,08/05/2018,20452,N106HQ,4560,1105703,CLT,1245102,JAX,1809,4,1957,22,0
5033,08/05/2018,20452,N106HQ,4560,1245102,JAX,1105703,CLT,2022,17,2142,7,4.030194512
5034,08/05/2018,20452,N412YX,4561,1295304,LGA,1330303,MIA,932,-4,1228,-27,4.030194512
5035,08/05/2018,20452,N446YX,4562,1412202,PIT,1127805,DCA,1836,-4,2003,13,4.030194512
5036,08/05/2018,20452,N446YX,4563,1330303,MIA,1295304,LGA,556,-4,856,-6,4.030194512
5037,08/05/2018,20452,N412YX,4565,1042302,AUS,1330303,MIA,1621,-13,2010,-19,4.030194512
5038,08/05/2018,20452,N412YX,4565,1330303,MIA,1042302,AUS,1343,-8,1535,-13,4.030194512
5039,08/05/2018,20452,N408YX,4568,1221702,HSV,1127805,DCA,609,-3,854,-17,4.030194512
5040,08/05/2018,20452,N443YX,4569,1247805,JFK,1127805,DCA,1051,-8,1203,-16,4.030194512
5041,08/05/2018,20452,N428YX,4571,1099402,CHS,1330303,MIA,1847,-2,2039,5,4.030194512
5042,08/05/2018,20452,N428YX,4571,1330303,MIA,1099402,CHS,1634,-6,1808,-11,4.030194512
5043,08/05/2018,20452,N111HQ,4572,1233904,IND,1105703,CLT,856,-5,1036,-8,4.030194512
5044,08/05/2018,20452,N131HQ,4573,1127805,DCA,1105703,CLT,2120,80,2234,53,53
5045,08/05/2018,20452,N442YX,4574,1127805,DCA,1349505,MSY,1755,-4,1936,-10,4.030194512
5046,08/05/2018,20452,N438YX,4576,1295304,LGA,1501606,STL,1315,-6,1441,-23,4.030194512
5047,08/05/2018,20452,N438YX,4576,1501606,STL,1295304,LGA,1529,-5,1900,-12,4.030194512
5048,08/05/2018,20452,N115HQ,4577,1127805,DCA,1349505,MSY,1150,-10,1332,-9,4.030194512
5049,08/05/2018,20452,N444YX,4578,1127805,DCA,1233904,IND,1701,-9,1847,-16,4.030194512
5050,08/05/2018,20452,N444YX,4578,1233904,IND,1127805,DCA,1930,-5,2100,-18,4.030194512
5051,08/05/2018,20452,N104HQ,4579,1105703,CLT,1387102,OMA,1455,1,1635,-4,4.030194512
5052,08/05/2018,20452,N104HQ,4579,1387102,OMA,1105703,CLT,1722,-6,2046,-19,4.030194512
5053,08/05/2018,20452,N445YX,4580,1127805,DCA,1432105,PWM,1500,0,1641,4,4.030194512
5054,08/05/2018,20452,N445YX,4580,1432105,PWM,1127805,DCA,1716,9,1907,7,4.030194512
5055,08/05/2018,20452,N117HQ,4581,1385103,OKC,1410005,PHL,1114,22,1525,16,0
5056,08/05/2018,20452,N117HQ,4581,1410005,PHL,1385103,OKC,835,35,1050,30,0
5057,08/05/2018,20452,N432YX,4583,1330303,MIA,1387102,OMA,1958,-5,2240,2,4.030194512
5058,08/05/2018,20452,N439YX,4584,1127805,DCA,1410005,PHL,1514,-6,1612,-30,4.030194512
5059,08/05/2018,20452,N444YX,4585,1127805,DCA,1501606,STL,1024,-6,1142,-11,4.030194512
5060,08/05/2018,20452,N444YX,4585,1501606,STL,1127805,DCA,1246,-5,1555,-4,4.030194512
5061,08/05/2018,20452,N445YX,4586,1106606,CMH,1127805,DCA,633,-5,743,-17,4.030194512
5062,08/05/2018,20452,N443YX,4587,1127805,DCA,1319801,MCI,1324,-6,1441,-38,4.030194512
5063,08/05/2018,20452,N443YX,4587,1319801,MCI,1127805,DCA,1540,-9,1930,0,4.030194512
5064,08/05/2018,20452,N439YX,4588,1127805,DCA,1349505,MSY,834,-6,1008,-13,4.030194512
5065,08/05/2018,20452,N439YX,4588,1349505,MSY,1127805,DCA,1047,-4,1417,-12,4.030194512
5066,08/05/2018,20452,N110HQ,4590,1349505,MSY,1127805,DCA,544,-4,916,-13,4.030194512
5067,08/05/2018,20452,N406YX,4591,1078502,BTV,1127805,DCA,1223,-3,1358,-12,4.030194512
5068,08/05/2018,20452,N406YX,4591,1127805,DCA,1078502,BTV,1014,-6,1148,-8,4.030194512
5069,08/05/2018,20452,N113HQ,4592,1106606,CMH,1410005,PHL,1201,-1,1332,-9,4.030194512
5070,08/05/2018,20452,N107HQ,4592,1410005,PHL,1106606,CMH,1104,66,1230,58,0
5071,08/05/2018,20452,N416YX,4593,1143302,DTW,1127805,DCA,623,-3,752,-8,4.030194512
5072,08/05/2018,20452,N137HQ,4594,1348702,MSP,1127805,DCA,659,0,1048,14,4.030194512
5073,08/05/2018,20452,N108HQ,4596,1410005,PHL,1142306,DSM,2125,-5,2308,-19,4.030194512
5074,08/05/2018,20452,N403YX,4597,1079206,BUF,1127805,DCA,1308,-11,1416,-24,4.030194512
5075,08/05/2018,20452,N403YX,4597,1127805,DCA,1079206,BUF,1127,-3,1227,-19,4.030194512
5076,08/05/2018,20452,N418YX,4598,1295304,LGA,1143302,DTW,1819,-10,2016,-24,4.030194512
5077,08/05/2018,20452,N116HQ,4599,1410005,PHL,1468502,SAV,1514,-6,1750,21,0
5078,08/05/2018,20452,N116HQ,4599,1468502,SAV,1410005,PHL,1819,20,2015,10,4.030194512
5079,08/05/2018,20452,N429YX,4600,1295304,LGA,1412202,PIT,1801,2,1936,-4,4.030194512
5080,08/05/2018,20452,N429YX,4600,1412202,PIT,1295304,LGA,2035,-8,2154,-26,4.030194512
5081,08/05/2018,20452,N113HQ,4602,1410005,PHL,1501606,STL,1810,-6,1944,-22,4.030194512
5082,08/05/2018,20452,N131HQ,4603,1105703,CLT,1233904,IND,2312,43,43,37,0
5083,08/05/2018,20452,N433YX,4604,1069302,BNA,1330303,MIA,1322,-6,1643,-7,4.030194512
5084,08/05/2018,20452,N433YX,4604,1330303,MIA,1069302,BNA,1136,-5,1247,-10,4.030194512
5085,08/05/2018,20452,N119HQ,4605,1127805,DCA,1354102,MVY,1120,-10,1245,-14,4.030194512
5086,08/05/2018,20452,N204JQ,6131,1319801,MCI,1295304,LGA,1834,39,2220,21,0
5087,08/05/2018,20452,N402YX,4696,1330303,MIA,1245102,JAX,1329,-7,1441,-12,4.030194512
5088,08/05/2018,20452,N439YX,4697,1078502,BTV,1127805,DCA,612,-3,748,-12,4.030194512
5089,08/05/2018,20452,N110HQ,4698,1127805,DCA,1432105,PWM,1001,-8,1153,5,4.030194512
5090,08/05/2018,20452,N110HQ,4698,1432105,PWM,1127805,DCA,1217,-1,1355,-15,4.030194512
5091,08/05/2018,20452,N104HQ,4699,1105703,CLT,1232305,ILM,1118,-2,1216,-2,4.030194512
5092,08/05/2018,20452,N104HQ,4699,1232305,ILM,1105703,CLT,1253,5,1402,-1,4.030194512
5093,08/05/2018,20452,N409YX,4704,1127805,DCA,1106606,CMH,1928,-2,2051,-8,4.030194512
5094,08/05/2018,20452,N430YX,4705,1245102,JAX,1410005,PHL,1632,-5,1847,-7,4.030194512
5095,08/05/2018,20452,N402YX,4706,1393102,ORF,1330303,MIA,701,-5,917,-12,4.030194512
5096,08/05/2018,20452,N416YX,4710,1127805,DCA,1354102,MVY,1503,3,1638,9,4.030194512
5097,08/05/2018,20452,N416YX,4710,1354102,MVY,1127805,DCA,1710,-1,1844,-6,4.030194512
5098,08/05/2018,20452,N135HQ,4712,1127805,DCA,1233904,IND,2203,-7,2343,-12,4.030194512
5099,08/05/2018,20452,N439YX,4713,1410005,PHL,1412202,PIT,1755,-4,1917,-15,4.030194512
5100,08/05/2018,20452,N447YX,4714,1330303,MIA,1393102,ORF,2121,-9,2341,-11,4.030194512
5101,08/05/2018,20452,N131HQ,4716,1127805,DCA,1329604,MHT,831,-9,1013,-4,4.030194512
5102,08/05/2018,20452,N131HQ,4716,1329604,MHT,1127805,DCA,1103,-11,1232,-28,4.030194512
5103,08/05/2018,20452,N134HQ,4717,1015405,ACK,1295304,LGA,1700,10,1825,5,4.030194512
5104,08/05/2018,20452,N134HQ,4717,1295304,LGA,1015405,ACK,1508,8,1617,-2,4.030194512
5105,08/05/2018,20452,N122HQ,4718,1410005,PHL,1430705,PVD,920,-5,1031,-13,4.030194512
5106,08/05/2018,20452,N122HQ,4718,1430705,PVD,1410005,PHL,1110,-4,1222,-18,4.030194512
5107,08/05/2018,20452,N111HQ,4719,1105703,CLT,1106606,CMH,1149,-1,1308,-12,4.030194512
5108,08/05/2018,20452,N111HQ,4719,1106606,CMH,1105703,CLT,1349,-5,1512,-13,4.030194512
5109,08/05/2018,20452,N136HQ,4721,1357702,MYR,1410005,PHL,1231,-7,1406,-14,4.030194512
5110,08/05/2018,20452,N136HQ,4721,1410005,PHL,1357702,MYR,1023,3,1156,-4,4.030194512
5111,08/05/2018,20452,N422YX,4723,1233904,IND,1330303,MIA,1743,-5,2019,-16,4.030194512
5112,08/05/2018,20452,N422YX,4723,1330303,MIA,1233904,IND,1411,-3,1638,-26,4.030194512
5113,08/05/2018,20452,N130HQ,4724,1410005,PHL,1127805,DCA,1711,16,1815,10,4.030194512
5114,08/05/2018,20452,N138HQ,4727,1105703,CLT,1143302,DTW,1440,-2,1621,-15,4.030194512
5115,08/05/2018,20452,N138HQ,4727,1143302,DTW,1105703,CLT,1704,-2,1913,9,4.030194512
5116,08/05/2018,20452,N122HQ,4729,1410005,PHL,1449202,RDU,1316,-4,1439,-8,4.030194512
5117,08/05/2018,20452,N122HQ,4729,1449202,RDU,1410005,PHL,1521,4,1646,-13,4.030194512
5118,08/05/2018,20452,N417YX,4730,1069302,BNA,1295304,LGA,1700,-5,2028,-2,4.030194512
5119,08/05/2018,20452,N417YX,4730,1295304,LGA,1069302,BNA,1427,-2,1548,-17,4.030194512
5120,08/05/2018,20452,N129HQ,4733,1127805,DCA,1324402,MEM,1524,-7,1635,-18,4.030194512
5121,08/05/2018,20452,N129HQ,4733,1324402,MEM,1127805,DCA,1742,-8,2048,-16,4.030194512
5122,08/05/2018,20452,N115HQ,4735,1105703,CLT,1233904,IND,1825,-5,2007,-9,4.030194512
5123,08/05/2018,20452,N104HQ,4736,1105703,CLT,1457606,ROC,2210,-5,2358,-6,4.030194512
5124,08/05/2018,20452,N136HQ,4737,1233904,IND,1410005,PHL,728,-6,914,-16,4.030194512
5125,08/05/2018,20452,N444YX,4740,1127805,DCA,1079206,BUF,2210,-5,2325,-3,4.030194512
5126,08/05/2018,20452,N409YX,4742,1127805,DCA,1457606,ROC,950,-10,1057,-23,4.030194512
5127,08/05/2018,20452,N409YX,4742,1457606,ROC,1127805,DCA,1146,-4,1256,-14,4.030194512
5128,08/05/2018,20452,N422YX,4743,1330303,MIA,1069302,BNA,2145,-5,2256,-17,4.030194512
5129,08/05/2018,20452,N427YX,4744,1127805,DCA,1329604,MHT,1501,-5,1639,-3,4.030194512
5130,08/05/2018,20452,N427YX,4744,1329604,MHT,1127805,DCA,1712,0,1853,-6,4.030194512
5131,08/05/2018,20452,N132HQ,4745,1410005,PHL,1509602,SYR,2129,-5,2241,-17,4.030194512
5132,08/05/2018,20452,N126HQ,4746,1105703,CLT,1069302,BNA,747,-3,815,-5,4.030194512
5133,08/05/2018,20452,N422YX,4747,1042302,AUS,1330303,MIA,912,-6,1249,-22,4.030194512
5134,08/05/2018,20452,N422YX,4747,1330303,MIA,1042302,AUS,646,-5,830,-18,4.030194512
5135,08/05/2018,20452,N135HQ,4751,1127805,DCA,1295304,LGA,1254,-6,1357,-32,4.030194512
5136,08/05/2018,20452,N421YX,4754,1295304,LGA,1127805,DCA,1154,-6,1307,-31,4.030194512
5137,08/05/2018,20452,N110HQ,4756,1127805,DCA,1295304,LGA,1451,-9,1615,-14,4.030194512
5138,08/05/2018,20452,N110HQ,4756,1295304,LGA,1127805,DCA,1648,-12,1803,-27,4.030194512
5139,08/05/2018,20452,N135HQ,4757,1127805,DCA,1295304,LGA,1754,-6,1902,-27,4.030194512
5140,08/05/2018,20452,N135HQ,4757,1295304,LGA,1127805,DCA,2004,4,2109,-21,4.030194512
5141,08/05/2018,20452,N110HQ,4758,1127805,DCA,1295304,LGA,1852,-8,2021,-14,4.030194512
5142,08/05/2018,20452,N135HQ,4759,1295304,LGA,1127805,DCA,1457,-3,1556,-41,4.030194512
5143,08/05/2018,20452,N119HQ,4762,1127805,DCA,1295304,LGA,1553,-7,1658,-31,4.030194512
5144,08/05/2018,20452,N119HQ,4762,1295304,LGA,1127805,DCA,1754,-6,1909,-32,4.030194512
5145,08/05/2018,20452,N429YX,4764,1127805,DCA,1295304,LGA,854,-6,1005,-25,4.030194512
5146,08/05/2018,20452,N119HQ,4765,1295304,LGA,1127805,DCA,858,-2,1010,-25,4.030194512
5147,08/05/2018,20452,N134HQ,4766,1295304,LGA,1127805,DCA,1909,9,2024,-12,4.030194512
5148,08/05/2018,20452,N131HQ,4768,1072102,BOS,1127805,DCA,555,-5,727,-17,4.030194512
5149,08/05/2018,20452,N137HQ,4769,1072102,BOS,1127805,DCA,1356,-4,1532,-10,4.030194512
5150,08/05/2018,20452,N137HQ,4769,1127805,DCA,1072102,BOS,1125,-5,1250,-9,4.030194512
5151,08/05/2018,20452,N129HQ,4771,1127805,DCA,1295304,LGA,2156,-4,2258,-24,4.030194512
5152,08/05/2018,20452,N213JQ,5888,1106606,CMH,1143302,DTW,1340,-6,1452,-2,4.030194512
5153,08/05/2018,20452,N357FC,5889,1334207,MKE,1295304,LGA,1135,5,1440,-2,4.030194512
5154,08/05/2018,20452,N879RW,5891,1072102,BOS,1233904,IND,1448,-6,1717,-12,4.030194512
5155,08/05/2018,20452,N203JQ,5892,1143302,DTW,1233904,IND,1742,-4,1847,-7,4.030194512
5156,08/05/2018,20452,N203JQ,5892,1233904,IND,1143302,DTW,1943,-7,2044,-15,4.030194512
5157,08/05/2018,20452,N210JQ,5893,1226603,IAH,1295304,LGA,1220,-5,1645,-30,4.030194512
5158,08/05/2018,20452,N872RW,5894,1295304,LGA,1099402,CHS,1458,-5,1711,-24,4.030194512
5159,08/05/2018,20452,N871RW,5895,1294503,LEX,1295304,LGA,646,-4,844,-11,4.030194512
5160,08/05/2018,20452,N868RW,5897,1072102,BOS,1106606,CMH,1532,32,1731,15,0
5161,08/05/2018,20452,N867RW,5898,1348502,MSN,1127805,DCA,1704,-11,1953,-23,4.030194512
5162,08/05/2018,20452,N815MD,5899,1295304,LGA,1072102,BOS,1300,0,1418,-6,4.030194512
5163,08/05/2018,20452,N879RW,5900,1072102,BOS,1233904,IND,850,-1,1108,-13,4.030194512
5164,08/05/2018,20452,N210JQ,5901,1072102,BOS,1233904,IND,4,229,224,214,0
5165,08/05/2018,20452,N205JQ,5902,1295304,LGA,1233904,IND,1930,-6,2142,-25,4.030194512
5166,08/05/2018,20452,N868RW,5903,1106606,CMH,1247805,JFK,1800,5,2014,14,4.030194512
5167,08/05/2018,20452,N867RW,5904,1127805,DCA,1247805,JFK,1050,-10,1209,-11,4.030194512
5168,08/05/2018,20452,N874RW,5905,1295304,LGA,1473003,SDF,1251,-8,1450,-35,4.030194512
5169,08/05/2018,20452,N214JQ,5906,1106606,CMH,1143302,DTW,636,-4,738,-11,4.030194512
5170,08/05/2018,20452,N810MD,5907,1105703,CLT,1295304,LGA,1559,-1,1757,-12,4.030194512
5171,08/05/2018,20452,N215JQ,5908,1072102,BOS,1295304,LGA,1555,-5,1727,-4,4.030194512
5172,08/05/2018,20452,N872RW,5909,1099402,CHS,1295304,LGA,1805,0,1954,-21,4.030194512
5173,08/05/2018,20452,N878RW,5910,1106606,CMH,1295304,LGA,1102,-8,1251,-6,4.030194512
5174,08/05/2018,20452,N206JQ,5911,1449202,RDU,1295304,LGA,1856,-4,2054,4,4.030194512
5175,08/05/2018,20452,N882RW,5912,1387102,OMA,1127805,DCA,1040,-15,1415,-12,4.030194512
5176,08/05/2018,20452,N870RW,5913,1295304,LGA,1324402,MEM,1026,-4,1203,-33,4.030194512
5177,08/05/2018,20452,N867RW,5914,1247805,JFK,1127805,DCA,1251,-10,1358,-31,4.030194512
5178,08/05/2018,20452,N823MD,5915,1449202,RDU,1295304,LGA,1158,-2,1339,-6,4.030194512
5179,08/05/2018,20452,N210JQ,5931,1233904,IND,1072102,BOS,2118,243,2331,236,0
5180,08/05/2018,20452,N206JQ,5933,1295304,LGA,1079206,BUF,2149,-4,2258,-21,4.030194512
5181,08/05/2018,20452,N882RW,5934,1295304,LGA,1127805,DCA,1655,-4,1814,-14,4.030194512
5182,08/05/2018,20452,N213JQ,5935,1129806,DFW,1295304,LGA,1851,46,2315,29,0
5183,08/05/2018,20452,N880RW,5936,1247805,JFK,1106606,CMH,940,0,1121,-14,4.030194512
5184,08/05/2018,20452,N868RW,5937,1247805,JFK,1106606,CMH,2055,15,2305,5,4.030194512
5185,08/05/2018,20452,N871RW,5938,1295304,LGA,1129806,DFW,931,-6,1202,-43,4.030194512
5186,08/05/2018,20452,N357FC,5939,1295304,LGA,1348502,MSN,1519,-6,1629,-43,4.030194512
5187,08/05/2018,20452,N880RW,5940,1247805,JFK,1106606,CMH,1444,-6,1614,-40,4.030194512
5188,08/05/2018,20452,N870RW,5941,1295304,LGA,1129806,DFW,1726,-3,2001,-33,4.030194512
5189,08/05/2018,20452,N207JQ,5943,1295304,LGA,1127805,DCA,1554,-5,1709,-20,4.030194512
5190,08/05/2018,20452,N868RW,5949,1072102,BOS,1106606,CMH,930,-1,1134,-12,4.030194512
5191,08/05/2018,20452,N880RW,5951,1072102,BOS,1106606,CMH,1956,-12,2150,-39,4.030194512
5192,08/05/2018,20452,N875RW,5952,1334207,MKE,1295304,LGA,1749,-6,2106,-8,4.030194512
5193,08/05/2018,20452,N815MD,5955,1295304,LGA,1226603,IAH,1811,-9,2100,-32,4.030194512
5194,08/05/2018,20452,N878RW,5956,1412202,PIT,1295304,LGA,1554,-3,1717,-22,4.030194512
5195,08/05/2018,20452,N875RW,5957,1295304,LGA,1457606,ROC,1131,-4,1243,-25,4.030194512
5196,08/05/2018,20452,N882RW,5958,1294503,LEX,1127805,DCA,628,13,748,9,4.030194512
5197,08/05/2018,20452,N216JQ,5960,1449202,RDU,1295304,LGA,959,-1,1150,5,4.030194512
5198,08/05/2018,20452,N203JQ,5961,1473003,SDF,1143302,DTW,613,3,751,20,0
5199,08/05/2018,20452,N208JQ,5963,1295304,LGA,1334207,MKE,1821,-8,1934,-37,4.030194512
5200,08/05/2018,20452,N203JQ,5966,1143302,DTW,1457606,ROC,820,0,933,-5,4.030194512
5201,08/05/2018,20452,N203JQ,5966,1457606,ROC,1143302,DTW,959,-9,1107,-23,4.030194512
5202,08/05/2018,20452,N202JQ,5968,1295304,LGA,1072102,BOS,1756,-3,1912,-11,4.030194512
5203,08/05/2018,20452,N868RW,5970,1106606,CMH,1072102,BOS,1255,39,1454,34,0
5204,08/05/2018,20452,N213JQ,5971,1334207,MKE,1295304,LGA,611,-4,919,-13,4.030194512
5205,08/05/2018,20452,N201JQ,5975,1319801,MCI,1295304,LGA,1117,0,1506,-13,4.030194512
5206,08/05/2018,20452,N878RW,5976,1295304,LGA,1412202,PIT,1333,-8,1501,-20,4.030194512
5207,08/05/2018,20452,N211JQ,5977,1129806,DFW,1295304,LGA,1619,-1,2044,-18,4.030194512
5208,08/05/2018,20452,N815MD,5978,1319801,MCI,1072102,BOS,555,-10,1013,-1,4.030194512
5209,08/05/2018,20452,N875RW,5979,1295304,LGA,1334207,MKE,1538,-2,1648,-31,4.030194512
5210,08/05/2018,20452,N824MD,5980,1295304,LGA,1412202,PIT,1701,-4,1823,-32,4.030194512
5211,08/05/2018,20452,N201JQ,5981,1072102,BOS,1319801,MCI,1809,-6,2015,-42,4.030194512
5212,08/05/2018,20452,N870RW,5983,1324402,MEM,1295304,LGA,1305,-1,1646,-3,4.030194512
5213,08/05/2018,20452,N824MD,5984,1412202,PIT,1295304,LGA,1926,-5,2123,7,4.030194512
5214,08/05/2018,20452,N810MD,5985,1295304,LGA,1334207,MKE,702,-3,821,-13,4.030194512
5215,08/05/2018,20452,N879RW,5987,1106606,CMH,1072102,BOS,612,-2,806,-5,4.030194512
5216,08/05/2018,20452,N202JQ,5988,1233904,IND,1295304,LGA,1453,-7,1654,-15,4.030194512
5217,08/05/2018,20452,N216JQ,5989,1449202,RDU,1295304,LGA,1456,-4,1657,8,4.030194512
5218,08/05/2018,20452,N211JQ,5991,1295304,LGA,1129806,DFW,1255,4,1541,-5,4.030194512
5219,08/05/2018,20452,N204JQ,5993,1129806,DFW,1295304,LGA,919,-1,1348,-11,4.030194512
5220,08/05/2018,20452,N873RW,5994,1233904,IND,1295304,LGA,1114,-1,1316,-2,4.030194512
5221,08/05/2018,20452,N879RW,5995,1233904,IND,1143302,DTW,1755,-4,1913,-1,4.030194512
5222,08/05/2018,20452,N880RW,5999,1106606,CMH,1247805,JFK,703,0,858,-2,4.030194512
5223,08/05/2018,20452,N860RW,6002,1463502,RSW,1072102,BOS,1152,-8,1524,10,4.030194512
5224,08/05/2018,20452,N823MD,6003,1226603,IAH,1295304,LGA,1855,0,2327,-11,4.030194512
5225,08/05/2018,20452,N879RW,6007,1143302,DTW,1106606,CMH,2001,-4,2055,-6,4.030194512
5226,08/05/2018,20452,N860RW,6008,1072102,BOS,1463502,RSW,710,0,1037,3,4.030194512
5227,08/05/2018,20452,N202JQ,6009,1295304,LGA,1233904,IND,1145,5,1345,-22,4.030194512
5228,08/05/2018,20452,N207JQ,6010,1463502,RSW,1295304,LGA,748,-12,1032,-27,4.030194512
5229,08/05/2018,20452,N867RW,6011,1127805,DCA,1348502,MSN,1500,-10,1618,-7,4.030194512
5230,08/05/2018,20452,N824MD,6012,1245102,JAX,1295304,LGA,1345,-5,1609,-8,4.030194512
5231,08/05/2018,20452,N810MD,6014,1334207,MKE,1295304,LGA,902,-5,1218,-2,4.030194512
5232,08/05/2018,20452,N823MD,6015,1106606,CMH,1295304,LGA,658,-2,841,-8,4.030194512
5233,08/05/2018,20452,N213JQ,6016,1295304,LGA,1106606,CMH,1107,-3,1242,-34,4.030194512
5234,08/05/2018,20452,N873RW,6018,1127805,DCA,1295304,LGA,1557,-3,1718,-6,4.030194512
5235,08/05/2018,20452,N357FC,6019,1348502,MSN,1295304,LGA,1744,-10,2103,-12,4.030194512
5236,08/05/2018,20452,N206JQ,6020,1295304,LGA,1449202,RDU,1620,-9,1821,-9,4.030194512
5237,08/05/2018,20452,N878RW,6021,1295304,LGA,1127805,DCA,1852,-7,2004,-29,4.030194512
5238,08/05/2018,20452,N823MD,6022,1295304,LGA,1226603,IAH,1507,-3,1755,-27,4.030194512
5239,08/05/2018,20452,N203JQ,6023,1143302,DTW,1106606,CMH,2200,0,2252,-4,4.030194512
5240,08/05/2018,20452,N873RW,6024,1295304,LGA,1127805,DCA,1753,-6,1920,-14,4.030194512
5241,08/05/2018,20452,N207JQ,6025,1127805,DCA,1295304,LGA,1758,-2,1912,-20,4.030194512
5242,08/05/2018,20452,N868RW,6026,1233904,IND,1072102,BOS,630,0,850,4,4.030194512
5243,08/05/2018,20452,N205JQ,6027,1295304,LGA,1127805,DCA,1454,-5,1607,-22,4.030194512
5244,08/05/2018,20452,N216JQ,6028,1295304,LGA,1449202,RDU,1225,-5,1357,-33,4.030194512
5245,08/05/2018,20452,N882RW,6029,1127805,DCA,1295304,LGA,1500,0,1621,-3,4.030194512
5246,08/05/2018,20452,N207JQ,6030,1127805,DCA,1295304,LGA,1359,0,1517,-6,4.030194512
5247,08/05/2018,20452,N207JQ,6031,1295304,LGA,1129806,DFW,1956,-3,2222,-41,4.030194512
5248,08/05/2018,20452,N204JQ,6032,1295304,LGA,1319801,MCI,1439,-6,1649,-19,4.030194512
5249,08/05/2018,20452,N872RW,6033,1295304,LGA,1538005,TVC,919,-6,1121,-31,4.030194512
5250,08/05/2018,20452,N209JQ,6034,1129806,DFW,1143302,DTW,1430,210,1803,193,0
5251,08/05/2018,20452,N824MD,6035,1295304,LGA,1245102,JAX,1023,-2,1255,-17,4.030194512
5252,08/05/2018,20452,N873RW,6036,1127805,DCA,1294503,LEX,2012,-3,2136,-16,4.030194512
5253,08/05/2018,20452,N810MD,6037,1295304,LGA,1105703,CLT,1256,-4,1504,-22,4.030194512
5254,08/05/2018,20452,N209JQ,6038,1129806,DFW,1143302,DTW,711,-4,1048,-22,4.030194512
5255,08/05/2018,20452,N823MD,6040,1295304,LGA,1449202,RDU,928,-2,1111,-14,4.030194512
5256,08/05/2018,20452,N882RW,6041,1127805,DCA,1295304,LGA,1858,-1,2031,-2,4.030194512
5257,08/05/2018,20452,N205JQ,6052,1127805,DCA,1295304,LGA,1658,-2,1821,-3,4.030194512
5258,08/05/2018,20452,N206JQ,6058,1295304,LGA,1072102,BOS,1154,-6,1259,-31,4.030194512
5259,08/05/2018,20452,N215JQ,6062,1295304,LGA,1072102,BOS,1405,6,1514,-9,4.030194512
5260,08/05/2018,20452,N215JQ,6063,1072102,BOS,1295304,LGA,1158,-2,1308,-12,4.030194512
5261,08/05/2018,20452,N201JQ,6066,1295304,LGA,1072102,BOS,1553,-7,1710,-22,4.030194512
5262,08/05/2018,20452,N206JQ,6067,1072102,BOS,1295304,LGA,1354,-6,1456,-34,4.030194512
5263,08/05/2018,20452,N815MD,6069,1072102,BOS,1295304,LGA,1500,0,1603,-22,4.030194512
5264,08/05/2018,20452,N815MD,6075,1072102,BOS,1295304,LGA,1059,-1,1213,-12,4.030194512
5265,08/05/2018,20452,N202JQ,6086,1233904,IND,1295304,LGA,859,-1,1108,0,4.030194512
5266,08/05/2018,20452,N882RW,6088,1127805,DCA,1387102,OMA,817,2,946,-31,4.030194512
5267,08/05/2018,20452,N874RW,6089,1295304,LGA,1473003,SDF,1918,-7,2121,-39,4.030194512
5268,08/05/2018,20452,N213JQ,6094,1143302,DTW,1129806,DFW,1635,59,1820,45,0
5269,08/05/2018,20452,N879RW,6096,1233904,IND,1072102,BOS,1150,-1,1409,-5,4.030194512
5270,08/05/2018,20452,N210JQ,6097,1295304,LGA,1233904,IND,1751,-4,1959,-19,4.030194512
5271,08/05/2018,20452,N874RW,6099,1473003,SDF,1295304,LGA,1610,-5,1815,-14,4.030194512
5272,08/05/2018,20452,N870RW,6102,1457606,ROC,1295304,LGA,654,-6,805,-11,4.030194512
5273,08/05/2018,20452,N208JQ,6103,1295304,LGA,1106606,CMH,1318,-7,1455,-25,4.030194512
5274,08/05/2018,20452,N203JQ,6104,1143302,DTW,1294503,LEX,1338,-7,1502,0,4.030194512
5275,08/05/2018,20452,N203JQ,6104,1294503,LEX,1143302,DTW,1533,-2,1648,-9,4.030194512
5276,08/05/2018,20452,N880RW,6105,1106606,CMH,1072102,BOS,1716,-8,1918,-10,4.030194512
5277,08/05/2018,20452,N880RW,6107,1106606,CMH,1247805,JFK,1202,-3,1405,6,4.030194512
5278,08/05/2018,20452,N875RW,6108,1457606,ROC,1295304,LGA,1334,-6,1449,-11,4.030194512
5279,08/05/2018,20452,N871RW,6109,1143302,DTW,1473003,SDF,1954,-6,2105,-13,4.030194512
5280,08/05/2018,20452,N824MD,6110,1348502,MSN,1295304,LGA,611,0,926,-4,4.030194512
5281,08/05/2018,20452,N208JQ,6111,1295304,LGA,1473003,SDF,732,3,937,-17,4.030194512
5282,08/05/2018,20452,N216JQ,6112,1295304,LGA,1449202,RDU,1734,5,1911,-26,4.030194512
5283,08/05/2018,20452,N872RW,6114,1473003,SDF,1295304,LGA,613,-4,818,-11,4.030194512
5284,08/05/2018,20452,N872RW,6115,1295304,LGA,1457606,ROC,2153,-2,2311,0,4.030194512
5285,08/05/2018,20452,N871RW,6116,1129806,DFW,1143302,DTW,1314,-1,1644,-16,4.030194512
5286,08/05/2018,20452,N209JQ,6117,1143302,DTW,1233904,IND,1841,186,1942,177,0
5287,08/05/2018,20452,N870RW,6118,1129806,DFW,1295304,LGA,1203,1293,1635,1279,0
5288,08/05/2018,20452,N810MD,6119,1295304,LGA,1106606,CMH,2015,0,2242,24,0
5289,08/05/2018,20452,N810MD,6120,1295304,LGA,1348502,MSN,2056,-4,2206,-32,4.030194512
5290,08/05/2018,20452,N875RW,6121,1106606,CMH,1295304,LGA,832,-8,1015,-16,4.030194512
5291,08/05/2018,20452,N208JQ,6122,1106606,CMH,1295304,LGA,1541,-9,1728,-15,4.030194512
5292,08/05/2018,20452,N209JQ,6123,1143302,DTW,1129806,DFW,1203,-1,1355,-5,4.030194512
5293,08/05/2018,20452,N215JQ,6124,1295304,LGA,1106606,CMH,1823,12,2020,0,4.030194512
5294,08/05/2018,20452,N208JQ,6125,1473003,SDF,1295304,LGA,1026,-4,1237,-6,4.030194512
5295,08/05/2018,20452,N357FC,6128,1295304,LGA,1334207,MKE,959,49,1101,7,4.030194512
5296,08/05/2018,20452,N214JQ,6129,1143302,DTW,1129806,DFW,833,-3,1020,-10,4.030194512
5297,08/05/2018,20452,N216JQ,6130,1449202,RDU,1106606,CMH,2013,-2,2130,-10,4.030194512
5298,08/05/2018,20452,N211JQ,6132,1538005,TVC,1295304,LGA,1004,-1,1222,14,4.030194512
5299,08/05/2018,20452,N874RW,6133,1295304,LGA,1127805,DCA,658,-2,801,-14,4.030194512
5300,08/05/2018,20452,N872RW,6134,1538005,TVC,1295304,LGA,1222,-3,1421,-7,4.030194512
5301,08/05/2018,20452,N874RW,6140,1127805,DCA,1295304,LGA,1055,-5,1214,-5,4.030194512
5302,08/05/2018,20452,N207JQ,6141,1295304,LGA,1127805,DCA,1159,-1,1311,-15,4.030194512
5303,08/05/2018,20452,N205JQ,6142,1127805,DCA,1295304,LGA,1255,-4,1413,-11,4.030194512
5304,08/05/2018,20452,N873RW,6143,1295304,LGA,1127805,DCA,1358,-1,1511,-14,4.030194512
5305,08/05/2018,19930,N516AS,1,1127805,DCA,1474703,SEA,804,1,1023,-35,4.030194512
5306,08/05/2018,19930,N523AS,2,1474703,SEA,1127805,DCA,1341,-6,2151,-7,4.030194512
5307,08/05/2018,19930,N588AS,3,1127805,DCA,1474703,SEA,1851,-4,2113,-40,4.030194512
5308,08/05/2018,19930,N512AS,4,1474703,SEA,1127805,DCA,753,-13,1547,-32,4.030194512
5309,08/05/2018,19930,N537AS,5,1448902,RDM,1474703,SEA,1428,-7,1538,-12,4.030194512
5310,08/05/2018,19930,N537AS,6,1474703,SEA,1448902,RDM,1219,-11,1326,-14,4.030194512
5311,08/05/2018,19930,N459AS,7,1247805,JFK,1474703,SEA,719,-3,1023,-11,4.030194512
5312,08/05/2018,19930,N559AS,8,1474703,SEA,1161802,EWR,756,-4,1608,-22,4.030194512
5313,08/05/2018,19930,N282AK,9,1320402,MCO,1474703,SEA,715,11,1006,-1,4.030194512
5314,08/05/2018,19930,N248AK,10,1474703,SEA,1320402,MCO,2115,0,539,-8,4.030194512
5315,08/05/2018,19930,N461AS,11,1161802,EWR,1474703,SEA,1541,-6,1844,-24,4.030194512
5316,08/05/2018,19930,N274AK,12,1474703,SEA,1072102,BOS,638,-7,1513,8,4.030194512
5317,08/05/2018,19930,N464AS,14,1474703,SEA,1161802,EWR,1539,-1,2336,-20,4.030194512
5318,08/05/2018,19930,N267AK,15,1072102,BOS,1474703,SEA,1911,11,2235,9,4.030194512
5319,08/05/2018,19930,N518AS,16,1474703,SEA,1320402,MCO,742,-8,1613,-22,4.030194512
5320,08/05/2018,19930,N492AS,17,1410005,PHL,1474703,SEA,1657,0,1940,-29,4.030194512
5321,08/05/2018,19930,N428AS,18,1474703,SEA,1247805,JFK,2138,-2,559,-3,4.030194512
5322,08/05/2018,19930,N288AK,19,1320402,MCO,1474703,SEA,1908,-7,2212,-8,4.030194512
5323,08/05/2018,19930,N423AS,20,1474703,SEA,1393006,ORD,41,-4,643,3,4.030194512
5324,08/05/2018,19930,N272AK,21,1393006,ORD,1474703,SEA,1938,13,2217,19,0
5325,08/05/2018,19930,N272AK,22,1474703,SEA,1393006,ORD,1205,-5,1849,33,0
5326,08/05/2018,19930,N423AS,23,1393006,ORD,1474703,SEA,808,8,1051,18,0
5327,08/05/2018,19930,N577AS,24,1474703,SEA,1072102,BOS,2130,-5,543,-9,4.030194512
5328,08/05/2018,19930,N247AK,25,1072102,BOS,1474703,SEA,739,32,1038,12,4.030194512
5329,08/05/2018,19930,N477AS,26,1474703,SEA,1393006,ORD,1721,-9,2324,-3,4.030194512
5330,08/05/2018,19930,N581AS,27,1393006,ORD,1474703,SEA,628,13,849,6,4.030194512
5331,08/05/2018,19930,N320AS,28,1474703,SEA,1348702,MSP,1850,65,3,61,0
5332,08/05/2018,19930,N281AK,29,1393006,ORD,1474703,SEA,1640,150,1857,136,0
5333,08/05/2018,19930,N267AK,30,1405702,PDX,1072102,BOS,918,-7,1812,17,0
5334,08/05/2018,19930,N287AK,31,1161802,EWR,1474703,SEA,609,2,855,-13,4.030194512
5335,08/05/2018,19930,N492AS,32,1474703,SEA,1410005,PHL,730,0,1519,-29,4.030194512
5336,08/05/2018,19930,N274AK,33,1072102,BOS,1405702,PDX,1618,3,1914,-23,4.030194512
5337,08/05/2018,19930,N285AK,34,1474703,SEA,1393006,ORD,958,-7,1607,-7,4.030194512
5338,08/05/2018,19930,N236AK,35,1169706,FLL,1474703,SEA,1902,-2,2250,15,0
5339,08/05/2018,19930,N260AK,36,1474703,SEA,1348702,MSP,820,0,1343,0,4.030194512
5340,08/05/2018,19930,N260AK,37,1348702,MSP,1474703,SEA,1438,-11,1618,-20,4.030194512
5341,08/05/2018,19930,N236AK,38,1474703,SEA,1169706,FLL,842,-16,1734,-21,4.030194512
5342,08/05/2018,19930,N303AS,39,1348702,MSP,1474703,SEA,645,-4,838,-2,4.030194512
5343,08/05/2018,19930,N532AS,40,1017004,ADQ,1029906,ANC,1709,13,1805,12,4.030194512
5344,08/05/2018,19930,N611AS,43,1029906,ANC,1055102,BET,1015,0,1140,11,4.030194512
5345,08/05/2018,19930,N611AS,44,1055102,BET,1029906,ANC,1214,-5,1320,-10,4.030194512
5346,08/05/2018,19930,N614AS,45,1029906,ANC,1055102,BET,1845,0,2032,30,0
5347,08/05/2018,19930,N614AS,46,1055102,BET,1029906,ANC,2107,15,2213,9,4.030194512
5348,08/05/2018,19930,N532AS,49,1029906,ANC,1017004,ADQ,1513,3,1608,-3,4.030194512
5349,08/05/2018,19930,N551AS,50,1029906,ANC,1470904,SCC,1455,16,1638,15,0
5350,08/05/2018,19930,N551AS,50,1075405,BRW,1029906,ANC,1902,-2,2047,-13,4.030194512
5351,08/05/2018,19930,N551AS,50,1470904,SCC,1075405,BRW,1717,-3,1801,-6,4.030194512
5352,08/05/2018,19930,N285AK,51,1393006,ORD,1474703,SEA,1718,-2,1937,-19,4.030194512
5353,08/05/2018,19930,N277AK,52,1029906,ANC,1474703,SEA,1400,-10,1814,-26,4.030194512
5354,08/05/2018,19930,N524AS,53,1161802,EWR,1405702,PDX,1605,-5,1908,-12,4.030194512
5355,08/05/2018,19930,N524AS,54,1405702,PDX,1161802,EWR,630,-3,1512,7,4.030194512
5356,08/05/2018,19930,N607AS,55,1029906,ANC,1470904,SCC,722,-8,858,-15,4.030194512
5357,08/05/2018,19930,N607AS,55,1075405,BRW,1163002,FAI,1208,23,1323,19,0
5358,08/05/2018,19930,N607AS,55,1163002,FAI,1029906,ANC,1356,-4,1450,-10,4.030194512
5359,08/05/2018,19930,N607AS,55,1470904,SCC,1075405,BRW,944,-22,1030,-25,4.030194512
5360,08/05/2018,19930,N481AS,56,1474703,SEA,1393006,ORD,818,-7,1430,-4,4.030194512
5361,08/05/2018,19930,N419AS,57,1474703,SEA,1029906,ANC,1344,-11,1622,-17,4.030194512
5362,08/05/2018,19930,N520AS,58,1482805,SIT,1474703,SEA,1339,-16,1656,-10,4.030194512
5363,08/05/2018,19930,N275AK,59,1474703,SEA,1252306,JNU,1331,-4,1442,-25,4.030194512
5364,08/05/2018,19930,N525AS,60,1281902,KTN,1474703,SEA,939,-5,1243,4,4.030194512
5365,08/05/2018,19930,N551AS,61,1599102,YAK,1092603,CDV,1125,-6,1215,-8,4.030194512
5366,08/05/2018,19930,N551AS,61,1252306,JNU,1599102,YAK,933,-18,1028,-18,4.030194512
5367,08/05/2018,19930,N551AS,61,1092603,CDV,1029906,ANC,1308,0,1403,5,4.030194512
5368,08/05/2018,19930,N551AS,61,1474703,SEA,1252306,JNU,721,-4,841,-20,4.030194512
5369,08/05/2018,19930,N549AS,62,1029906,ANC,1252306,JNU,734,-7,904,-17,4.030194512
5370,08/05/2018,19930,N549AS,62,1482805,SIT,1281902,KTN,1137,-15,1232,-11,4.030194512
5371,08/05/2018,19930,N549AS,62,1252306,JNU,1482805,SIT,1007,-9,1047,-10,4.030194512
5372,08/05/2018,19930,N549AS,62,1281902,KTN,1474703,SEA,1330,-10,1628,-4,4.030194512
5373,08/05/2018,19930,N520AS,63,1474703,SEA,1482805,SIT,1133,-7,1250,-10,4.030194512
5374,08/05/2018,19930,N619AS,64,1281902,KTN,1474703,SEA,1833,56,2119,52,0
5375,08/05/2018,19930,N619AS,64,1425605,PSG,1584102,WRG,1650,106,1706,100,0
5376,08/05/2018,19930,N619AS,64,1029906,ANC,1252306,JNU,1205,62,1341,61,0
5377,08/05/2018,19930,N619AS,64,1252306,JNU,1425605,PSG,1519,109,1618,125,0
5378,08/05/2018,19930,N619AS,64,1584102,WRG,1281902,KTN,1729,77,1804,77,0
5379,08/05/2018,19930,N613AS,65,1584102,WRG,1425605,PSG,1026,-10,1044,-15,4.030194512
5380,08/05/2018,19930,N613AS,65,1425605,PSG,1252306,JNU,1136,-13,1207,-24,4.030194512
5381,08/05/2018,19930,N613AS,65,1252306,JNU,1029906,ANC,1310,-11,1458,-6,4.030194512
5382,08/05/2018,19930,N613AS,65,1281902,KTN,1584102,WRG,911,-3,942,-9,4.030194512
5383,08/05/2018,19930,N613AS,65,1474703,SEA,1281902,KTN,718,-2,807,-22,4.030194512
5384,08/05/2018,19930,N615AS,66,1252306,JNU,1474703,SEA,2005,-12,2327,-14,4.030194512
5385,08/05/2018,19930,N615AS,66,1599102,YAK,1252306,JNU,1820,-12,1910,-11,4.030194512
5386,08/05/2018,19930,N615AS,66,1029906,ANC,1092603,CDV,1505,-15,1555,-13,4.030194512
5387,08/05/2018,19930,N615AS,66,1092603,CDV,1599102,YAK,1626,-31,1718,-29,4.030194512
5388,08/05/2018,19930,N506AS,67,1252306,JNU,1029906,ANC,2014,-18,2200,-18,4.030194512
5389,08/05/2018,19930,N506AS,67,1482805,SIT,1252306,JNU,1842,-22,1916,-26,4.030194512
5390,08/05/2018,19930,N506AS,67,1281902,KTN,1482805,SIT,1715,-9,1801,-13,4.030194512
5391,08/05/2018,19930,N506AS,67,1474703,SEA,1281902,KTN,1538,8,1630,-4,4.030194512
5392,08/05/2018,19930,N590AS,68,1482805,SIT,1474703,SEA,1000,-3,1319,2,4.030194512
5393,08/05/2018,19930,N590AS,68,1252306,JNU,1482805,SIT,808,-19,845,-23,4.030194512
5394,08/05/2018,19930,N590AS,68,1474703,SEA,1252306,JNU,552,-8,715,-12,4.030194512
5395,08/05/2018,19930,N514AS,69,1281902,KTN,1252306,JNU,2034,-25,2123,-33,4.030194512
5396,08/05/2018,19930,N514AS,69,1474703,SEA,1281902,KTN,1906,-4,1957,-17,4.030194512
5397,08/05/2018,19930,N528AS,70,1252306,JNU,1482805,SIT,2228,-23,2303,-27,4.030194512
5398,08/05/2018,19930,N528AS,70,1029906,ANC,1252306,JNU,2010,-7,2150,-9,4.030194512
5399,08/05/2018,19930,N622AS,71,1252306,JNU,1199702,GST,1619,-7,1647,-14,4.030194512
5400,08/05/2018,19930,N622AS,71,1474703,SEA,1252306,JNU,1400,-5,1540,4,4.030194512
5401,08/05/2018,19930,N403AS,72,1252306,JNU,1474703,SEA,705,-14,1037,-5,4.030194512
5402,08/05/2018,19930,N614AS,73,1252306,JNU,1029906,ANC,719,-11,900,-16,4.030194512
5403,08/05/2018,19930,N552AS,74,1029906,ANC,1252306,JNU,1841,-14,2012,-22,4.030194512
5404,08/05/2018,19930,N282AK,75,1474703,SEA,1252306,JNU,1059,19,1215,-1,4.030194512
5405,08/05/2018,19930,N282AK,76,1252306,JNU,1474703,SEA,1313,-8,1637,-5,4.030194512
5406,08/05/2018,19930,N622AS,77,1252306,JNU,1029906,ANC,1849,-20,2040,-15,4.030194512
5407,08/05/2018,19930,N622AS,77,1199702,GST,1252306,JNU,1729,-23,1753,-26,4.030194512
5408,08/05/2018,19930,N275AK,78,1252306,JNU,1474703,SEA,1552,-10,1913,-13,4.030194512
5409,08/05/2018,19930,N461AS,79,1474703,SEA,1252306,JNU,2012,7,2136,0,4.030194512
5410,08/05/2018,19930,N320AS,80,1029906,ANC,1474703,SEA,1158,-2,1620,-5,4.030194512
5411,08/05/2018,19930,N552AS,81,1474703,SEA,1029906,ANC,504,-6,742,-4,4.030194512
5412,08/05/2018,19930,N320AS,83,1474703,SEA,1029906,ANC,809,-1,1048,-8,4.030194512
5413,08/05/2018,19930,N483AS,84,1029906,ANC,1474703,SEA,1103,-4,1519,-13,4.030194512
5414,08/05/2018,19930,N285AK,85,1039707,ATL,1474703,SEA,627,-5,842,-17,4.030194512
5415,08/05/2018,19930,N607AS,86,1163002,FAI,1029906,ANC,531,1,631,1,4.030194512
5416,08/05/2018,19930,N520AS,88,1029906,ANC,1474703,SEA,600,-5,1031,-2,4.030194512
5417,08/05/2018,19930,N403AS,89,1474703,SEA,1029906,ANC,2214,-6,103,6,4.030194512
5418,08/05/2018,19930,N419AS,90,1029906,ANC,1474703,SEA,1753,-8,2225,-5,4.030194512
5419,08/05/2018,19930,N618AS,91,1474703,SEA,1029906,ANC,1043,13,1310,-3,4.030194512
5420,08/05/2018,19930,N483AS,92,1029906,ANC,1474703,SEA,2101,-6,117,-19,4.030194512
5421,08/05/2018,19930,N551AS,94,1029906,ANC,1474703,SEA,2350,-5,405,-18,4.030194512
5422,08/05/2018,19930,N266AK,95,1474703,SEA,1029906,ANC,1748,-7,2025,-9,4.030194512
5423,08/05/2018,19930,N618AS,96,1029906,ANC,1474703,SEA,1401,212,1819,205,0
5424,08/05/2018,19930,N492AS,97,1474703,SEA,1029906,ANC,2100,-5,2330,-18,4.030194512
5425,08/05/2018,19930,N306AS,98,1029906,ANC,1474703,SEA,144,-11,611,-12,4.030194512
5426,08/05/2018,19930,N487AS,99,1474703,SEA,1029906,ANC,1943,0,2216,-7,4.030194512
5427,08/05/2018,19930,N563AS,100,1029906,ANC,1474703,SEA,939,-10,1408,-6,4.030194512
5428,08/05/2018,19930,N483AS,101,1474703,SEA,1029906,ANC,712,-2,939,-21,4.030194512
5429,08/05/2018,19930,N442AS,103,1474703,SEA,1163002,FAI,2326,-4,211,-1,4.030194512
5430,08/05/2018,19930,N495AS,104,1029906,ANC,1474703,SEA,1318,-1,1742,-2,4.030194512
5431,08/05/2018,19930,N538AS,105,1474703,SEA,1029906,ANC,1220,-5,1501,-8,4.030194512
5432,08/05/2018,19930,N266AK,106,1029906,ANC,1474703,SEA,2150,-4,202,-21,4.030194512
5433,08/05/2018,19930,N528AS,107,1474703,SEA,1029906,ANC,1653,28,1928,24,0
5434,08/05/2018,19930,N272AK,108,1029906,ANC,1474703,SEA,14,-8,430,-20,4.030194512
5435,08/05/2018,19930,N525AS,110,1474703,SEA,1247805,JFK,1413,8,2242,0,4.030194512
5436,08/05/2018,19930,N434AS,111,1474703,SEA,1029906,ANC,1135,-5,1415,-12,4.030194512
5437,08/05/2018,19930,N270AK,112,1029906,ANC,1474703,SEA,801,-4,1225,-10,4.030194512
5438,08/05/2018,19930,N495AS,113,1474703,SEA,1029906,ANC,921,-8,1142,-30,4.030194512
5439,08/05/2018,19930,N474AS,114,1029906,ANC,1474703,SEA,108,-5,522,-19,4.030194512
5440,08/05/2018,19930,N277AK,115,1474703,SEA,1029906,ANC,1010,0,1255,2,4.030194512
5441,08/05/2018,19930,N260AK,116,1029906,ANC,1474703,SEA,226,-6,646,-14,4.030194512
5442,08/05/2018,19930,N238AK,117,1474703,SEA,1163002,FAI,1951,-8,2240,-4,4.030194512
5443,08/05/2018,19930,N434AS,120,1029906,ANC,1474703,SEA,1616,0,2045,2,4.030194512
5444,08/05/2018,19930,N520AS,121,1474703,SEA,1029906,ANC,28,-12,258,-19,4.030194512
5445,08/05/2018,19930,N442AS,123,1474703,SEA,1163002,FAI,1400,-5,1703,13,4.030194512
5446,08/05/2018,19930,N442AS,124,1163002,FAI,1474703,SEA,1757,2,2220,-9,4.030194512
5447,08/05/2018,19930,N284AK,129,1289208,LAX,1029906,ANC,955,-5,1424,-10,4.030194512
5448,08/05/2018,19930,N532AS,131,1405702,PDX,1029906,ANC,1137,1,1412,-7,4.030194512
5449,08/05/2018,19930,N238AK,132,1163002,FAI,1474703,SEA,2345,-14,355,-38,4.030194512
5450,08/05/2018,19930,N569AS,133,1474703,SEA,1163002,FAI,2208,33,107,47,0
5451,08/05/2018,19930,N622AS,134,1029906,ANC,1405702,PDX,36,-9,508,-11,4.030194512
5452,08/05/2018,19930,N277AK,135,1393006,ORD,1029906,ANC,32,-3,342,-28,4.030194512
5453,08/05/2018,19930,N612AS,136,1029906,ANC,1405702,PDX,211,1,642,-6,4.030194512
5454,08/05/2018,19930,N614AS,138,1029906,ANC,1393006,ORD,2314,-1,920,52,0
5455,08/05/2018,19930,N615AS,139,1393006,ORD,1029906,ANC,1002,12,1337,4,4.030194512
5456,08/05/2018,19930,N611AS,140,1029906,ANC,1405702,PDX,1512,-7,1947,-8,4.030194512
5457,08/05/2018,19930,N528AS,141,1288903,LAS,1474703,SEA,606,-9,836,-12,4.030194512
5458,08/05/2018,19930,N284AK,142,1029906,ANC,1289208,LAX,1530,0,2145,-2,4.030194512
5459,08/05/2018,19930,N557AS,143,1405702,PDX,1029906,ANC,2050,-10,2333,-13,4.030194512
5460,08/05/2018,19930,N613AS,144,1029906,ANC,1393006,ORD,1936,-8,459,9,4.030194512
5461,08/05/2018,19930,N586AS,145,1474703,SEA,1217305,HNL,1823,8,2200,42,0
5462,08/05/2018,19930,N592AS,147,1029906,ANC,1163002,FAI,1744,-1,1914,28,0
5463,08/05/2018,19930,N440AS,149,1483106,SJC,1275804,KOA,835,-10,1052,-13,4.030194512
5464,08/05/2018,19930,N506AS,150,1029906,ANC,1289208,LAX,2310,-10,520,-23,4.030194512
5465,08/05/2018,19930,N614AS,151,1029906,ANC,1387305,OME,958,-8,1137,-2,4.030194512
5466,08/05/2018,19930,N614AS,152,1387305,OME,1029906,ANC,1230,4,1345,-11,4.030194512
5467,08/05/2018,19930,N607AS,153,1387305,OME,1029906,ANC,2014,-9,2127,-25,4.030194512
5468,08/05/2018,19930,N607AS,153,1029906,ANC,1397005,OTZ,1624,-1,1758,-1,4.030194512
5469,08/05/2018,19930,N607AS,153,1397005,OTZ,1387305,OME,1850,0,1934,2,4.030194512
5470,08/05/2018,19930,N619AS,154,1397005,OTZ,1029906,ANC,1001,89,1126,81,0
5471,08/05/2018,19930,N307AS,156,1163002,FAI,1474703,SEA,132,12,558,4,4.030194512
5472,08/05/2018,19930,N538AS,162,1217305,HNL,1474703,SEA,2148,3,615,-21,4.030194512
5473,08/05/2018,19930,N619AS,165,1029906,ANC,1397005,OTZ,719,69,858,74,0
5474,08/05/2018,19930,N534AS,171,1072102,BOS,1405702,PDX,755,-5,1046,-28,4.030194512
5475,08/05/2018,19930,N274AK,172,1405702,PDX,1072102,BOS,2249,-8,715,-12,4.030194512
5476,08/05/2018,19930,N594AS,174,1281902,KTN,1474703,SEA,1527,-17,1827,-7,4.030194512
5477,08/05/2018,19930,N267AK,175,1474703,SEA,1029906,ANC,2324,-6,156,-11,4.030194512
5478,08/05/2018,19930,N536AS,176,1252306,JNU,1474703,SEA,505,-10,824,-11,4.030194512
5479,08/05/2018,19930,N506AS,178,1281902,KTN,1474703,SEA,1137,-7,1443,7,4.030194512
5480,08/05/2018,19930,N506AS,179,1474703,SEA,1281902,KTN,934,-6,1034,-15,4.030194512
5481,08/05/2018,19930,N529AS,180,1298202,LIH,1474703,SEA,2156,-12,602,-49,4.030194512
5482,08/05/2018,19930,N305AS,181,1489302,SMF,1474703,SEA,600,0,743,-7,4.030194512
5483,08/05/2018,19930,N587AS,185,1467903,SAN,1275804,KOA,1011,1,1247,-7,4.030194512
5484,08/05/2018,19930,N474AS,187,1474703,SEA,1029906,ANC,1924,29,2150,16,0
5485,08/05/2018,19930,N532AS,188,1163002,FAI,1029906,ANC,2134,-15,2228,-24,4.030194512
5486,08/05/2018,19930,N552AS,189,1029906,ANC,1163002,FAI,938,-5,1033,-8,4.030194512
5487,08/05/2018,19930,N552AS,190,1163002,FAI,1029906,ANC,1532,-13,1630,-15,4.030194512
5488,08/05/2018,19930,N552AS,192,1163002,FAI,1029906,ANC,1132,-9,1233,-10,4.030194512
5489,08/05/2018,19930,N560AS,193,1289208,LAX,1029906,ANC,3,8,431,3,4.030194512
5490,08/05/2018,19930,N592AS,194,1163002,FAI,1029906,ANC,1945,-1,2046,-3,4.030194512
5491,08/05/2018,19930,N552AS,195,1029906,ANC,1163002,FAI,1335,-10,1440,-3,4.030194512
5492,08/05/2018,19930,N587AS,196,1275804,KOA,1467903,SAN,1352,-18,2214,-19,4.030194512
5493,08/05/2018,19930,N566AS,197,1289208,LAX,1405702,PDX,1809,-6,2041,6,4.030194512
5494,08/05/2018,19930,N280AK,198,1163002,FAI,1474703,SEA,550,-15,1028,-11,4.030194512
5495,08/05/2018,19930,N434AS,199,1080003,BUR,1474703,SEA,757,-6,1035,-4,4.030194512
5496,08/05/2018,19930,N319AS,209,1467903,SAN,1474703,SEA,754,-6,1048,-6,4.030194512
5497,08/05/2018,19930,N323AS,213,1379608,OAK,1474703,SEA,1313,18,1504,11,4.030194512
5498,08/05/2018,19930,N513AS,214,1474703,SEA,1490803,SNA,602,-8,842,-13,4.030194512
5499,08/05/2018,19930,N532AS,215,1029906,ANC,1163002,FAI,1942,-3,2038,-11,4.030194512
5500,08/05/2018,19930,N513AS,231,1490803,SNA,1474703,SEA,1839,-6,2112,-14,4.030194512
5501,08/05/2018,19930,N251AK,233,1129806,DFW,1474703,SEA,1025,0,1237,-3,4.030194512
5502,08/05/2018,19930,N237AK,238,1029906,ANC,1474703,SEA,629,-5,1052,-10,4.030194512
5503,08/05/2018,19930,N319AS,247,1188402,GEG,1474703,SEA,1345,-5,1514,14,4.030194512
5504,08/05/2018,19930,N267AK,249,1477104,SFO,1405702,PDX,552,-8,735,-10,4.030194512
5505,08/05/2018,19930,N523AS,255,1072102,BOS,1474703,SEA,857,-3,1156,-23,4.030194512
5506,08/05/2018,19930,N537AS,256,1029906,ANC,1474703,SEA,516,-1,938,-7,4.030194512
5507,08/05/2018,19930,N491AS,259,1483106,SJC,1474703,SEA,2336,351,120,335,0
5508,08/05/2018,19930,N283AK,266,1489302,SMF,1474703,SEA,651,-9,858,6,4.030194512
5509,08/05/2018,19930,N251AK,269,1474703,SEA,1029906,ANC,2258,-2,132,-5,4.030194512
5510,08/05/2018,19930,N428AS,281,1379608,OAK,1474703,SEA,553,-7,750,-14,4.030194512
5511,08/05/2018,19930,N479AS,286,1474703,SEA,1289208,LAX,501,-1,759,9,4.030194512
5512,08/05/2018,19930,N453AS,287,1289208,LAX,1474703,SEA,2346,-4,229,-8,4.030194512
5513,08/05/2018,19930,N309AS,300,1474703,SEA,1477104,SFO,2140,0,2358,5,4.030194512
5514,08/05/2018,19930,N318AS,301,1405702,PDX,1483106,SJC,2101,2,2242,1,4.030194512
5515,08/05/2018,19930,N435AS,303,1477104,SFO,1474703,SEA,2152,1,2349,-9,4.030194512
5516,08/05/2018,19930,N307AS,305,1389101,ONT,1474703,SEA,1010,-4,1242,-8,4.030194512
5517,08/05/2018,19930,N589AS,313,1405702,PDX,1477104,SFO,840,-5,1021,-14,4.030194512
5518,08/05/2018,19930,N491AS,315,1474703,SEA,1289208,LAX,648,-7,927,-16,4.030194512
5519,08/05/2018,19930,N431AS,319,1289208,LAX,1477104,SFO,1812,-3,1928,-15,4.030194512
5520,08/05/2018,19930,N495AS,322,1474703,SEA,1483106,SJC,1851,-4,2049,-12,4.030194512
5521,08/05/2018,19930,N457AS,328,1474703,SEA,1483106,SJC,1942,-13,2153,-8,4.030194512
5522,08/05/2018,19930,N318AS,330,1474703,SEA,1483106,SJC,1418,23,1630,23,0
5523,08/05/2018,19930,N428AS,332,1474703,SEA,1483106,SJC,856,-9,1105,-13,4.030194512
5524,08/05/2018,19930,N568AS,333,1467903,SAN,1405702,PDX,625,-5,856,-5,4.030194512
5525,08/05/2018,19930,N309AS,335,1379608,OAK,1474703,SEA,1836,-7,2029,-10,4.030194512
5526,08/05/2018,19930,N594AS,336,1405702,PDX,1490803,SNA,620,-15,850,-14,4.030194512
5527,08/05/2018,19930,N612AS,338,1405702,PDX,1490803,SNA,833,-12,1056,-19,4.030194512
5528,08/05/2018,19930,N517AS,339,1320402,MCO,1467903,SAN,1556,-9,1744,-12,4.030194512
5529,08/05/2018,19930,N272AK,342,1474703,SEA,1379608,OAK,556,-2,756,-2,4.030194512
5530,08/05/2018,19930,N277AK,348,1474703,SEA,1483106,SJC,2045,-8,2247,-12,4.030194512
5531,08/05/2018,19930,N442AS,349,1247805,JFK,1474703,SEA,932,-5,1249,0,4.030194512
5532,08/05/2018,19930,N237AK,350,1474703,SEA,1226603,IAH,1157,-5,1820,-5,4.030194512
5533,08/05/2018,19930,N272AK,353,1379608,OAK,1474703,SEA,900,-7,1053,-14,4.030194512
5534,08/05/2018,19930,N526AS,356,1477104,SFO,1289208,LAX,742,-8,929,4,4.030194512
5535,08/05/2018,19930,N609AS,358,1405702,PDX,1289208,LAX,1157,-5,1428,-1,4.030194512
5536,08/05/2018,19930,N538AS,365,1483106,SJC,1474703,SEA,900,-2,1106,-2,4.030194512
5537,08/05/2018,19930,N403AS,366,1474703,SEA,1334207,MKE,1152,-8,1732,-13,4.030194512
5538,08/05/2018,19930,N403AS,367,1334207,MKE,1474703,SEA,1835,-10,2043,-30,4.030194512
5539,08/05/2018,19930,N413AS,368,1483106,SJC,1474703,SEA,624,-6,833,-6,4.030194512
5540,08/05/2018,19930,N317AS,369,1129202,DEN,1474703,SEA,554,-6,736,-19,4.030194512
5541,08/05/2018,19930,N467AS,370,1474703,SEA,1289208,LAX,2057,-3,2337,-12,4.030194512
5542,08/05/2018,19930,N609AS,371,1289208,LAX,1405702,PDX,1547,17,1801,11,4.030194512
5543,08/05/2018,19930,N493AS,372,1405702,PDX,1082106,BWI,1030,10,1820,-4,4.030194512
5544,08/05/2018,19930,N462AS,374,1405702,PDX,1467903,SAN,1658,-7,1928,0,4.030194512
5545,08/05/2018,19930,N530AS,376,1474703,SEA,1477104,SFO,1939,-1,2139,-15,4.030194512
5546,08/05/2018,19930,N585AS,377,1082106,BWI,1467903,SAN,636,6,828,-27,4.030194512
5547,08/05/2018,19930,N558AS,378,1467903,SAN,1082106,BWI,2315,27,710,20,0
5548,08/05/2018,19930,N472AS,379,1477104,SFO,1474703,SEA,1654,-6,1852,-14,4.030194512
5549,08/05/2018,19930,N587AS,380,1474703,SEA,1467903,SAN,554,-1,829,-7,4.030194512
5550,08/05/2018,19930,N318AS,381,1483106,SJC,1405702,PDX,1709,4,1849,7,4.030194512
5551,08/05/2018,19930,N494AS,382,1474703,SEA,1477104,SFO,2034,-6,2237,-16,4.030194512
5552,08/05/2018,19930,N493AS,383,1477104,SFO,1405702,PDX,753,-7,939,-5,4.030194512
5553,08/05/2018,19930,N224AK,385,1082106,BWI,1405702,PDX,1704,-1,2012,20,0
5554,08/05/2018,19930,N435AS,386,1405702,PDX,1477104,SFO,1854,-5,2057,8,4.030194512
5555,08/05/2018,19930,N238AK,387,1289208,LAX,1474703,SEA,1625,20,1851,2,4.030194512
5556,08/05/2018,19930,N303AS,388,1474703,SEA,1467903,SAN,946,-4,1243,8,4.030194512
5557,08/05/2018,19930,N584AS,391,1467903,SAN,1405702,PDX,2013,-12,2234,-16,4.030194512
5558,08/05/2018,19930,N305AS,392,1474703,SEA,1467903,SAN,1604,10,1851,15,0
5559,08/05/2018,19930,N528AS,395,1486903,SLC,1474703,SEA,1340,-11,1453,-4,4.030194512
5560,08/05/2018,19930,N612AS,396,1474703,SEA,1188402,GEG,1542,-7,1639,-11,4.030194512
5561,08/05/2018,19930,N431AS,397,1477104,SFO,1474703,SEA,2040,-13,2248,-12,4.030194512
5562,08/05/2018,19930,N440AS,399,1483106,SJC,1474703,SEA,2121,-9,2316,-18,4.030194512
5563,08/05/2018,19930,N472AS,400,1405702,PDX,1477104,SFO,1400,-5,1545,-10,4.030194512
5564,08/05/2018,19930,N278AK,402,1405702,PDX,1483106,SJC,1823,10,2002,8,4.030194512
5565,08/05/2018,19930,N284AK,404,1474703,SEA,1289208,LAX,548,-7,830,-13,4.030194512
5566,08/05/2018,19930,N472AS,407,1483106,SJC,1405702,PDX,905,-5,1044,-7,4.030194512
5567,08/05/2018,19930,N535AS,408,1405702,PDX,1483106,SJC,1010,-10,1204,-1,4.030194512
5568,08/05/2018,19930,N428AS,409,1483106,SJC,1405702,PDX,1205,-10,1340,-16,4.030194512
5569,08/05/2018,19930,N457AS,411,1069302,BNA,1474703,SEA,659,-1,946,-9,4.030194512
5570,08/05/2018,19930,N472AS,412,1405702,PDX,1483106,SJC,622,-3,810,2,4.030194512
5571,08/05/2018,19930,N237AK,413,1226603,IAH,1474703,SEA,1927,-8,2210,-1,4.030194512
5572,08/05/2018,19930,N618AS,414,1474703,SEA,1405702,PDX,2332,2,19,-2,4.030194512
5573,08/05/2018,19930,N612AS,415,1490803,SNA,1474703,SEA,1204,-1,1456,6,4.030194512
5574,08/05/2018,19930,N317AS,416,1474703,SEA,1289208,LAX,859,9,1147,3,4.030194512
5575,08/05/2018,19930,N318AS,417,1289208,LAX,1474703,SEA,1038,13,1322,8,4.030194512
5576,08/05/2018,19930,N495AS,418,1042302,AUS,1474703,SEA,558,-3,802,-18,4.030194512
5577,08/05/2018,19930,N569AS,419,1289208,LAX,1474703,SEA,1810,48,2103,57,0
5578,08/05/2018,19930,N474AS,421,1069302,BNA,1474703,SEA,1522,22,1831,37,22
5579,08/05/2018,19930,N307AS,422,1474703,SEA,1288903,LAS,1354,-6,1639,6,4.030194512
5580,08/05/2018,19930,N433AS,423,1405702,PDX,1474703,SEA,553,-7,706,12,4.030194512
5581,08/05/2018,19930,N419AS,425,1410702,PHX,1474703,SEA,941,-17,1229,-31,4.030194512
5582,08/05/2018,19930,N464AS,429,1489302,SMF,1474703,SEA,1249,9,1435,5,4.030194512
5583,08/05/2018,19930,N494AS,435,1483106,SJC,1474703,SEA,1736,41,1934,39,0
5584,08/05/2018,19930,N516AS,436,1474703,SEA,1467903,SAN,1958,-10,2253,2,4.030194512
5585,08/05/2018,19930,N428AS,437,1486903,SLC,1474703,SEA,1919,-8,2020,-7,4.030194512
5586,08/05/2018,19930,N524AS,438,1405702,PDX,1410005,PHL,2108,-7,510,-6,4.030194512
5587,08/05/2018,19930,N319AS,441,1489302,SMF,1474703,SEA,1849,9,2054,26,0
5588,08/05/2018,19930,N268AK,445,1289208,LAX,1474703,SEA,2005,75,2249,75,0
5589,08/05/2018,19930,N453AS,446,1474703,SEA,1289208,LAX,1954,14,2249,20,0
5590,08/05/2018,19930,N317AS,447,1289208,LAX,1474703,SEA,1505,-5,1733,-21,4.030194512
5591,08/05/2018,19930,N548AS,449,1477104,SFO,1405702,PDX,648,-12,836,-8,4.030194512
5592,08/05/2018,19930,N512AS,454,1405702,PDX,1247805,JFK,2059,-6,507,-52,4.030194512
5593,08/05/2018,19930,N251AK,455,1467903,SAN,1474703,SEA,1709,-16,1958,-14,4.030194512
5594,08/05/2018,19930,N609AS,456,1405702,PDX,1080003,BUR,1850,0,2057,-3,4.030194512
5595,08/05/2018,19930,N253AK,462,1474703,SEA,1389101,ONT,1445,10,1722,16,0
5596,08/05/2018,19930,N318AS,466,1474703,SEA,1289208,LAX,631,-6,939,14,4.030194512
5597,08/05/2018,19930,N302AS,467,1489302,SMF,1474703,SEA,1444,9,1630,7,4.030194512
5598,08/05/2018,19930,N535AS,469,1410005,PHL,1405702,PDX,631,1,910,-13,4.030194512
5599,08/05/2018,19930,N303AS,471,1467903,SAN,1474703,SEA,1347,12,1632,5,4.030194512
5600,08/05/2018,19930,N622AS,475,1405702,PDX,1474703,SEA,717,-13,808,-17,4.030194512
5601,08/05/2018,19930,N586AS,476,1474703,SEA,1468902,SBA,1144,4,1417,13,4.030194512
5602,08/05/2018,19930,N586AS,477,1468902,SBA,1474703,SEA,1509,14,1721,2,4.030194512
5603,08/05/2018,19930,N287AK,478,1474703,SEA,1319801,MCI,1011,-1,1541,-1,4.030194512
5604,08/05/2018,19930,N579AS,479,1247805,JFK,1405702,PDX,1027,-3,1326,-61,4.030194512
5605,08/05/2018,19930,N457AS,480,1474703,SEA,1387102,OMA,1046,-4,1547,-17,4.030194512
5606,08/05/2018,19930,N457AS,481,1387102,OMA,1474703,SEA,1703,-11,1834,-6,4.030194512
5607,08/05/2018,19930,N309AS,482,1474703,SEA,1467903,SAN,722,-8,1002,-17,4.030194512
5608,08/05/2018,19930,N253AK,483,1389101,ONT,1474703,SEA,1809,0,2036,-4,4.030194512
5609,08/05/2018,19930,N478AS,488,1474703,SEA,1467903,SAN,2124,9,9,11,4.030194512
5610,08/05/2018,19930,N264AK,491,1129202,DEN,1474703,SEA,1957,-13,2200,-5,4.030194512
5611,08/05/2018,19930,N609AS,493,1080003,BUR,1405702,PDX,650,-10,858,-9,4.030194512
5612,08/05/2018,19930,N579AS,498,1405702,PDX,1410702,PHX,1653,-7,1925,-15,4.030194512
5613,08/05/2018,19930,N579AS,499,1410702,PHX,1405702,PDX,2019,-21,2257,-23,4.030194512
5614,08/05/2018,19930,N248AK,500,1474703,SEA,1233904,IND,948,-11,1715,-13,4.030194512
5615,08/05/2018,19930,N248AK,501,1233904,IND,1474703,SEA,1826,-9,2013,-20,4.030194512
5616,08/05/2018,19930,N407AS,502,1405702,PDX,1289208,LAX,458,-5,726,-9,4.030194512
5617,08/05/2018,19930,N464AS,503,1289208,LAX,1474703,SEA,626,-4,904,-13,4.030194512
5618,08/05/2018,19930,N563AS,505,1490803,SNA,1474703,SEA,1942,2,2215,-8,4.030194512
5619,08/05/2018,19930,N533AS,506,1474703,SEA,1490803,SNA,710,-10,1000,-9,4.030194512
5620,08/05/2018,19930,N516AS,507,1490803,SNA,1474703,SEA,1547,-11,1821,-18,4.030194512
5621,08/05/2018,19930,N549AS,510,1474703,SEA,1490803,SNA,1756,-9,2030,-17,4.030194512
5622,08/05/2018,19930,N526AS,511,1289208,LAX,1405702,PDX,49,59,313,59,0
5623,08/05/2018,19930,N594AS,514,1474703,SEA,1490803,SNA,1931,-8,2208,-12,4.030194512
5624,08/05/2018,19930,N448AS,520,1474703,SEA,1080003,BUR,1416,-3,1658,12,4.030194512
5625,08/05/2018,19930,N594AS,521,1490803,SNA,1474703,SEA,953,-7,1230,-17,4.030194512
5626,08/05/2018,19930,N468AS,523,1530402,TPA,1474703,SEA,1833,55,2145,70,55
5627,08/05/2018,19930,N530AS,524,1474703,SEA,1490803,SNA,1038,-6,1325,-9,4.030194512
5628,08/05/2018,19930,N530AS,525,1490803,SNA,1474703,SEA,1421,-8,1712,2,4.030194512
5629,08/05/2018,19930,N280AK,526,1474703,SEA,1080003,BUR,1126,11,1349,0,4.030194512
5630,08/05/2018,19930,N586AS,527,1490803,SNA,1474703,SEA,738,-7,1045,13,4.030194512
5631,08/05/2018,19930,N309AS,528,1474703,SEA,1379608,OAK,1529,-6,1721,-17,4.030194512
5632,08/05/2018,19930,N307AS,530,1474703,SEA,1389101,ONT,651,1,924,6,4.030194512
5633,08/05/2018,19930,N407AS,531,1289208,LAX,1474703,SEA,831,-4,1118,-6,4.030194512
5634,08/05/2018,19930,N323AS,532,1474703,SEA,1379608,OAK,937,-8,1146,-9,4.030194512
5635,08/05/2018,19930,N612AS,533,1188402,GEG,1474703,SEA,1727,-9,1832,-8,4.030194512
5636,08/05/2018,19930,N408AS,534,1474703,SEA,1080003,BUR,1924,-6,2153,-4,4.030194512
5637,08/05/2018,19930,N309AS,539,1467903,SAN,1474703,SEA,1128,8,1432,20,0
5638,08/05/2018,19930,N278AK,541,1483106,SJC,1474703,SEA,2046,-8,2247,-11,4.030194512
5639,08/05/2018,19930,N319AS,542,1474703,SEA,1489302,SMF,1606,11,1806,24,0
5640,08/05/2018,19930,N556AS,543,1289208,LAX,1405702,PDX,1918,-12,2141,-9,4.030194512
5641,08/05/2018,19930,N477AS,544,1029906,ANC,1474703,SEA,124,4,529,-19,4.030194512
5642,08/05/2018,19930,N315AS,545,1389101,ONT,1474703,SEA,555,-5,820,-18,4.030194512
5643,08/05/2018,19930,N508AS,548,1405702,PDX,1289208,LAX,2142,-13,14,-11,4.030194512
5644,08/05/2018,19930,N287AK,550,1474703,SEA,1389101,ONT,1945,5,2222,11,4.030194512
5645,08/05/2018,19930,N534AS,552,1405702,PDX,1467903,SAN,2022,-3,2243,-5,4.030194512
5646,08/05/2018,19930,N532AS,557,1289208,LAX,1405702,PDX,552,-8,805,-19,4.030194512
5647,08/05/2018,19930,N560AS,562,1405702,PDX,1289208,LAX,1949,-3,2209,-13,4.030194512
5648,08/05/2018,19930,N583AS,564,1405702,PDX,1289208,LAX,645,-3,914,-6,4.030194512
5649,08/05/2018,19930,N288AK,566,1405702,PDX,1467903,SAN,626,-9,900,1,4.030194512
5650,08/05/2018,19930,N435AS,572,1405702,PDX,1467903,SAN,1150,-5,1415,-4,4.030194512
5651,08/05/2018,19930,N537AS,573,1490803,SNA,1405702,PDX,2015,-15,2226,-19,4.030194512
5652,08/05/2018,19930,N251AK,574,1474703,SEA,1467903,SAN,1329,-7,1605,-20,4.030194512
5653,08/05/2018,19930,N435AS,575,1467903,SAN,1405702,PDX,1513,-7,1735,-9,4.030194512
5654,08/05/2018,19930,N517AS,577,1467903,SAN,1405702,PDX,1851,-8,2116,-7,4.030194512
5655,08/05/2018,19930,N448AS,578,1474703,SEA,1080003,BUR,713,-7,936,-18,4.030194512
5656,08/05/2018,19930,N534AS,580,1405702,PDX,1490803,SNA,1213,-7,1442,-2,4.030194512
5657,08/05/2018,19930,N315AS,581,1410702,PHX,1474703,SEA,1359,14,1652,7,4.030194512
5658,08/05/2018,19930,N534AS,583,1490803,SNA,1405702,PDX,1534,-6,1744,-10,4.030194512
5659,08/05/2018,19930,N283AK,584,1474703,SEA,1426204,PSP,952,2,1245,12,4.030194512
5660,08/05/2018,19930,N533AS,585,1490803,SNA,1405702,PDX,1847,-12,2107,-6,4.030194512
5661,08/05/2018,19930,N533AS,587,1490803,SNA,1405702,PDX,1045,-14,1303,-17,4.030194512
5662,08/05/2018,19930,N448AS,589,1080003,BUR,1474703,SEA,1741,-6,2008,-11,4.030194512
5663,08/05/2018,19930,N248AK,591,1410702,PHX,1474703,SEA,549,-11,843,-17,4.030194512
5664,08/05/2018,19930,N533AS,592,1405702,PDX,1490803,SNA,1526,-9,1753,-5,4.030194512
5665,08/05/2018,19930,N302AS,596,1474703,SEA,1288903,LAS,1724,9,1945,2,4.030194512
5666,08/05/2018,19930,N264AK,597,1474703,SEA,1071302,BOI,1012,-8,1249,1,4.030194512
5667,08/05/2018,19930,N264AK,598,1071302,BOI,1474703,SEA,1349,-6,1418,-4,4.030194512
5668,08/05/2018,19930,N474AS,601,1029906,ANC,1163002,FAI,2252,-8,2355,-4,4.030194512
5669,08/05/2018,19930,N275AK,602,1474703,SEA,1288903,LAS,628,-7,854,-6,4.030194512
5670,08/05/2018,19930,N247AK,603,1468305,SAT,1474703,SEA,1850,-8,2049,-29,4.030194512
5671,08/05/2018,19930,N247AK,604,1474703,SEA,1288903,LAS,2229,-1,47,-8,4.030194512
5672,08/05/2018,19930,N508AS,606,1405702,PDX,1042302,AUS,1036,1,1610,-21,4.030194512
5673,08/05/2018,19930,N508AS,607,1042302,AUS,1405702,PDX,1737,-4,1936,-17,4.030194512
5674,08/05/2018,19930,N247AK,608,1474703,SEA,1468305,SAT,1151,1,1744,-14,4.030194512
5675,08/05/2018,19930,N464AS,610,1474703,SEA,1489302,SMF,959,9,1152,8,4.030194512
5676,08/05/2018,19930,N305AS,612,1474703,SEA,1288903,LAS,856,-12,1114,-28,4.030194512
5677,08/05/2018,19930,N302AS,614,1474703,SEA,1489302,SMF,1201,16,1357,18,0
5678,08/05/2018,19930,N282AK,616,1474703,SEA,1288903,LAS,1933,-7,2156,-13,4.030194512
5679,08/05/2018,19930,N618AS,617,1288903,LAS,1474703,SEA,700,-5,928,-14,4.030194512
5680,08/05/2018,19930,N275AK,619,1288903,LAS,1474703,SEA,954,-6,1211,-24,4.030194512
5681,08/05/2018,19930,N548AS,620,1405702,PDX,1288903,LAS,1645,-5,1854,-3,4.030194512
5682,08/05/2018,19930,N548AS,621,1288903,LAS,1405702,PDX,1944,-11,2151,-17,4.030194512
5683,08/05/2018,19930,N472AS,622,1474703,SEA,1410702,PHX,1942,-8,2231,-13,4.030194512
5684,08/05/2018,19930,N611AS,624,1405702,PDX,1288903,LAS,2031,-9,2236,-12,4.030194512
5685,08/05/2018,19930,N471AS,626,1474703,SEA,1288903,LAS,2157,22,32,28,0
5686,08/05/2018,19930,N462AS,627,1288903,LAS,1405702,PDX,1347,-6,1605,1,4.030194512
5687,08/05/2018,19930,N563AS,630,1474703,SEA,1490803,SNA,1557,-3,1857,15,0
5688,08/05/2018,19930,N307AS,631,1288903,LAS,1474703,SEA,1728,-2,2005,1,4.030194512
5689,08/05/2018,19930,N537AS,632,1474703,SEA,1490803,SNA,1643,-7,1921,-11,4.030194512
5690,08/05/2018,19930,N419AS,636,1474703,SEA,1410702,PHX,530,0,806,-17,4.030194512
5691,08/05/2018,19930,N306AS,641,1537603,TUS,1474703,SEA,1125,-7,1442,7,4.030194512
5692,08/05/2018,19930,N263AK,642,1474703,SEA,1129806,DFW,1242,2,1829,-10,4.030194512
5693,08/05/2018,19930,N306AS,643,1410702,PHX,1474703,SEA,1956,23,2240,5,4.030194512
5694,08/05/2018,19930,N548AS,644,1405702,PDX,1410702,PHX,922,-7,1159,-8,4.030194512
5695,08/05/2018,19930,N462AS,645,1405702,PDX,1288903,LAS,1034,-10,1253,-3,4.030194512
5696,08/05/2018,19930,N306AS,646,1474703,SEA,1410702,PHX,1606,28,1912,39,0
5697,08/05/2018,19930,N306AS,648,1474703,SEA,1537603,TUS,717,-3,1005,-21,4.030194512
5698,08/05/2018,19930,N280AK,649,1080003,BUR,1474703,SEA,1443,-2,1707,-15,4.030194512
5699,08/05/2018,19930,N270AK,650,1474703,SEA,1410702,PHX,1340,5,1628,-7,4.030194512
5700,08/05/2018,19930,N278AK,652,1405702,PDX,1129806,DFW,819,-6,1356,-11,4.030194512
5701,08/05/2018,19930,N448AS,653,1080003,BUR,1474703,SEA,1037,-18,1305,-22,4.030194512
5702,08/05/2018,19930,N275AK,654,1474703,SEA,1489302,SMF,2019,-6,2159,-13,4.030194512
5703,08/05/2018,19930,N278AK,655,1129806,DFW,1405702,PDX,1509,-3,1730,17,0
5704,08/05/2018,19930,N315AS,656,1474703,SEA,1410702,PHX,940,-5,1240,-5,4.030194512
5705,08/05/2018,19930,N477AS,658,1474703,SEA,1129806,DFW,658,13,1224,-13,4.030194512
5706,08/05/2018,19930,N548AS,659,1410702,PHX,1405702,PDX,1256,-11,1533,-15,4.030194512
5707,08/05/2018,19930,N288AK,660,1474703,SEA,1129806,DFW,2334,6,514,-1,4.030194512
5708,08/05/2018,19930,N477AS,663,1129806,DFW,1474703,SEA,1340,-4,1527,-30,4.030194512
5709,08/05/2018,19930,N469AS,664,1474703,SEA,1129806,DFW,1737,-8,2320,-17,4.030194512
5710,08/05/2018,19930,N263AK,667,1129806,DFW,1474703,SEA,1941,-6,2153,-7,4.030194512
5711,08/05/2018,19930,N407AS,670,1474703,SEA,1042302,AUS,1230,10,1833,10,4.030194512
5712,08/05/2018,19930,N585AS,673,1467903,SAN,1474703,SEA,1838,3,2118,-4,4.030194512
5713,08/05/2018,19930,N433AS,674,1474703,SEA,1129202,DEN,800,5,1139,2,4.030194512
5714,08/05/2018,19930,N302AS,675,1288903,LAS,1474703,SEA,2033,-12,2256,-24,4.030194512
5715,08/05/2018,19930,N448AS,680,1474703,SEA,1129202,DEN,2140,10,121,14,4.030194512
5716,08/05/2018,19930,N506AS,681,1143302,DTW,1474703,SEA,631,-4,827,-2,4.030194512
5717,08/05/2018,19930,N264AK,682,1474703,SEA,1129202,DEN,1533,3,1900,-8,4.030194512
5718,08/05/2018,19930,N236AK,683,1319801,MCI,1474703,SEA,557,-3,744,-8,4.030194512
5719,08/05/2018,19930,N281AK,686,1405702,PDX,1393006,ORD,646,-9,1244,-16,4.030194512
5720,08/05/2018,19930,N481AS,687,1393006,ORD,1405702,PDX,1539,0,1809,0,4.030194512
5721,08/05/2018,19930,N323AS,688,1474703,SEA,1288903,LAS,1654,42,1913,33,0
5722,08/05/2018,19930,N514AS,689,1188402,GEG,1474703,SEA,1009,7,1123,10,4.030194512
5723,08/05/2018,19930,N514AS,690,1474703,SEA,1188402,GEG,735,-20,834,-27,4.030194512
5724,08/05/2018,19930,N270AK,691,1410702,PHX,1474703,SEA,1723,-12,2017,-19,4.030194512
5725,08/05/2018,19930,N407AS,693,1042302,AUS,1474703,SEA,1929,-4,2151,4,4.030194512
5726,08/05/2018,19930,N319AS,694,1474703,SEA,1188402,GEG,2149,-6,2250,-7,4.030194512
5727,08/05/2018,19930,N309AS,695,1188402,GEG,1474703,SEA,454,-6,602,-3,4.030194512
5728,08/05/2018,19930,N462AS,697,1288903,LAS,1405702,PDX,552,-8,810,2,4.030194512
5729,08/05/2018,19930,N519AS,698,1474703,SEA,1188402,GEG,2312,-8,12,-6,4.030194512
5730,08/05/2018,19930,N453AS,699,1188402,GEG,1474703,SEA,553,-7,706,0,4.030194512
5731,08/05/2018,19930,N590AS,704,1474703,SEA,1405702,PDX,1543,-2,1638,0,4.030194512
5732,08/05/2018,19930,N303AS,712,1474703,SEA,1501606,STL,1759,-6,2344,-11,4.030194512
5733,08/05/2018,19930,N564AS,713,1467903,SAN,1474703,SEA,2140,-16,17,-30,4.030194512
5734,08/05/2018,19930,N428AS,714,1405702,PDX,1486903,SLC,1520,-10,1808,-8,4.030194512
5735,08/05/2018,19930,N413AS,715,1486903,SLC,1405702,PDX,1809,22,1849,18,0
5736,08/05/2018,19930,N413AS,716,1474703,SEA,1486903,SLC,1349,-1,1718,26,0
5737,08/05/2018,19930,N281AK,718,1474703,SEA,1486903,SLC,2007,-1,2305,-2,4.030194512
5738,08/05/2018,19930,N528AS,720,1474703,SEA,1486903,SLC,932,-13,1220,-28,4.030194512
5739,08/05/2018,19930,N273AK,721,1486903,SLC,1474703,SEA,955,-7,1116,5,4.030194512
5740,08/05/2018,19930,N317AS,722,1474703,SEA,1486903,SLC,1839,19,2129,9,4.030194512
5741,08/05/2018,19930,N273AK,724,1474703,SEA,1486903,SLC,604,-6,903,0,4.030194512
5742,08/05/2018,19930,N518AS,727,1320402,MCO,1405702,PDX,1732,-9,2042,-20,4.030194512
5743,08/05/2018,19930,N402AS,728,1474703,SEA,1099402,CHS,742,-3,1550,-19,4.030194512
5744,08/05/2018,19930,N305AS,729,1288903,LAS,1474703,SEA,1224,-13,1504,-8,4.030194512
5745,08/05/2018,19930,N435AS,731,1143302,DTW,1405702,PDX,839,-1,1024,-12,4.030194512
5746,08/05/2018,19930,N518AS,732,1405702,PDX,1143302,DTW,2149,-6,444,-8,4.030194512
5747,08/05/2018,19930,N474AS,734,1474703,SEA,1069302,BNA,727,-7,1356,-4,4.030194512
5748,08/05/2018,19930,N434AS,735,1474703,SEA,1029906,ANC,2158,13,34,9,4.030194512
5749,08/05/2018,19930,N433AS,736,1474703,SEA,1072102,BOS,1548,13,11,19,0
5750,08/05/2018,19930,N280AK,738,1474703,SEA,1319801,MCI,1829,-1,2348,-8,4.030194512
5751,08/05/2018,19930,N584AS,739,1082106,BWI,1289208,LAX,804,-1,1050,0,4.030194512
5752,08/05/2018,19930,N486AS,740,1289208,LAX,1082106,BWI,2059,-13,450,-27,4.030194512
5753,08/05/2018,19930,N487AS,745,1039707,ATL,1474703,SEA,1603,-4,1832,-3,4.030194512
5754,08/05/2018,19930,N487AS,746,1474703,SEA,1039707,ATL,705,6,1454,-1,4.030194512
5755,08/05/2018,19930,N408AS,747,1486903,SLC,1474703,SEA,749,-11,850,-18,4.030194512
5756,08/05/2018,19930,N273AK,748,1474703,SEA,1501606,STL,1229,4,1834,14,4.030194512
5757,08/05/2018,19930,N270AK,750,1474703,SEA,1039707,ATL,2122,-5,521,5,4.030194512
5758,08/05/2018,19930,N483AS,751,1474703,SEA,1029906,ANC,1716,-5,1948,-12,4.030194512
5759,08/05/2018,19930,N283AK,752,1474703,SEA,1069302,BNA,1735,6,2341,-9,4.030194512
5760,08/05/2018,19930,N471AS,753,1449202,RDU,1474703,SEA,1803,15,2100,27,0
5761,08/05/2018,19930,N471AS,754,1474703,SEA,1449202,RDU,819,-6,1623,-11,4.030194512
5762,08/05/2018,19930,N459AS,757,1349505,MSY,1474703,SEA,1931,2,2238,2,4.030194512
5763,08/05/2018,19930,N287AK,759,1319801,MCI,1474703,SEA,1635,-13,1849,10,4.030194512
5764,08/05/2018,19930,N288AK,760,1467903,SAN,1320402,MCO,956,-4,1800,-5,4.030194512
5765,08/05/2018,19930,N559AS,761,1486903,SLC,1474703,SEA,550,-14,659,-9,4.030194512
5766,08/05/2018,19930,N588AS,764,1405702,PDX,1127805,DCA,937,-8,1729,-21,4.030194512
5767,08/05/2018,19930,N493AS,765,1082106,BWI,1474703,SEA,1930,6,2213,-4,4.030194512
5768,08/05/2018,19930,N277AK,766,1029906,ANC,1474703,SEA,502,-1,917,-14,4.030194512
5769,08/05/2018,19930,N433AS,767,1129202,DEN,1474703,SEA,1240,-6,1445,5,4.030194512
5770,08/05/2018,19930,N553AS,769,1072102,BOS,1467903,SAN,1758,-12,2101,-36,4.030194512
5771,08/05/2018,19930,N468AS,770,1474703,SEA,1530402,TPA,743,-2,1606,-8,4.030194512
5772,08/05/2018,19930,N512AS,771,1127805,DCA,1405702,PDX,1713,-7,1957,-15,4.030194512
5773,08/05/2018,19930,N461AS,772,1467903,SAN,1161802,EWR,617,-3,1441,9,4.030194512
5774,08/05/2018,19930,N558AS,773,1161802,EWR,1467903,SAN,1917,18,2202,-3,4.030194512
5775,08/05/2018,19930,N302AS,775,1014005,ABQ,1474703,SEA,846,-9,1059,-1,4.030194512
5776,08/05/2018,19930,N402AS,776,1474703,SEA,1226603,IAH,2238,-7,443,-19,4.030194512
5777,08/05/2018,19930,N273AK,777,1501606,STL,1474703,SEA,1935,8,2210,22,0
5778,08/05/2018,19930,N260AK,780,1474703,SEA,1042302,AUS,1742,-8,2328,-25,4.030194512
5779,08/05/2018,19930,N517AS,782,1405702,PDX,1320402,MCO,604,-4,1421,-21,4.030194512
5780,08/05/2018,19930,N559AS,783,1161802,EWR,1483106,SJC,1734,-1,2051,-17,4.030194512
5781,08/05/2018,19930,N315AS,784,1474703,SEA,1014005,ABQ,1759,34,2202,37,0
5782,08/05/2018,19930,N558AS,786,1483106,SJC,1161802,EWR,1013,60,1826,33,0
5783,08/05/2018,19930,N402AS,787,1099402,CHS,1474703,SEA,1724,7,2014,-1,4.030194512
5784,08/05/2018,19930,N459AS,788,1474703,SEA,1349505,MSY,1133,-7,1814,-6,4.030194512
5785,08/05/2018,19930,N594AS,789,1474703,SEA,1281902,KTN,1333,-7,1430,-19,4.030194512
5786,08/05/2018,19930,N419AS,790,1474703,SEA,1161802,EWR,2322,12,744,14,4.030194512
5787,08/05/2018,19930,N263AK,791,1161802,EWR,1474703,SEA,907,-3,1144,-31,4.030194512
5788,08/05/2018,19930,N453AS,792,1474703,SEA,1143302,DTW,801,-1,1515,-4,4.030194512
5789,08/05/2018,19930,N453AS,793,1143302,DTW,1474703,SEA,1614,-8,1811,4,4.030194512
5790,08/05/2018,19930,N237AK,796,1474703,SEA,1143302,DTW,2343,-12,647,-19,4.030194512
5791,08/05/2018,19930,N553AS,798,1467903,SAN,1072102,BOS,814,-6,1646,-19,4.030194512
5792,08/05/2018,19930,N519AS,800,1383002,OGG,1489302,SMF,1115,-10,1916,-7,4.030194512
5793,08/05/2018,19930,N519AS,800,1489302,SMF,1474703,SEA,2028,-7,2225,-2,4.030194512
5794,08/05/2018,19930,N519AS,803,1483106,SJC,1383002,OGG,750,-10,1017,-4,4.030194512
5795,08/05/2018,19930,N564AS,806,1383002,OGG,1467903,SAN,1236,-9,2048,-12,4.030194512
5796,08/05/2018,19930,N568AS,809,1405702,PDX,1383002,OGG,1153,-12,1500,6,4.030194512
5797,08/05/2018,19930,N516AS,810,1474703,SEA,1490803,SNA,1206,-9,1455,-8,4.030194512
5798,08/05/2018,19930,N560AS,811,1379608,OAK,1383002,OGG,652,-8,913,-6,4.030194512
5799,08/05/2018,19930,N536AS,812,1383002,OGG,1483106,SJC,1447,-3,2256,17,0
5800,08/05/2018,19930,N583AS,813,1289208,LAX,1383002,OGG,1037,-10,1327,-8,4.030194512
5801,08/05/2018,19930,N583AS,814,1383002,OGG,1289208,LAX,1422,-13,2310,-3,4.030194512
5802,08/05/2018,19930,N264AK,817,1129806,DFW,1474703,SEA,619,-6,821,-19,4.030194512
5803,08/05/2018,19930,N577AS,819,1467903,SAN,1298202,LIH,722,-2,1028,1,4.030194512
5804,08/05/2018,19930,N562AS,820,1383002,OGG,1474703,SEA,1322,17,2147,2,4.030194512
5805,08/05/2018,19930,N562AS,823,1474703,SEA,1489302,SMF,608,-8,753,-7,4.030194512
5806,08/05/2018,19930,N562AS,823,1489302,SMF,1383002,OGG,946,21,1220,27,0
5807,08/05/2018,19930,N531AS,827,1379608,OAK,1217305,HNL,1206,-12,1437,-6,4.030194512
5808,08/05/2018,19930,N538AS,828,1029906,ANC,1217305,HNL,1631,-6,2023,-21,4.030194512
5809,08/05/2018,19930,N564AS,829,1467903,SAN,1383002,OGG,841,-4,1126,-8,4.030194512
5810,08/05/2018,19930,N593AS,830,1217305,HNL,1483106,SJC,1241,-4,2041,-13,4.030194512
5811,08/05/2018,19930,N536AS,831,1474703,SEA,1383002,OGG,1034,-6,1353,7,4.030194512
5812,08/05/2018,19930,N577AS,832,1298202,LIH,1474703,SEA,1131,1,2003,-8,4.030194512
5813,08/05/2018,19930,N597AS,833,1405702,PDX,1217305,HNL,1048,-3,1413,26,0
5814,08/05/2018,19930,N557AS,834,1217305,HNL,1405702,PDX,1125,-5,1935,-27,4.030194512
5815,08/05/2018,19930,N478AS,837,1483106,SJC,1217305,HNL,739,-11,1007,-20,4.030194512
5816,08/05/2018,19930,N531AS,838,1217305,HNL,1379608,OAK,1532,-13,2340,-14,4.030194512
5817,08/05/2018,19930,N529AS,839,1474703,SEA,1298202,LIH,1747,-3,2104,9,4.030194512
5818,08/05/2018,19930,N568AS,840,1383002,OGG,1379608,OAK,1603,8,2358,4,4.030194512
5819,08/05/2018,19930,N423AS,843,1474703,SEA,1275804,KOA,1313,58,1625,64,0
5820,08/05/2018,19930,N570AS,844,1298202,LIH,1483106,SJC,1244,-6,2047,-6,4.030194512
5821,08/05/2018,19930,N593AS,851,1474703,SEA,1217305,HNL,832,-3,1145,3,4.030194512
5822,08/05/2018,19930,N440AS,856,1275804,KOA,1483106,SJC,1153,-17,1947,-23,4.030194512
5823,08/05/2018,19930,N467AS,857,1379608,OAK,1275804,KOA,730,-5,940,-11,4.030194512
5824,08/05/2018,19930,N560AS,862,1383002,OGG,1405702,PDX,1005,-20,1810,-33,4.030194512
5825,08/05/2018,19930,N590AS,863,1405702,PDX,1383002,OGG,1802,-6,2058,3,4.030194512
5826,08/05/2018,19930,N423AS,865,1275804,KOA,1379608,OAK,1723,62,115,53,0
5827,08/05/2018,19930,N570AS,867,1483106,SJC,1298202,LIH,900,-10,1142,-4,4.030194512
5828,08/05/2018,19930,N589AS,869,1477104,SFO,1275804,KOA,1148,-7,1403,-13,4.030194512
5829,08/05/2018,19930,N589AS,870,1275804,KOA,1477104,SFO,1514,-2,2319,-1,4.030194512
5830,08/05/2018,19930,N586AS,871,1217305,HNL,1029906,ANC,2243,23,654,30,0
5831,08/05/2018,19930,N467AS,876,1275804,KOA,1474703,SEA,1056,1,1920,-21,4.030194512
5832,08/05/2018,19930,N590AS,878,1383002,OGG,1474703,SEA,2206,-1,624,-20,4.030194512
5833,08/05/2018,19930,N581AS,879,1474703,SEA,1298202,LIH,1006,-9,1338,13,4.030194512
5834,08/05/2018,19930,N597AS,892,1217305,HNL,1467903,SAN,1506,18,2342,23,0
5835,08/05/2018,19930,N557AS,895,1467903,SAN,1217305,HNL,729,-1,1025,-10,4.030194512
5836,08/05/2018,19930,N478AS,896,1217305,HNL,1474703,SEA,1144,-3,2011,-23,4.030194512
5837,08/05/2018,19930,N469AS,901,1474703,SEA,1071302,BOI,1209,-6,1442,-1,4.030194512
5838,08/05/2018,19930,N469AS,902,1071302,BOI,1474703,SEA,1545,-10,1612,-10,4.030194512
5839,08/05/2018,19930,N282AK,907,1288903,LAS,1474703,SEA,2254,-11,113,-26,4.030194512
5840,08/05/2018,19930,N224AK,922,1474703,SEA,1082106,BWI,746,1,1608,11,4.030194512
5841,08/05/2018,19930,N305AS,949,1467903,SAN,1474703,SEA,1935,-3,2219,-10,4.030194512
5842,08/05/2018,19930,N323AS,955,1288903,LAS,1474703,SEA,1958,23,2234,24,0
5843,08/05/2018,19930,N468AS,976,1474703,SEA,1405702,PDX,2228,58,2326,62,0
5844,08/05/2018,19930,N283AK,977,1426204,PSP,1474703,SEA,1337,-3,1602,-14,4.030194512
5845,08/05/2018,19930,N307AS,982,1474703,SEA,1379608,OAK,2123,3,2330,6,4.030194512
5846,08/05/2018,19930,N319AS,990,1474703,SEA,1188402,GEG,1143,-1,1247,-3,4.030194512
5847,08/05/2018,19930,N921VA,1001,1477104,SFO,1127805,DCA,839,39,1628,18,0
5848,08/05/2018,19930,N921VA,1002,1127805,DCA,1477104,SFO,1719,-4,2003,-20,4.030194512
5849,08/05/2018,19930,N927VA,1005,1289208,LAX,1127805,DCA,1256,16,2048,-11,4.030194512
5850,08/05/2018,19930,N923VA,1006,1127805,DCA,1289208,LAX,918,8,1205,1,4.030194512
5851,08/05/2018,19930,N642VA,1007,1289208,LAX,1474703,SEA,1313,47,1611,57,0
5852,08/05/2018,19930,N845VA,1011,1247805,JFK,1477104,SFO,730,0,1040,-14,4.030194512
5853,08/05/2018,19930,N852VA,1020,1474703,SEA,1247805,JFK,700,-5,1510,-25,4.030194512
5854,08/05/2018,19930,N855VA,1021,1247805,JFK,1474703,SEA,2214,198,125,178,0
5855,08/05/2018,19930,N630VA,1022,1477104,SFO,1247805,JFK,943,34,1807,12,4.030194512
5856,08/05/2018,19930,N837VA,1023,1247805,JFK,1477104,SFO,927,-3,1232,-22,4.030194512
5857,08/05/2018,19930,N846VA,1024,1477104,SFO,1247805,JFK,1336,-9,2244,15,0
5858,08/05/2018,19930,N362VA,1025,1247805,JFK,1477104,SFO,1128,-2,1440,-16,4.030194512
5859,08/05/2018,19930,N849VA,1026,1477104,SFO,1247805,JFK,1539,-15,2355,-46,4.030194512
5860,08/05/2018,19930,N363VA,1027,1247805,JFK,1477104,SFO,1653,-3,2018,-21,4.030194512
5861,08/05/2018,19930,N365VA,1034,1477104,SFO,1247805,JFK,2344,35,831,32,0
5862,08/05/2018,19930,N286VA,1047,1477104,SFO,1383002,OGG,1851,-4,2115,-9,4.030194512
5863,08/05/2018,19930,N286VA,1048,1383002,OGG,1477104,SFO,2219,-11,613,-13,4.030194512
5864,08/05/2018,19930,N284VA,1050,1217305,HNL,1477104,SFO,1405,-6,2245,22,0
5865,08/05/2018,19930,N285VA,1051,1477104,SFO,1217305,HNL,1826,52,2051,36,0
5866,08/05/2018,19930,N284VA,1057,1289208,LAX,1217305,HNL,1002,-3,1306,2,4.030194512
5867,08/05/2018,19930,N285VA,1060,1217305,HNL,1289208,LAX,2147,27,615,7,4.030194512
5868,08/05/2018,19930,N363VA,1064,1483106,SJC,1247805,JFK,709,4,1537,-7,4.030194512
5869,08/05/2018,19930,N852VA,1065,1247805,JFK,1483106,SJC,1641,-6,1955,-27,4.030194512
5870,08/05/2018,19930,N640VA,1067,1226402,IAD,1477104,SFO,641,-2,913,-15,4.030194512
5871,08/05/2018,19930,N846VA,1069,1226402,IAD,1477104,SFO,957,-3,1228,-20,4.030194512
5872,08/05/2018,19930,N621VA,1073,1449202,RDU,1477104,SFO,748,-2,1011,-18,4.030194512
5873,08/05/2018,19930,N364VA,1074,1477104,SFO,1449202,RDU,2225,0,646,11,4.030194512
5874,08/05/2018,19930,N926VA,1077,1226402,IAD,1477104,SFO,1944,64,2245,72,0
5875,08/05/2018,19930,N628VA,1080,1474703,SEA,1226402,IAD,1640,20,18,-5,4.030194512
5876,08/05/2018,19930,N853VA,1081,1226402,IAD,1474703,SEA,701,6,941,-18,4.030194512
5877,08/05/2018,19930,N926VA,1084,1477104,SFO,1226402,IAD,951,26,1804,36,0
5878,08/05/2018,19930,N636VA,1088,1477104,SFO,1226402,IAD,1425,-15,2212,-33,4.030194512
5879,08/05/2018,19930,N626VA,1090,1477104,SFO,1226402,IAD,2108,-12,505,-21,4.030194512
5880,08/05/2018,19930,N637VA,1097,1226402,IAD,1289208,LAX,1610,-8,1830,-22,4.030194512
5881,08/05/2018,19930,N623VA,1100,1477104,SFO,1069302,BNA,1332,116,1929,91,0
5882,08/05/2018,19930,N623VA,1101,1069302,BNA,1477104,SFO,2021,83,2315,61,0
5883,08/05/2018,19930,N637VA,1108,1289208,LAX,1226402,IAD,643,-2,1439,-11,4.030194512
5884,08/05/2018,19930,N928VA,1114,1289208,LAX,1226402,IAD,2333,3,727,-9,4.030194512
5885,08/05/2018,19930,N836VA,1124,1477104,SFO,1082106,BWI,956,61,1756,40,0
5886,08/05/2018,19930,N836VA,1127,1082106,BWI,1477104,SFO,1852,36,2147,7,4.030194512
5887,08/05/2018,19930,N639VA,1128,1289208,LAX,1410005,PHL,2048,-7,450,-26,4.030194512
5888,08/05/2018,19930,N629VA,1129,1410005,PHL,1289208,LAX,628,-8,921,-14,4.030194512
5889,08/05/2018,19930,N839VA,1133,1467903,SAN,1474703,SEA,622,2,915,10,4.030194512
5890,08/05/2018,19930,N363VA,1138,1477104,SFO,1410005,PHL,2220,-17,725,25,0
5891,08/05/2018,19930,N840VA,1143,1410005,PHL,1477104,SFO,815,0,1139,12,4.030194512
5892,08/05/2018,19930,N633VA,1156,1289208,LAX,1161802,EWR,607,7,1431,-1,4.030194512
5893,08/05/2018,19930,N629VA,1162,1289208,LAX,1161802,EWR,1049,144,1907,130,0
5894,08/05/2018,19930,N624VA,1165,1161802,EWR,1289208,LAX,1154,-1,1437,-24,4.030194512
5895,08/05/2018,19930,N854VA,1166,1289208,LAX,1161802,EWR,1358,8,2215,-6,4.030194512
5896,08/05/2018,19930,N633VA,1167,1161802,EWR,1289208,LAX,1547,-4,1844,-17,4.030194512
5897,08/05/2018,19930,N638VA,1168,1289208,LAX,1161802,EWR,2303,58,741,65,0
5898,08/05/2018,19930,N843VA,1169,1161802,EWR,1289208,LAX,1803,-6,2047,-38,4.030194512
5899,08/05/2018,19930,N843VA,1174,1477104,SFO,1161802,EWR,841,51,1708,49,0
5900,08/05/2018,19930,N924VA,1176,1477104,SFO,1161802,EWR,942,-3,1817,3,4.030194512
5901,08/05/2018,19930,N839VA,1178,1477104,SFO,1161802,EWR,1442,-3,2241,-31,4.030194512
5902,08/05/2018,19930,N921VA,1182,1477104,SFO,1161802,EWR,2123,-7,534,-26,4.030194512
5903,08/05/2018,19930,N835VA,1183,1161802,EWR,1477104,SFO,728,13,1030,0,4.030194512
5904,08/05/2018,19930,N636VA,1187,1161802,EWR,1477104,SFO,1026,-3,1326,-18,4.030194512
5905,08/05/2018,19930,N844VA,1189,1477104,SFO,1474703,SEA,710,-5,912,-14,4.030194512
5906,08/05/2018,19930,N629VA,1193,1161802,EWR,1477104,SFO,1954,146,2318,144,0
5907,08/05/2018,19930,N924VA,1195,1161802,EWR,1477104,SFO,1923,0,2307,17,0
5908,08/05/2018,19930,N364VA,1201,1393006,ORD,1477104,SFO,812,-8,1109,11,4.030194512
5909,08/05/2018,19930,N528VA,1204,1477104,SFO,1393006,ORD,1004,-6,1653,25,0
5910,08/05/2018,19930,N837VA,1206,1477104,SFO,1393006,ORD,1825,-10,40,-5,4.030194512
5911,08/05/2018,19930,N528VA,1213,1393006,ORD,1477104,SFO,1742,12,2015,2,4.030194512
5912,08/05/2018,19930,N845VA,1218,1477104,SFO,1042302,AUS,1145,-10,1708,-20,4.030194512
5913,08/05/2018,19930,N845VA,1221,1042302,AUS,1477104,SFO,1816,-2,1941,-23,4.030194512
5914,08/05/2018,19930,N841VA,1222,1477104,SFO,1042302,AUS,1740,10,2256,-6,4.030194512
5915,08/05/2018,19930,N847VA,1232,1289208,LAX,1393006,ORD,1139,-1,1813,16,0
5916,08/05/2018,19930,N527VA,1236,1289208,LAX,1393006,ORD,1720,-15,2344,4,4.030194512
5917,08/05/2018,19930,N847VA,1245,1393006,ORD,1289208,LAX,1903,6,2125,-2,4.030194512
5918,08/05/2018,19930,N365VA,1251,1247805,JFK,1288903,LAS,725,-5,941,-25,4.030194512
5919,08/05/2018,19930,N632VA,1254,1477104,SFO,1233904,IND,819,19,1513,-4,4.030194512
5920,08/05/2018,19930,N632VA,1255,1233904,IND,1477104,SFO,1607,-8,1748,-36,4.030194512
5921,08/05/2018,19930,N927VA,1256,1289208,LAX,1288903,LAS,755,-5,917,-3,4.030194512
5922,08/05/2018,19930,N633VA,1260,1288903,LAS,1247805,JFK,2154,-6,606,7,4.030194512
5923,08/05/2018,19930,N838VA,1300,1477104,SFO,1320402,MCO,858,53,1717,50,0
5924,08/05/2018,19930,N838VA,1305,1320402,MCO,1477104,SFO,1851,66,2122,55,0
5925,08/05/2018,19930,N641VA,1334,1289208,LAX,1169706,FLL,956,9,1804,4,4.030194512
5926,08/05/2018,19930,N641VA,1339,1169706,FLL,1289208,LAX,1917,17,2135,6,4.030194512
5927,08/05/2018,19930,N842VA,1352,1477104,SFO,1072102,BOS,910,-10,1842,32,0
5928,08/05/2018,19930,N849VA,1353,1072102,BOS,1477104,SFO,1010,5,1341,8,4.030194512
5929,08/05/2018,19930,N361VA,1354,1477104,SFO,1072102,BOS,1359,-6,2236,-9,4.030194512
5930,08/05/2018,19930,N845VA,1358,1477104,SFO,1072102,BOS,2059,-8,518,-29,4.030194512
5931,08/05/2018,19930,N842VA,1359,1072102,BOS,1477104,SFO,1932,17,2355,57,0
5932,08/05/2018,19930,N638VA,1360,1289208,LAX,1072102,BOS,820,20,1713,33,0
5933,08/05/2018,19930,N622VA,1362,1289208,LAX,1072102,BOS,1538,-2,2352,-27,4.030194512
5934,08/05/2018,19930,N854VA,1363,1072102,BOS,1289208,LAX,938,28,1235,8,4.030194512
5935,08/05/2018,19930,N622VA,1365,1072102,BOS,1289208,LAX,1123,16,1418,-4,4.030194512
5936,08/05/2018,19930,N638VA,1367,1072102,BOS,1289208,LAX,1808,13,2201,38,0
5937,08/05/2018,19930,N847VA,1370,1289208,LAX,1072102,BOS,2254,-6,734,-12,4.030194512
5938,08/05/2018,19930,N282VA,1390,1477104,SFO,1349505,MSY,1032,-8,1641,-16,4.030194512
5939,08/05/2018,19930,N282VA,1391,1349505,MSY,1477104,SFO,1748,-9,2021,-12,4.030194512
5940,08/05/2018,19930,N855VA,1406,1289208,LAX,1247805,JFK,1133,51,2017,52,0
5941,08/05/2018,19930,N631VA,1407,1247805,JFK,1289208,LAX,902,0,1216,-2,4.030194512
5942,08/05/2018,19930,N286VA,1409,1247805,JFK,1289208,LAX,1121,-9,1410,-33,4.030194512
5943,08/05/2018,19930,N928VA,1411,1247805,JFK,1289208,LAX,1257,-3,1550,-23,4.030194512
5944,08/05/2018,19930,N923VA,1412,1289208,LAX,1247805,JFK,1337,-8,2206,-21,4.030194512
5945,08/05/2018,19930,N846VA,1415,1247805,JFK,1289208,LAX,16,232,241,162,0
5946,08/05/2018,19930,N624VA,1416,1289208,LAX,1247805,JFK,1544,-11,25,-11,4.030194512
5947,08/05/2018,19930,N853VA,1418,1289208,LAX,1247805,JFK,2050,-10,513,-28,4.030194512
5948,08/05/2018,19930,N632VA,1420,1289208,LAX,1247805,JFK,2312,-3,749,-9,4.030194512
5949,08/05/2018,19930,N527VA,1469,1288903,LAS,1289208,LAX,652,-8,840,24,0
5950,08/05/2018,19930,N927VA,1473,1288903,LAS,1289208,LAX,1003,-12,1159,22,0
5951,08/05/2018,19930,N631VA,1475,1288903,LAS,1289208,LAX,1517,-3,1633,-7,4.030194512
5952,08/05/2018,19930,N928VA,1480,1289208,LAX,1288903,LAS,1704,-11,1825,-9,4.030194512
5953,08/05/2018,19930,N928VA,1483,1288903,LAS,1289208,LAX,1930,-6,2044,-11,4.030194512
5954,08/05/2018,19930,N631VA,1486,1289208,LAX,1288903,LAS,1308,-2,1433,3,4.030194512
5955,08/05/2018,19930,N526VA,1488,1289208,LAX,1288903,LAS,1453,-7,1554,-14,4.030194512
5956,08/05/2018,19930,N633VA,1490,1289208,LAX,1288903,LAS,1945,-6,2104,-6,4.030194512
5957,08/05/2018,19930,N365VA,1491,1288903,LAS,1289208,LAX,1828,-8,1938,-17,4.030194512
5958,08/05/2018,19930,N625VA,1595,1129202,DEN,1474703,SEA,1038,2,1224,-11,4.030194512
5959,08/05/2018,19930,N844VA,1596,1477104,SFO,1426204,PSP,2047,-12,2246,20,0
5960,08/05/2018,19930,N525VA,1598,1477104,SFO,1426204,PSP,1642,-8,1803,-18,4.030194512
5961,08/05/2018,19930,N525VA,1599,1426204,PSP,1477104,SFO,1931,19,2114,32,0
5962,08/05/2018,19930,N527VA,1600,1289208,LAX,1405702,PDX,1025,-10,1252,-12,4.030194512
5963,08/05/2018,19930,N626VA,1601,1477104,SFO,1474703,SEA,1034,-1,1248,8,4.030194512
5964,08/05/2018,19930,N635VA,1603,1405702,PDX,1289208,LAX,1000,-5,1234,-7,4.030194512
5965,08/05/2018,19930,N635VA,1606,1289208,LAX,1405702,PDX,1331,-4,1550,-14,4.030194512
5966,08/05/2018,19930,N527VA,1607,1405702,PDX,1289208,LAX,1353,-12,1615,-26,4.030194512
5967,08/05/2018,19930,N635VA,1611,1405702,PDX,1289208,LAX,1728,-4,1950,-18,4.030194512
5968,08/05/2018,19930,N635VA,1612,1289208,LAX,1405702,PDX,2123,-2,2341,-13,4.030194512
5969,08/05/2018,19930,N851VA,1623,1483106,SJC,1474703,SEA,1455,-8,1654,-11,4.030194512
5970,08/05/2018,19930,N365VA,1629,1288903,LAS,1474703,SEA,1110,-10,1347,-9,4.030194512
5971,08/05/2018,19930,N524VA,1630,1474703,SEA,1288903,LAS,1106,-1,1332,-8,4.030194512
5972,08/05/2018,19930,N524VA,1631,1288903,LAS,1474703,SEA,1429,-6,1705,-4,4.030194512
5973,08/05/2018,19930,N365VA,1634,1474703,SEA,1288903,LAS,1505,5,1740,9,4.030194512
5974,08/05/2018,19930,N522VA,1650,1474703,SEA,1405702,PDX,825,-10,932,4,4.030194512
5975,08/05/2018,19930,N522VA,1651,1405702,PDX,1474703,SEA,1021,-9,1120,-4,4.030194512
5976,08/05/2018,19930,N524VA,1658,1474703,SEA,1405702,PDX,1801,-4,1858,0,4.030194512
5977,08/05/2018,19930,N524VA,1659,1405702,PDX,1474703,SEA,1954,-7,2055,4,4.030194512
5978,08/05/2018,19930,N625VA,1665,1129202,DEN,1474703,SEA,1828,-2,2028,2,4.030194512
5979,08/05/2018,19930,N625VA,1670,1474703,SEA,1129202,DEN,630,40,959,33,0
5980,08/05/2018,19930,N844VA,1674,1474703,SEA,1129202,DEN,1023,-3,1412,4,4.030194512
5981,08/05/2018,19930,N844VA,1675,1129202,DEN,1474703,SEA,1456,-2,1653,-1,4.030194512
5982,08/05/2018,19930,N840VA,1677,1477104,SFO,1474703,SEA,1225,15,1511,56,0
5983,08/05/2018,19930,N625VA,1678,1474703,SEA,1129202,DEN,1344,-3,1735,5,4.030194512
5984,08/05/2018,19930,N851VA,1680,1474703,SEA,1483106,SJC,1157,7,1414,11,4.030194512
5985,08/05/2018,19930,N526VA,1710,1477104,SFO,1125903,DAL,555,-5,1118,-19,4.030194512
5986,08/05/2018,19930,N922VA,1711,1477104,SFO,1474703,SEA,1609,-1,1813,-3,4.030194512
5987,08/05/2018,19930,N528VA,1713,1125903,DAL,1477104,SFO,724,-6,902,-10,4.030194512
5988,08/05/2018,19930,N523VA,1714,1477104,SFO,1125903,DAL,1242,12,1822,17,0
5989,08/05/2018,19930,N525VA,1715,1125903,DAL,1477104,SFO,1402,-3,1535,-15,4.030194512
5990,08/05/2018,19930,N521VA,1717,1125903,DAL,1477104,SFO,1745,5,1923,-2,4.030194512
5991,08/05/2018,19930,N530VA,1720,1477104,SFO,1125903,DAL,1620,-10,2153,-11,4.030194512
5992,08/05/2018,19930,N924VA,1740,1474703,SEA,1477104,SFO,534,-1,734,-8,4.030194512
5993,08/05/2018,19930,N628VA,1741,1477104,SFO,1474703,SEA,557,-3,752,-17,4.030194512
5994,08/05/2018,19930,N626VA,1742,1474703,SEA,1477104,SFO,653,-6,853,-13,4.030194512
5995,08/05/2018,19930,N524VA,1743,1477104,SFO,1474703,SEA,819,19,1023,18,0
5996,08/05/2018,19930,N628VA,1744,1474703,SEA,1477104,SFO,855,-9,1052,-23,4.030194512
5997,08/05/2018,19930,N839VA,1746,1474703,SEA,1477104,SFO,1003,3,1219,8,4.030194512
5998,08/05/2018,19930,N853VA,1748,1474703,SEA,1477104,SFO,1111,6,1309,-2,4.030194512
5999,08/05/2018,19930,N922VA,1750,1474703,SEA,1477104,SFO,1307,7,1511,-2,4.030194512
6000,08/05/2018,19930,N628VA,1751,1477104,SFO,1474703,SEA,1355,40,1551,31,0
6001,08/05/2018,19930,N626VA,1752,1474703,SEA,1477104,SFO,1348,-2,1606,3,4.030194512
6002,08/05/2018,19930,N853VA,1753,1477104,SFO,1474703,SEA,1411,1,1612,0,4.030194512
6003,08/05/2018,19930,N840VA,1754,1474703,SEA,1477104,SFO,1551,31,1814,45,0
6004,08/05/2018,19930,N844VA,1756,1474703,SEA,1477104,SFO,1736,-14,2004,0,4.030194512
6005,08/05/2018,19930,N836VA,1757,1477104,SFO,1474703,SEA,2225,-5,48,12,4.030194512
6006,08/05/2018,19930,N922VA,1758,1474703,SEA,1477104,SFO,1911,-4,2138,14,4.030194512
6007,08/05/2018,19930,N851VA,1763,1289208,LAX,1474703,SEA,751,-4,1036,-7,4.030194512
6008,08/05/2018,19930,N847VA,1780,1474703,SEA,1289208,LAX,747,-8,1104,19,0
6009,08/05/2018,19930,N922VA,1783,1289208,LAX,1474703,SEA,914,4,1207,9,4.030194512
6010,08/05/2018,19930,N522VA,1786,1474703,SEA,1289208,LAX,1308,5,1549,-1,4.030194512
6011,08/05/2018,19930,N642VA,1790,1474703,SEA,1289208,LAX,1701,35,1940,30,0
6012,08/05/2018,19930,N853VA,1792,1474703,SEA,1289208,LAX,1708,-8,1957,-3,4.030194512
6013,08/05/2018,19930,N851VA,1794,1474703,SEA,1289208,LAX,1758,-12,2059,5,4.030194512
6014,08/05/2018,19930,N631VA,1795,1289208,LAX,1474703,SEA,1755,0,2044,2,4.030194512
6015,08/05/2018,19930,N625VA,1798,1474703,SEA,1289208,LAX,2151,1,37,4,4.030194512
6016,08/05/2018,19930,N637VA,1799,1289208,LAX,1474703,SEA,1938,-7,2234,2,4.030194512
6017,08/05/2018,19930,N530VA,1803,1477104,SFO,1405702,PDX,1009,-4,1149,-6,4.030194512
6018,08/05/2018,19930,N529VA,1805,1477104,SFO,1405702,PDX,1202,-8,1342,-10,4.030194512
6019,08/05/2018,19930,N530VA,1806,1405702,PDX,1477104,SFO,1239,-11,1435,-7,4.030194512
6020,08/05/2018,19930,N529VA,1808,1405702,PDX,1477104,SFO,1444,-1,1621,-14,4.030194512
6021,08/05/2018,19930,N281VA,1809,1477104,SFO,1405702,PDX,1813,13,1957,16,0
6022,08/05/2018,19930,N281VA,1812,1405702,PDX,1477104,SFO,2055,-10,2241,-12,4.030194512
6023,08/05/2018,19930,N529VA,1871,1125903,DAL,1289208,LAX,712,-8,829,-8,4.030194512
6024,08/05/2018,19930,N525VA,1872,1289208,LAX,1125903,DAL,736,-9,1317,17,0
6025,08/05/2018,19930,N521VA,1874,1289208,LAX,1125903,DAL,1150,20,1704,16,0
6026,08/05/2018,19930,N522VA,1882,1289208,LAX,1125903,DAL,1746,6,2250,-8,4.030194512
6027,08/05/2018,19930,N526VA,1883,1125903,DAL,1289208,LAX,1221,-9,1326,-21,4.030194512
6028,08/05/2018,19930,N523VA,1885,1125903,DAL,1289208,LAX,1904,9,2014,3,4.030194512
6029,08/05/2018,19930,N364VA,1893,1288903,LAS,1477104,SFO,1412,-9,1559,-1,4.030194512
6030,08/05/2018,19930,N530VA,1897,1288903,LAS,1477104,SFO,641,-4,832,17,0
6031,08/05/2018,19930,N523VA,1902,1477104,SFO,1288903,LAS,733,-7,857,-12,4.030194512
6032,08/05/2018,19930,N523VA,1903,1288903,LAS,1477104,SFO,955,-8,1158,18,0
6033,08/05/2018,19930,N364VA,1904,1477104,SFO,1288903,LAS,1154,0,1337,6,4.030194512
6034,08/05/2018,19930,N362VA,1906,1477104,SFO,1289208,LAX,1611,-2,1738,-7,4.030194512
6035,08/05/2018,19930,N837VA,1907,1288903,LAS,1477104,SFO,1611,-10,1745,-15,4.030194512
6036,08/05/2018,19930,N837VA,1908,1477104,SFO,1288903,LAS,1345,-10,1508,-23,4.030194512
6037,08/05/2018,19930,N526VA,1909,1288903,LAS,1477104,SFO,1649,-11,1819,-20,4.030194512
6038,08/05/2018,19930,N364VA,1910,1477104,SFO,1288903,LAS,1656,1,1814,-18,4.030194512
6039,08/05/2018,19930,N840VA,1912,1477104,SFO,1288903,LAS,1905,10,2044,12,4.030194512
6040,08/05/2018,19930,N526VA,1914,1477104,SFO,1288903,LAS,1942,-13,2110,-22,4.030194512
6041,08/05/2018,19930,N362VA,1916,1477104,SFO,1288903,LAS,2228,63,2356,57,0
6042,08/05/2018,19930,N364VA,1917,1288903,LAS,1477104,SFO,1921,-6,2104,0,4.030194512
6043,08/05/2018,19930,N840VA,1919,1288903,LAS,1477104,SFO,2127,2,2301,-3,4.030194512
6044,08/05/2018,19930,N361VA,1921,1289208,LAX,1477104,SFO,625,-5,738,-20,4.030194512
6045,08/05/2018,19930,N282VA,1923,1289208,LAX,1477104,SFO,756,26,931,34,0
6046,08/05/2018,19930,N284VA,1924,1477104,SFO,1289208,LAX,702,-7,857,15,0
6047,08/05/2018,19930,N529VA,1925,1289208,LAX,1477104,SFO,927,-13,1106,-1,4.030194512
6048,08/05/2018,19930,N361VA,1926,1477104,SFO,1289208,LAX,847,-8,1035,7,4.030194512
6049,08/05/2018,19930,N361VA,1927,1289208,LAX,1477104,SFO,1130,10,1254,7,4.030194512
6050,08/05/2018,19930,N835VA,1928,1477104,SFO,1289208,LAX,1156,-3,1331,-1,4.030194512
6051,08/05/2018,19930,N835VA,1929,1289208,LAX,1477104,SFO,1448,3,1600,-13,4.030194512
6052,08/05/2018,19930,N286VA,1931,1289208,LAX,1477104,SFO,1550,-5,1705,-18,4.030194512
6053,08/05/2018,19930,N529VA,1934,1477104,SFO,1289208,LAX,1747,17,1922,20,0
6054,08/05/2018,19930,N362VA,1935,1289208,LAX,1477104,SFO,1826,-9,1948,-15,4.030194512
6055,08/05/2018,19930,N835VA,1936,1477104,SFO,1289208,LAX,1923,-7,2114,12,4.030194512
6056,08/05/2018,19930,N529VA,1937,1289208,LAX,1477104,SFO,1957,2,2130,7,4.030194512
6057,08/05/2018,19930,N632VA,1938,1477104,SFO,1289208,LAX,2048,-7,2217,-10,4.030194512
6058,08/05/2018,19930,N365VA,1939,1289208,LAX,1477104,SFO,2044,-11,2214,2,4.030194512
6059,08/05/2018,19930,N521VA,1940,1477104,SFO,1289208,LAX,2116,1,2232,-24,4.030194512
6060,08/05/2018,19930,N843VA,1941,1289208,LAX,1477104,SFO,2333,-12,100,-15,4.030194512
6061,08/05/2018,19930,N855VA,1942,1477104,SFO,1289208,LAX,608,10,732,7,4.030194512
6062,08/05/2018,19930,N842VA,1949,1467903,SAN,1477104,SFO,644,-1,818,-2,4.030194512
6063,08/05/2018,19930,N841VA,1950,1477104,SFO,1467903,SAN,700,60,826,49,0
6064,08/05/2018,19930,N841VA,1953,1467903,SAN,1477104,SFO,924,57,1045,43,0
6065,08/05/2018,19930,N848VA,1954,1477104,SFO,1467903,SAN,1241,41,1409,33,0
6066,08/05/2018,19930,N848VA,1962,1477104,SFO,1467903,SAN,1705,-5,1829,-17,4.030194512
6067,08/05/2018,19930,N640VA,1964,1477104,SFO,1467903,SAN,2121,20,2253,16,0
6068,08/05/2018,19930,N848VA,1965,1467903,SAN,1477104,SFO,1450,18,1611,9,4.030194512
6069,08/05/2018,19930,N922VA,1966,1477104,SFO,1289208,LAX,636,-6,821,1,4.030194512
6070,08/05/2018,19930,N848VA,1971,1467903,SAN,1477104,SFO,1931,-9,2128,14,4.030194512
6071,08/05/2018,19687,N403QX,2001,1610102,YKM,1474703,SEA,457,-3,534,-5,4.030194512
6072,08/05/2018,19687,N407QX,2002,1474703,SEA,1610102,YKM,1353,-7,1452,7,4.030194512
6073,08/05/2018,19687,N407QX,2003,1610102,YKM,1474703,SEA,1519,-4,1602,-2,4.030194512
6074,08/05/2018,19687,N407QX,2004,1474703,SEA,1610102,YKM,2309,-5,2355,0,4.030194512
6075,08/05/2018,19687,N448QX,2005,1610102,YKM,1474703,SEA,1951,-3,2043,8,4.030194512
6076,08/05/2018,19687,N448QX,2006,1474703,SEA,1610102,YKM,1847,11,1923,8,4.030194512
6077,08/05/2018,19687,N431QX,2008,1474703,SEA,1610102,YKM,1039,-6,1131,1,4.030194512
6078,08/05/2018,19687,N401QX,2009,1405702,PDX,1448902,RDM,2115,-5,2157,-3,4.030194512
6079,08/05/2018,19687,N403QX,2011,1084905,BZN,1405702,PDX,1208,-4,1302,-4,4.030194512
6080,08/05/2018,19687,N412QX,2015,1084905,BZN,1405702,PDX,1905,10,2001,12,4.030194512
6081,08/05/2018,19687,N441QX,2020,1474703,SEA,1027505,ALW,1730,5,1826,5,4.030194512
6082,08/05/2018,19687,N441QX,2021,1027505,ALW,1474703,SEA,1855,-4,1959,-2,4.030194512
6083,08/05/2018,19687,N449QX,2030,1474703,SEA,1312702,LWS,931,-9,1033,-14,4.030194512
6084,08/05/2018,19687,N449QX,2031,1312702,LWS,1474703,SEA,1129,-1,1241,-9,4.030194512
6085,08/05/2018,19687,N431QX,2032,1474703,SEA,1312702,LWS,1533,-2,1641,-1,4.030194512
6086,08/05/2018,19687,N441QX,2035,1405702,PDX,1160302,EUG,2248,-4,2328,-3,4.030194512
6087,08/05/2018,19687,N415QX,2036,1160302,EUG,1405702,PDX,842,-5,920,-9,4.030194512
6088,08/05/2018,19687,N448QX,2037,1188402,GEG,1405702,PDX,509,-6,623,-1,4.030194512
6089,08/05/2018,19687,N403QX,2038,1405702,PDX,1084905,BZN,844,-1,1127,0,4.030194512
6090,08/05/2018,19687,N421QX,2039,1474703,SEA,1405702,PDX,1945,5,2033,4,4.030194512
6091,08/05/2018,19687,N440QX,2040,1474703,SEA,1215605,HLN,1224,-7,1510,-5,4.030194512
6092,08/05/2018,19687,N403QX,2041,1474703,SEA,1405702,PDX,617,-8,703,-9,4.030194512
6093,08/05/2018,19687,N400QX,2048,1405702,PDX,1188402,GEG,616,-9,726,-2,4.030194512
6094,08/05/2018,19687,N623QX,2049,1188402,GEG,1405702,PDX,953,-7,1056,-14,4.030194512
6095,08/05/2018,19687,N437QX,2050,1405702,PDX,1474703,SEA,909,-1,1014,8,4.030194512
6096,08/05/2018,19687,N432QX,2051,1147005,EAT,1474703,SEA,1839,-5,1930,-2,4.030194512
6097,08/05/2018,19687,N415QX,2053,1188402,GEG,1405702,PDX,1314,-6,1424,-7,4.030194512
6098,08/05/2018,19687,N415QX,2054,1405702,PDX,1084905,BZN,1555,-5,1843,1,4.030194512
6099,08/05/2018,19687,N441QX,2058,1448902,RDM,1405702,PDX,511,1,552,5,4.030194512
6100,08/05/2018,19687,N442QX,2059,1474703,SEA,1405702,PDX,928,-2,1020,0,4.030194512
6101,08/05/2018,19687,N434MK,2062,1405702,PDX,1474703,SEA,1251,21,1334,13,4.030194512
6102,08/05/2018,19687,N440QX,2065,1215605,HLN,1474703,SEA,1605,12,1658,13,4.030194512
6103,08/05/2018,19687,N445QX,2066,1405702,PDX,1071302,BOI,1157,-8,1410,-10,4.030194512
6104,08/05/2018,19687,N426QX,2067,1430302,PUW,1474703,SEA,500,0,607,-1,4.030194512
6105,08/05/2018,19687,N620QX,2072,1474703,SEA,1164802,FCA,1656,-3,1907,-17,4.030194512
6106,08/05/2018,19687,N620QX,2074,1474703,SEA,1164802,FCA,1209,14,1434,14,4.030194512
6107,08/05/2018,19687,N620QX,2075,1164802,FCA,1474703,SEA,1517,17,1535,0,4.030194512
6108,08/05/2018,19687,N423QX,2076,1071302,BOI,1188402,GEG,2043,34,2048,32,0
6109,08/05/2018,19687,N443QX,2076,1489302,SMF,1071302,BOI,1818,78,2046,75,0
6110,08/05/2018,19687,N408QX,2077,1188402,GEG,1071302,BOI,607,-8,813,-8,4.030194512
6111,08/05/2018,19687,N443QX,2077,1071302,BOI,1489302,SMF,854,-6,928,-8,4.030194512
6112,08/05/2018,19687,N402QX,2079,1027505,ALW,1474703,SEA,1151,0,1254,0,4.030194512
6113,08/05/2018,19687,N443QX,2081,1405702,PDX,1160302,EUG,1303,-6,1340,-10,4.030194512
6114,08/05/2018,19687,N401QX,2084,1326403,MFR,1405702,PDX,1920,-7,2013,-9,4.030194512
6115,08/05/2018,19687,N438QX,2086,1474703,SEA,1027505,ALW,2119,-8,2215,-9,4.030194512
6116,08/05/2018,19687,N415QX,2087,1027505,ALW,1474703,SEA,456,-4,552,-11,4.030194512
6117,08/05/2018,19687,N412QX,2089,1405702,PDX,1326403,MFR,1056,-1,1152,-1,4.030194512
6118,08/05/2018,19687,N400QX,2090,1474703,SEA,1147005,EAT,947,-8,1039,2,4.030194512
6119,08/05/2018,19687,N400QX,2091,1147005,EAT,1474703,SEA,1112,-3,1153,-12,4.030194512
6120,08/05/2018,19687,N437QX,2092,1448902,RDM,1405702,PDX,730,-5,812,-1,4.030194512
6121,08/05/2018,19687,N428QX,2093,1405702,PDX,1326403,MFR,1351,7,1441,1,4.030194512
6122,08/05/2018,19687,N428QX,2094,1326403,MFR,1405702,PDX,1515,-5,1618,0,4.030194512
6123,08/05/2018,19687,N417QX,2095,1405702,PDX,1326403,MFR,2040,-8,2133,-10,4.030194512
6124,08/05/2018,19687,N402QX,2096,1474703,SEA,1027505,ALW,1000,-6,1112,-1,4.030194512
6125,08/05/2018,19687,N426QX,2097,1405702,PDX,1326403,MFR,1848,-6,1942,-10,4.030194512
6126,08/05/2018,19687,N453QX,2098,1326403,MFR,1405702,PDX,1659,-9,1752,-11,4.030194512
6127,08/05/2018,19687,N625QX,2100,1474703,SEA,1425202,PSC,2341,6,32,5,4.030194512
6128,08/05/2018,19687,N631QX,2101,1425202,PSC,1474703,SEA,504,-6,557,-8,4.030194512
6129,08/05/2018,19687,N431QX,2102,1474703,SEA,1425202,PSC,708,-12,757,-17,4.030194512
6130,08/05/2018,19687,N422QX,2108,1474703,SEA,1071302,BOI,2017,-3,2250,5,4.030194512
6131,08/05/2018,19687,N438QX,2109,1425202,PSC,1474703,SEA,1925,-13,2027,-7,4.030194512
6132,08/05/2018,19687,N433QX,2110,1474703,SEA,1425202,PSC,944,4,1044,8,4.030194512
6133,08/05/2018,19687,N415QX,2111,1084905,BZN,1474703,SEA,1944,15,2049,19,0
6134,08/05/2018,19687,N448QX,2118,1474703,SEA,1425202,PSC,1557,27,1649,28,0
6135,08/05/2018,19687,N433QX,2127,1289208,LAX,1338801,MMH,1915,70,2015,54,0
6136,08/05/2018,19687,N426QX,2134,1474703,SEA,1147005,EAT,2303,-11,2346,-11,4.030194512
6137,08/05/2018,19687,N440QX,2135,1066602,BLI,1474703,SEA,656,-4,737,-3,4.030194512
6138,08/05/2018,19687,N444QX,2140,1071302,BOI,1312702,LWS,2211,50,2208,52,0
6139,08/05/2018,19687,N432QX,2144,1474703,SEA,1430302,PUW,939,-6,1045,-3,4.030194512
6140,08/05/2018,19687,N412QX,2145,1474703,SEA,1084905,BZN,1540,6,1822,12,4.030194512
6141,08/05/2018,19687,N433QX,2149,1200305,GTF,1474703,SEA,758,-7,850,-8,4.030194512
6142,08/05/2018,19687,N412QX,2150,1405702,PDX,1474703,SEA,455,-5,543,0,4.030194512
6143,08/05/2018,19687,N442QX,2152,1405702,PDX,1474703,SEA,1125,-5,1215,-6,4.030194512
6144,08/05/2018,19687,N446QX,2153,1405702,PDX,1326403,MFR,549,-11,644,-13,4.030194512
6145,08/05/2018,19687,N401QX,2155,1147005,EAT,1474703,SEA,557,-3,636,-6,4.030194512
6146,08/05/2018,19687,N453QX,2156,1457002,RNO,1405702,PDX,919,-8,1057,-11,4.030194512
6147,08/05/2018,19687,N405QX,2157,1071302,BOI,1457002,RNO,939,-3,955,-5,4.030194512
6148,08/05/2018,19687,N426QX,2160,1326403,MFR,1474703,SEA,2054,-1,2227,4,4.030194512
6149,08/05/2018,19687,N431QX,2163,1312702,LWS,1474703,SEA,1724,4,1834,-2,4.030194512
6150,08/05/2018,19687,N405QX,2164,1457002,RNO,1071302,BOI,1551,-4,1805,-4,4.030194512
6151,08/05/2018,19687,N448QX,2165,1405702,PDX,1474703,SEA,823,23,907,15,0
6152,08/05/2018,19687,N415QX,2173,1474703,SEA,1160302,EUG,649,-11,751,-18,4.030194512
6153,08/05/2018,19687,N453QX,2174,1483106,SJC,1457002,RNO,722,-8,830,1,4.030194512
6154,08/05/2018,19687,N401QX,2175,1474703,SEA,1405702,PDX,1102,-3,1154,-2,4.030194512
6155,08/05/2018,19687,N451QX,2176,1474703,SEA,1200305,GTF,2109,-6,2353,-5,4.030194512
6156,08/05/2018,19687,N402QX,2177,1071302,BOI,1474703,SEA,823,-2,901,-6,4.030194512
6157,08/05/2018,19687,N631QX,2180,1474703,SEA,1425202,PSC,1217,9,1317,12,4.030194512
6158,08/05/2018,19687,N437QX,2181,1474703,SEA,1448902,RDM,1534,-1,1639,1,4.030194512
6159,08/05/2018,19687,N453QX,2183,1457002,RNO,1483106,SJC,551,1,646,-1,4.030194512
6160,08/05/2018,19687,N402QX,2185,1405702,PDX,1448902,RDM,1918,-7,1957,-7,4.030194512
6161,08/05/2018,19687,N448QX,2187,1474703,SEA,1200305,GTF,944,1,1229,3,4.030194512
6162,08/05/2018,19687,N433QX,2189,1338801,MMH,1289208,LAX,2041,42,2204,44,0
6163,08/05/2018,19687,N437QX,2192,1474703,SEA,1188402,GEG,1905,10,2003,11,4.030194512
6164,08/05/2018,19687,N423QX,2193,1188402,GEG,1474703,SEA,2126,14,2231,2,4.030194512
6165,08/05/2018,19687,N632QX,2198,1474703,SEA,1405702,PDX,2225,-5,2312,-13,4.030194512
6166,08/05/2018,19687,N431QX,2201,1610102,YKM,1474703,SEA,1208,0,1249,-4,4.030194512
6167,08/05/2018,19687,N447QX,2203,1430302,PUW,1474703,SEA,1921,11,2031,5,4.030194512
6168,08/05/2018,19687,N442QX,2204,1405702,PDX,1474703,SEA,739,-6,831,-3,4.030194512
6169,08/05/2018,19687,N448QX,2205,1200305,GTF,1474703,SEA,1306,0,1408,9,4.030194512
6170,08/05/2018,19687,N431QX,2211,1474703,SEA,1405702,PDX,1920,0,2008,-1,4.030194512
6171,08/05/2018,19687,N412QX,2216,1326403,MFR,1474703,SEA,1236,2,1406,-4,4.030194512
6172,08/05/2018,19687,N432QX,2219,1430302,PUW,1474703,SEA,1127,0,1247,6,4.030194512
6173,08/05/2018,19687,N423QX,2221,1474703,SEA,1326403,MFR,1139,-1,1306,-5,4.030194512
6174,08/05/2018,19687,N403QX,2223,1405702,PDX,1071302,BOI,1415,-5,1632,-3,4.030194512
6175,08/05/2018,19687,N427QX,2224,1405702,PDX,1425202,PSC,2239,-9,2324,-12,4.030194512
6176,08/05/2018,19687,N632QX,2226,1405702,PDX,1474703,SEA,2049,-1,2141,-2,4.030194512
6177,08/05/2018,19687,N433QX,2227,1425202,PSC,1474703,SEA,1113,-1,1205,-5,4.030194512
6178,08/05/2018,19687,N407QX,2228,1405702,PDX,1474703,SEA,823,8,913,6,4.030194512
6179,08/05/2018,19687,N626QX,2229,1474703,SEA,1457002,RNO,2002,-3,2145,-17,4.030194512
6180,08/05/2018,19687,N448QX,2233,1425202,PSC,1474703,SEA,1725,26,1814,24,0
6181,08/05/2018,19687,N407QX,2234,1474703,SEA,1188402,GEG,950,-5,1057,3,4.030194512
6182,08/05/2018,19687,N407QX,2235,1188402,GEG,1474703,SEA,1131,-4,1250,7,4.030194512
6183,08/05/2018,19687,N453QX,2236,1448902,RDM,1405702,PDX,1305,-5,1347,-3,4.030194512
6184,08/05/2018,19687,N446QX,2237,1405702,PDX,1160302,EUG,1518,2,1558,2,4.030194512
6185,08/05/2018,19687,N626QX,2238,1457002,RNO,1474703,SEA,1707,-8,1855,-24,4.030194512
6186,08/05/2018,19687,N444QX,2244,1474703,SEA,1188402,GEG,1746,46,1844,48,0
6187,08/05/2018,19687,N431QX,2245,1425202,PSC,1474703,SEA,858,-5,948,-14,4.030194512
6188,08/05/2018,19687,N449QX,2248,1474703,SEA,1147005,EAT,1344,-5,1441,-1,4.030194512
6189,08/05/2018,19687,N449QX,2249,1147005,EAT,1474703,SEA,1545,25,1638,30,0
6190,08/05/2018,19687,N634QX,2250,1457002,RNO,1474703,SEA,701,1,856,-9,4.030194512
6191,08/05/2018,19687,N630QX,2252,1457002,RNO,1405702,PDX,1846,-6,2009,-21,4.030194512
6192,08/05/2018,19687,N445QX,2253,1405702,PDX,1457002,RNO,1608,5,1750,8,4.030194512
6193,08/05/2018,19687,N421QX,2254,1405702,PDX,1188402,GEG,2218,3,2325,7,4.030194512
6194,08/05/2018,19687,N630QX,2255,1474703,SEA,1457002,RNO,1612,-2,1806,-5,4.030194512
6195,08/05/2018,19687,N626QX,2257,1474703,SEA,1457002,RNO,1449,11,1633,-2,4.030194512
6196,08/05/2018,19687,N441QX,2259,1474703,SEA,1405702,PDX,2038,-7,2141,7,4.030194512
6197,08/05/2018,19687,N437QX,2262,1448902,RDM,1474703,SEA,1714,-6,1813,-12,4.030194512
6198,08/05/2018,19687,N428QX,2263,1425202,PSC,1405702,PDX,638,-7,726,-4,4.030194512
6199,08/05/2018,19687,N437QX,2270,1474703,SEA,1188402,GEG,1053,-2,1155,-3,4.030194512
6200,08/05/2018,19687,N423QX,2274,1405702,PDX,1474703,SEA,1555,-5,1646,-3,4.030194512
6201,08/05/2018,19687,N426QX,2276,1405702,PDX,1164802,FCA,1346,3,1613,1,4.030194512
6202,08/05/2018,19687,N426QX,2277,1164802,FCA,1405702,PDX,1705,5,1738,2,4.030194512
6203,08/05/2018,19687,N631QX,2279,1425202,PSC,1474703,SEA,1351,6,1513,28,0
6204,08/05/2018,19687,N422QX,2280,1160302,EUG,1474703,SEA,539,-6,638,-19,4.030194512
6205,08/05/2018,19687,N423QX,2281,1474703,SEA,1160302,EUG,2317,-6,16,-7,4.030194512
6206,08/05/2018,19687,N432QX,2282,1474703,SEA,1147005,EAT,1725,0,1802,-4,4.030194512
6207,08/05/2018,19687,N634QX,2284,1474703,SEA,1164802,FCA,2140,10,2356,1,4.030194512
6208,08/05/2018,19687,N620QX,2285,1164802,FCA,1474703,SEA,2003,-6,2022,-22,4.030194512
6209,08/05/2018,19687,N453QX,2286,1405702,PDX,1474703,SEA,1905,-5,1953,-7,4.030194512
6210,08/05/2018,19687,N620QX,2289,1164802,FCA,1474703,SEA,524,-1,545,-15,4.030194512
6211,08/05/2018,19687,N426QX,2291,1474703,SEA,1405702,PDX,727,-3,818,1,4.030194512
6212,08/05/2018,19687,N451QX,2294,1448902,RDM,1474703,SEA,610,-5,712,-8,4.030194512
6213,08/05/2018,19687,N432QX,2296,1160302,EUG,1474703,SEA,746,1,854,-5,4.030194512
6214,08/05/2018,19687,N447QX,2297,1474703,SEA,1448902,RDM,2313,3,15,7,4.030194512
6215,08/05/2018,19687,N440QX,2299,1474703,SEA,1160302,EUG,1737,-1,1838,-6,4.030194512
6216,08/05/2018,19687,N402QX,2301,1474703,SEA,1405702,PDX,1406,-4,1514,12,4.030194512
6217,08/05/2018,19687,N407QX,2303,1474703,SEA,1448902,RDM,1744,-6,1848,-3,4.030194512
6218,08/05/2018,19687,N405QX,2311,1405702,PDX,1071302,BOI,626,-9,852,2,4.030194512
6219,08/05/2018,19687,N441QX,2312,1490803,SNA,1502305,STS,1103,-9,1239,-14,4.030194512
6220,08/05/2018,19687,N408QX,2318,1071302,BOI,1405702,PDX,1939,-6,2001,-3,4.030194512
6221,08/05/2018,19687,N445QX,2320,1457002,RNO,1483106,SJC,1826,-4,1927,-2,4.030194512
6222,08/05/2018,19687,N445QX,2320,1483106,SJC,1160302,EUG,2001,-6,2144,-5,4.030194512
6223,08/05/2018,19687,N446QX,2321,1483106,SJC,1457002,RNO,1855,-3,1955,0,4.030194512
6224,08/05/2018,19687,N446QX,2321,1160302,EUG,1483106,SJC,1629,-5,1817,-3,4.030194512
6225,08/05/2018,19687,N453QX,2325,1405702,PDX,1448902,RDM,1148,-3,1229,0,4.030194512
6226,08/05/2018,19687,N404QX,2327,1405702,PDX,1457002,RNO,1800,-6,1929,-12,4.030194512
6227,08/05/2018,19687,N405QX,2328,1326403,MFR,1405702,PDX,452,-8,544,-11,4.030194512
6228,08/05/2018,19687,N437QX,2329,1188402,GEG,1474703,SEA,1235,-5,1356,7,4.030194512
6229,08/05/2018,19687,N430QX,2330,1160302,EUG,1405702,PDX,456,-4,537,-2,4.030194512
6230,08/05/2018,19687,N412QX,2334,1474703,SEA,1071302,BOI,645,0,910,0,4.030194512
6231,08/05/2018,19687,N415QX,2336,1405702,PDX,1188402,GEG,1131,-6,1231,-10,4.030194512
6232,08/05/2018,19687,N403QX,2337,1071302,BOI,1474703,SEA,1704,-10,1736,-11,4.030194512
6233,08/05/2018,19687,N444QX,2339,1504102,SUN,1474703,SEA,1544,-5,1635,-2,4.030194512
6234,08/05/2018,19687,N403QX,2340,1474703,SEA,1348602,MSO,2122,0,2340,-4,4.030194512
6235,08/05/2018,19687,N450QX,2341,1348602,MSO,1474703,SEA,608,8,641,7,4.030194512
6236,08/05/2018,19687,N422QX,2342,1474703,SEA,1504102,SUN,823,-1,1103,-9,4.030194512
6237,08/05/2018,19687,N422QX,2343,1504102,SUN,1289208,LAX,1154,-3,1341,6,4.030194512
6238,08/05/2018,19687,N422QX,2344,1289208,LAX,1504102,SUN,1444,10,1754,-10,4.030194512
6239,08/05/2018,19687,N422QX,2345,1504102,SUN,1474703,SEA,1839,-10,1916,-21,4.030194512
6240,08/05/2018,19687,N401QX,2346,1405702,PDX,1188402,GEG,1308,-7,1415,-5,4.030194512
6241,08/05/2018,19687,N447QX,2348,1474703,SEA,1348602,MSO,743,-7,1009,-11,4.030194512
6242,08/05/2018,19687,N450QX,2349,1188402,GEG,1474703,SEA,1929,6,2044,9,4.030194512
6243,08/05/2018,19687,N446QX,2350,1405702,PDX,1188402,GEG,956,-9,1110,0,4.030194512
6244,08/05/2018,19687,N623QX,2352,1405702,PDX,1188402,GEG,806,-9,907,-12,4.030194512
6245,08/05/2018,19687,N402QX,2354,1405702,PDX,1188402,GEG,1554,5,1702,10,4.030194512
6246,08/05/2018,19687,N400QX,2355,1188402,GEG,1405702,PDX,1500,21,1606,18,0
6247,08/05/2018,19687,N431QX,2356,1405702,PDX,1188402,GEG,2134,37,2239,38,0
6248,08/05/2018,19687,N437QX,2357,1188402,GEG,1405702,PDX,2039,-16,2144,-22,4.030194512
6249,08/05/2018,19687,N450QX,2358,1405702,PDX,1188402,GEG,1756,16,1858,13,4.030194512
6250,08/05/2018,19687,N438QX,2360,1474703,SEA,1425202,PSC,1804,-3,1900,0,4.030194512
6251,08/05/2018,19687,N442QX,2361,1066602,BLI,1405702,PDX,550,-10,650,-9,4.030194512
6252,08/05/2018,19687,N432QX,2362,1405702,PDX,1066602,BLI,2242,-10,2345,-4,4.030194512
6253,08/05/2018,19687,N403QX,2363,1066602,BLI,1474703,SEA,1946,-3,2030,-5,4.030194512
6254,08/05/2018,19687,N443QX,2364,1474703,SEA,1430302,PUW,2339,24,37,22,0
6255,08/05/2018,19687,N401QX,2368,1474703,SEA,1188402,GEG,718,-7,813,-9,4.030194512
6256,08/05/2018,19687,N400QX,2369,1188402,GEG,1474703,SEA,807,-3,906,-17,4.030194512
6257,08/05/2018,19687,N401QX,2371,1188402,GEG,1474703,SEA,853,-7,1006,-17,4.030194512
6258,08/05/2018,19687,N439QX,2372,1474703,SEA,1188402,GEG,553,-7,649,-8,4.030194512
6259,08/05/2018,19687,N405QX,2374,1474703,SEA,1188402,GEG,2037,32,2137,36,0
6260,08/05/2018,19687,N440QX,2378,1474703,SEA,1188402,GEG,843,-7,943,-5,4.030194512
6261,08/05/2018,19687,N440QX,2379,1188402,GEG,1474703,SEA,1024,-15,1131,-17,4.030194512
6262,08/05/2018,19687,N404QX,2388,1448902,RDM,1405702,PDX,1615,-5,1653,-5,4.030194512
6263,08/05/2018,19687,N423QX,2389,1474703,SEA,1448902,RDM,748,1,851,-4,4.030194512
6264,08/05/2018,19687,N447QX,2392,1474703,SEA,1348602,MSO,1220,-5,1501,7,4.030194512
6265,08/05/2018,19687,N447QX,2393,1348602,MSO,1474703,SEA,1532,-3,1633,23,0
6266,08/05/2018,19687,N442QX,2394,1474703,SEA,1348602,MSO,1524,-6,1754,-3,4.030194512
6267,08/05/2018,19687,N430QX,2397,1348602,MSO,1474703,SEA,2116,6,2158,10,4.030194512
6268,08/05/2018,19687,N442QX,2401,1405702,PDX,1071302,BOI,1947,-8,2202,-7,4.030194512
6269,08/05/2018,19687,N408QX,2403,1071302,BOI,1483106,SJC,853,-4,941,-9,4.030194512
6270,08/05/2018,19687,N408QX,2404,1483106,SJC,1071302,BOI,1512,-8,1753,-15,4.030194512
6271,08/05/2018,19687,N433QX,2409,1502305,STS,1289208,LAX,1632,48,1813,52,0
6272,08/05/2018,19687,N434MK,2410,1289208,LAX,1502305,STS,753,-2,925,0,4.030194512
6273,08/05/2018,19687,N620QX,2419,1474703,SEA,1326403,MFR,700,-5,816,-15,4.030194512
6274,08/05/2018,19687,N447QX,2425,1348602,MSO,1474703,SEA,1050,-8,1118,-19,4.030194512
6275,08/05/2018,19687,N405QX,2427,1071302,BOI,1474703,SEA,1844,-4,1913,-9,4.030194512
6276,08/05/2018,19687,N400QX,2438,1474703,SEA,1188402,GEG,1259,-1,1405,5,4.030194512
6277,08/05/2018,19687,N404QX,2440,1405702,PDX,1066602,BLI,1053,-5,1153,-3,4.030194512
6278,08/05/2018,19687,N625QX,2441,1474703,SEA,1457002,RNO,837,-3,1021,-16,4.030194512
6279,08/05/2018,19687,N625QX,2442,1457002,RNO,1474703,SEA,1112,-5,1255,-27,4.030194512
6280,08/05/2018,19687,N404QX,2447,1066602,BLI,1405702,PDX,1240,5,1335,1,4.030194512
6281,08/05/2018,19687,N404QX,2448,1457002,RNO,1474703,SEA,2014,-9,2223,-6,4.030194512
6282,08/05/2018,19687,N444QX,2452,1326403,MFR,1474703,SEA,540,-5,702,-11,4.030194512
6283,08/05/2018,19687,N447QX,2454,1474703,SEA,1430302,PUW,1729,-1,1831,-1,4.030194512
6284,08/05/2018,19687,N620QX,2460,1326403,MFR,1474703,SEA,1019,56,1127,36,0
6285,08/05/2018,19687,N440QX,2461,1474703,SEA,1326403,MFR,2254,-16,19,-9,4.030194512
6286,08/05/2018,19687,N434MK,2467,1502305,STS,1289208,LAX,520,-7,702,-10,4.030194512
6287,08/05/2018,19687,N441QX,2471,1405702,PDX,1502305,STS,623,-8,808,-4,4.030194512
6288,08/05/2018,19687,N433QX,2472,1289208,LAX,1502305,STS,2240,35,34,53,0
6289,08/05/2018,19687,N434MK,2474,1502305,STS,1405702,PDX,957,-6,1130,-14,4.030194512
6290,08/05/2018,19687,N433QX,2475,1474703,SEA,1502305,STS,1343,45,1555,49,0
6291,08/05/2018,19687,N451QX,2476,1289208,LAX,1502305,STS,1551,-8,1728,-9,4.030194512
6292,08/05/2018,19687,N446QX,2480,1326403,MFR,1405702,PDX,728,-7,829,-3,4.030194512
6293,08/05/2018,19687,N451QX,2484,1502305,STS,1474703,SEA,1815,-9,2023,-9,4.030194512
6294,08/05/2018,19687,N444QX,2486,1474703,SEA,1066602,BLI,754,-6,839,-12,4.030194512
6295,08/05/2018,19687,N451QX,2487,1474703,SEA,1502305,STS,837,0,1041,-1,4.030194512
6296,08/05/2018,19687,N444QX,2489,1188402,GEG,1071302,BOI,1937,62,2143,60,0
6297,08/05/2018,19687,N403QX,2490,1474703,SEA,1066602,BLI,1823,-7,1904,-7,4.030194512
6298,08/05/2018,19687,N407QX,2492,1448902,RDM,1474703,SEA,1927,-8,2032,-16,4.030194512
6299,08/05/2018,19687,N434MK,2494,1474703,SEA,1066602,BLI,2126,11,2159,3,4.030194512
6300,08/05/2018,19687,N440QX,2496,1160302,EUG,1474703,SEA,2003,41,2104,30,0
6301,08/05/2018,19687,N451QX,2497,1502305,STS,1289208,LAX,1119,-1,1321,22,0
6302,08/05/2018,19687,N635QX,2504,1489302,SMF,1405702,PDX,1320,-15,1445,-31,4.030194512
6303,08/05/2018,19687,N438QX,2506,1474703,SEA,1188402,GEG,1455,35,1555,35,0
6304,08/05/2018,19687,N417QX,2507,1071302,BOI,1405702,PDX,1903,7,1916,1,4.030194512
6305,08/05/2018,19687,N428QX,2513,1405702,PDX,1071302,BOI,829,-1,1047,3,4.030194512
6306,08/05/2018,19687,N412QX,2514,1071302,BOI,1405702,PDX,950,0,1015,4,4.030194512
6307,08/05/2018,19687,N401QX,2515,1474703,SEA,1326403,MFR,1719,-6,1844,-5,4.030194512
6308,08/05/2018,19687,N445QX,2516,1071302,BOI,1405702,PDX,1453,-7,1511,-8,4.030194512
6309,08/05/2018,19687,N635QX,2526,1489302,SMF,1405702,PDX,842,-4,1011,-16,4.030194512
6310,08/05/2018,19687,N431QX,2527,1066602,BLI,1474703,SEA,458,-2,540,2,4.030194512
6311,08/05/2018,19687,N434MK,2529,1066602,BLI,1474703,SEA,1606,18,1702,31,0
6312,08/05/2018,19687,N434MK,2530,1474703,SEA,1066602,BLI,1448,28,1531,27,0
6313,08/05/2018,19687,N449QX,2531,1474703,SEA,1405702,PDX,1958,-2,2049,0,4.030194512
6314,08/05/2018,19687,N404QX,2532,1474703,SEA,1066602,BLI,2333,-7,5,-13,4.030194512
6315,08/05/2018,19687,N430QX,2537,1405702,PDX,1379608,OAK,620,-5,819,-3,4.030194512
6316,08/05/2018,19687,N428QX,2538,1071302,BOI,1405702,PDX,1117,-5,1137,-5,4.030194512
6317,08/05/2018,19687,N635QX,2541,1405702,PDX,1489302,SMF,1103,-11,1236,-17,4.030194512
6318,08/05/2018,19687,N632QX,2550,1483106,SJC,1080003,BUR,722,-8,821,-21,4.030194512
6319,08/05/2018,19687,N635QX,2552,1483106,SJC,1080003,BUR,1838,-7,1946,-11,4.030194512
6320,08/05/2018,19687,N632QX,2554,1483106,SJC,1405702,PDX,1110,-5,1258,-18,4.030194512
6321,08/05/2018,19687,N452QX,2563,1405702,PDX,1379608,OAK,1733,-2,1928,-4,4.030194512
6322,08/05/2018,19687,N635QX,2565,1405702,PDX,1489302,SMF,632,7,807,3,4.030194512
6323,08/05/2018,19687,N452QX,2574,1379608,OAK,1405702,PDX,2004,-8,2151,-10,4.030194512
6324,08/05/2018,19687,N430QX,2575,1405702,PDX,1348602,MSO,1753,-2,2016,-11,4.030194512
6325,08/05/2018,19687,N432QX,2587,1474703,SEA,1160302,EUG,1345,7,1508,23,0
6326,08/05/2018,19687,N432QX,2588,1160302,EUG,1474703,SEA,1550,25,1645,11,4.030194512
6327,08/05/2018,19687,N430QX,2589,1405702,PDX,1379608,OAK,1131,-7,1327,-8,4.030194512
6328,08/05/2018,19687,N443QX,2609,1160302,EUG,1405702,PDX,1418,-10,1455,-16,4.030194512
6329,08/05/2018,19687,N634QX,2610,1474703,SEA,1084905,BZN,1008,-7,1255,-5,4.030194512
6330,08/05/2018,19687,N423QX,2612,1448902,RDM,1474703,SEA,947,12,1056,8,4.030194512
6331,08/05/2018,19687,N423QX,2616,1474703,SEA,1071302,BOI,1749,-6,2017,-9,4.030194512
6332,08/05/2018,19687,N443QX,2618,1489302,SMF,1405702,PDX,1012,-10,1153,-11,4.030194512
6333,08/05/2018,19687,N634QX,2619,1474703,SEA,1163807,FAT,1552,-2,1754,-14,4.030194512
6334,08/05/2018,19687,N620QX,2624,1474703,SEA,1084905,BZN,2135,5,8,-7,4.030194512
6335,08/05/2018,19687,N442QX,2630,1348602,MSO,1405702,PDX,1828,-7,1857,-11,4.030194512
6336,08/05/2018,19687,N443QX,2633,1405702,PDX,1489302,SMF,1607,87,1750,91,0
6337,08/05/2018,19687,N430QX,2636,1379608,OAK,1405702,PDX,853,-9,1039,-12,4.030194512
6338,08/05/2018,19687,N430QX,2644,1379608,OAK,1405702,PDX,1412,-3,1559,-5,4.030194512
6339,08/05/2018,19687,N444QX,2649,1066602,BLI,1474703,SEA,926,-3,1016,-3,4.030194512
6340,08/05/2018,19687,N635QX,2670,1405702,PDX,1483106,SJC,1556,-8,1742,-23,4.030194512
6341,08/05/2018,19687,N432QX,2689,1474703,SEA,1405702,PDX,2015,0,2109,5,4.030194512
6342,08/05/2018,19687,N404QX,2695,1188402,GEG,1405702,PDX,854,-6,1006,-4,4.030194512
6343,08/05/2018,19687,N421QX,2696,1405702,PDX,1474703,SEA,1432,62,1517,57,0
6344,08/05/2018,19687,N634QX,2700,1163807,FAT,1474703,SEA,1848,-7,2058,-17,4.030194512
6345,08/05/2018,19687,N423QX,2702,1326403,MFR,1405702,PDX,1342,-8,1446,-1,4.030194512
6346,08/05/2018,19687,N624QX,2705,1477104,SFO,1490803,SNA,932,6,1056,-16,4.030194512
6347,08/05/2018,19687,N623QX,2706,1405702,PDX,1319801,MCI,1312,-5,1839,-6,4.030194512
6348,08/05/2018,19687,N624QX,2707,1477104,SFO,1490803,SNA,1410,-8,1535,-29,4.030194512
6349,08/05/2018,19687,N441QX,2709,1502305,STS,1490803,SNA,848,-2,1025,-5,4.030194512
6350,08/05/2018,19687,N449QX,2711,1071302,BOI,1474703,SEA,725,-5,801,-8,4.030194512
6351,08/05/2018,19687,N401QX,2717,1188402,GEG,1474703,SEA,1455,-5,1600,-7,4.030194512
6352,08/05/2018,19687,N438QX,2721,1188402,GEG,1474703,SEA,1622,22,1724,16,0
6353,08/05/2018,19687,N450QX,2722,1474703,SEA,1071302,BOI,736,-4,1241,,4.030194512
6354,08/05/2018,19687,N404QX,2723,1071302,BOI,1188402,GEG,805,-5,813,-5,4.030194512
6355,08/05/2018,19687,N417QX,2724,1474703,SEA,1071302,BOI,1600,15,1834,18,0
6356,08/05/2018,19687,N414QX,2728,1474703,SEA,1071302,BOI,1950,30,2215,30,0
6357,08/05/2018,19687,N633QX,2729,1014005,ABQ,1467903,SAN,1205,0,1252,-20,4.030194512
6358,08/05/2018,19687,N628QX,2730,1467903,SAN,1014005,ABQ,1520,-12,1810,-6,4.030194512
6359,08/05/2018,19687,N447QX,2731,1071302,BOI,1474703,SEA,614,-6,644,-12,4.030194512
6360,08/05/2018,19687,N438QX,2733,1071302,BOI,1474703,SEA,1327,157,1413,166,0
6361,08/05/2018,19687,N443QX,2735,1071302,BOI,1474703,SEA,2147,-3,2223,-7,4.030194512
6362,08/05/2018,19687,N631QX,2757,1474703,SEA,1163807,FAT,656,-4,853,-21,4.030194512
6363,08/05/2018,19687,N415QX,2760,1474703,SEA,1071302,BOI,2134,-1,3,6,4.030194512
6364,08/05/2018,19687,N633QX,2774,1467903,SAN,1348702,MSP,1425,1,1953,-3,4.030194512
6365,08/05/2018,19687,N441QX,2776,1502305,STS,1474703,SEA,1330,-2,1538,3,4.030194512
6366,08/05/2018,19687,N628QX,2778,1474703,SEA,1348702,MSP,625,-5,1138,-13,4.030194512
6367,08/05/2018,19687,N633QX,2779,1348702,MSP,1474703,SEA,2113,31,2253,23,0
6368,08/05/2018,19687,N628QX,2781,1348702,MSP,1467903,SAN,1228,-9,1440,-7,4.030194512
6369,08/05/2018,19687,N624QX,2790,1490803,SNA,1477104,SFO,1144,-8,1306,-22,4.030194512
6370,08/05/2018,19687,N629QX,2792,1490803,SNA,1477104,SFO,1519,-10,1637,-28,4.030194512
6371,08/05/2018,19687,N435QX,2793,1188402,GEG,1474703,SEA,713,-2,822,-2,4.030194512
6372,08/05/2018,19687,N629QX,2794,1405702,PDX,1014005,ABQ,923,-4,1254,-15,4.030194512
6373,08/05/2018,19687,N628QX,2795,1014005,ABQ,1405702,PDX,1850,-7,2037,-16,4.030194512
6374,08/05/2018,19687,N629QX,2797,1014005,ABQ,1490803,SNA,1346,-3,1442,-7,4.030194512
6375,08/05/2018,19687,N624QX,2798,1490803,SNA,1014005,ABQ,1723,39,2011,32,0
6376,08/05/2018,19687,N625QX,2800,1405702,PDX,1474703,SEA,626,-4,726,1,4.030194512
6377,08/05/2018,19687,N450QX,2805,1474703,SEA,1405702,PDX,2158,-2,2248,1,4.030194512
6378,08/05/2018,19687,N629QX,2806,1490803,SNA,1477104,SFO,2013,-7,2129,-27,4.030194512
6379,08/05/2018,19687,N439QX,2807,1188402,GEG,1405702,PDX,727,-8,835,-9,4.030194512
6380,08/05/2018,19687,N632QX,2810,1080003,BUR,1483106,SJC,916,-6,1022,-11,4.030194512
6381,08/05/2018,19687,N402QX,2811,1188402,GEG,1405702,PDX,1729,-3,1845,4,4.030194512
6382,08/05/2018,19687,N635QX,2812,1080003,BUR,1483106,SJC,2038,1,2152,4,4.030194512
6383,08/05/2018,19687,N626QX,2814,1084905,BZN,1474703,SEA,657,-3,745,-19,4.030194512
6384,08/05/2018,19687,N623QX,2815,1319801,MCI,1405702,PDX,1919,-11,2114,-11,4.030194512
6385,08/05/2018,19687,N634QX,2816,1084905,BZN,1474703,SEA,1341,-5,1443,-7,4.030194512
6386,08/05/2018,19687,N453QX,2819,1405702,PDX,1326403,MFR,1521,-9,1628,1,4.030194512
6387,08/05/2018,19687,N439QX,2821,1405702,PDX,1448902,RDM,929,-6,1021,8,4.030194512
6388,08/05/2018,19687,N404QX,2823,1405702,PDX,1448902,RDM,1453,-6,1535,-4,4.030194512
6389,08/05/2018,19687,N632QX,2825,1405702,PDX,1468902,SBA,1402,-3,1614,-6,4.030194512
6390,08/05/2018,19687,N632QX,2826,1468902,SBA,1405702,PDX,1652,-8,1853,-17,4.030194512
6391,08/05/2018,19687,N629QX,2831,1477104,SFO,1490803,SNA,1748,-6,1910,-30,4.030194512
6392,08/05/2018,19687,N627QX,2833,1474703,SEA,1469802,SBP,805,-10,1037,-11,4.030194512
6393,08/05/2018,19687,N627QX,2834,1469802,SBP,1474703,SEA,1116,-12,1327,-24,4.030194512
6394,08/05/2018,19687,N625QX,2839,1385103,OKC,1474703,SEA,2017,20,2215,8,4.030194512
6395,08/05/2018,19687,N633QX,2840,1474703,SEA,1014005,ABQ,717,-3,1059,-20,4.030194512
6396,08/05/2018,19687,N624QX,2841,1014005,ABQ,1474703,SEA,2101,42,2304,34,0
6397,08/05/2018,19687,N449QX,2843,1474703,SEA,1405702,PDX,1711,11,1759,12,4.030194512
6398,08/05/2018,19687,N625QX,2844,1474703,SEA,1385103,OKC,1347,12,1933,21,0
6399,08/05/2018,19687,N631QX,2858,1163807,FAT,1474703,SEA,940,-14,1137,-37,4.030194512
6400,08/05/2018,19687,N446QX,2871,1188402,GEG,1405702,PDX,1144,-6,1255,-4,4.030194512
6401,08/05/2018,19687,N439QX,2876,1448902,RDM,1405702,PDX,1103,8,1212,37,0
6402,08/05/2018,19687,N444QX,2892,1474703,SEA,1504102,SUN,1211,-5,1504,0,4.030194512
6403,08/05/2018,19687,N449QX,2898,1405702,PDX,1474703,SEA,1839,14,1921,8,4.030194512
6404,08/05/2018,20225,N680PA,3286,1029906,ANC,1144505,DUT,1330,-5,1606,16,0
6405,08/05/2018,20225,N680PA,3287,1144505,DUT,1029906,ANC,1636,6,1838,-22,4.030194512
6406,08/05/2018,20225,N681PA,3298,1029906,ANC,1144505,DUT,945,0,1212,12,4.030194512
6407,08/05/2018,20225,N681PA,3299,1144505,DUT,1029906,ANC,1300,20,1510,0,4.030194512
6408,08/05/2018,19805,N986NN,2352,1393006,ORD,1233904,IND,2005,41,2152,32,0
6409,08/05/2018,19805,N830NN,2353,1129806,DFW,1530402,TPA,1121,6,1445,0,4.030194512
6410,08/05/2018,19805,N830NN,2353,1530402,TPA,1129806,DFW,1532,-1,1708,-10,4.030194512
6411,08/05/2018,19805,N989AU,2354,1289208,LAX,1129806,DFW,1225,60,1742,60,0
6412,08/05/2018,19805,N9015D,2355,1330303,MIA,1349505,MSY,2204,4,2301,2,4.030194512
6413,08/05/2018,19805,N305NX,2356,1129806,DFW,1449202,RDU,1329,-4,1705,-6,4.030194512
6414,08/05/2018,19805,N305NX,2356,1449202,RDU,1393006,ORD,1749,-8,1917,-7,4.030194512
6415,08/05/2018,19805,N871NN,2357,1129806,DFW,1486903,SLC,1343,53,1522,50,0
6416,08/05/2018,19805,N871NN,2357,1486903,SLC,1129806,DFW,1604,34,1931,17,0
6417,08/05/2018,19805,N864NN,2358,1537603,TUS,1393006,ORD,524,-6,1048,-16,4.030194512
6418,08/05/2018,19805,N9629H,2360,1129806,DFW,1245102,JAX,1526,11,1847,9,4.030194512
6419,08/05/2018,19805,N9629H,2360,1245102,JAX,1129806,DFW,1931,3,2109,0,4.030194512
6420,08/05/2018,19805,N955NN,2361,1289208,LAX,1320402,MCO,801,1,1607,0,4.030194512
6421,08/05/2018,19805,N835NN,2362,1330303,MIA,1127805,DCA,2133,-2,4,-5,4.030194512
6422,08/05/2018,20409,N934JB,2820,1467903,SAN,1072102,BOS,1134,0,2030,19,0
6423,08/05/2018,20409,N519JB,2889,1161802,EWR,1484306,SJU,2128,28,112,14,4.030194512
6424,08/05/2018,20409,N519JB,2890,1484306,SJU,1161802,EWR,202,-6,553,-15,4.030194512
6425,08/05/2018,20409,N346JB,2891,1247805,JFK,1015405,ACK,1858,-7,2017,-18,4.030194512
6426,08/05/2018,20409,N346JB,2892,1015405,ACK,1247805,JFK,2056,-14,2227,10,4.030194512
6427,08/05/2018,20409,N520JB,2911,1247805,JFK,1288903,LAS,1254,25,1513,9,4.030194512
6428,08/05/2018,20409,N821JB,2933,1320402,MCO,1484306,SJU,1203,23,1456,22,0
6429,08/05/2018,20409,N184JB,2934,1484306,SJU,1320402,MCO,405,-10,644,-25,4.030194512
6430,08/05/2018,20409,N520JB,2945,1288903,LAS,1247805,JFK,1629,35,2,5,4.030194512
6431,08/05/2018,20409,N273JB,2953,1169706,FLL,1484306,SJU,834,6,1117,17,0
6432,08/05/2018,20409,N273JB,2954,1484306,SJU,1169706,FLL,37,157,318,164,0
6433,08/05/2018,20409,N292JB,2979,1072102,BOS,1161802,EWR,1308,-10,1432,-20,4.030194512
6434,08/05/2018,20409,N292JB,2980,1161802,EWR,1072102,BOS,1520,-7,1643,-6,4.030194512
6435,08/05/2018,20409,N655JB,2991,1072102,BOS,1530402,TPA,953,-8,1250,-23,4.030194512
6436,08/05/2018,20366,N615QX,2837,1078105,BTR,1129806,DFW,1101,-8,1232,-10,4.030194512
6437,08/05/2018,20366,N717EV,2838,1129806,DFW,1098002,CHA,1840,-5,2130,-22,4.030194512
6438,08/05/2018,20366,N611QX,2840,1105703,CLT,1078105,BTR,1827,-8,1925,-20,4.030194512
6439,08/05/2018,20366,N603QX,2841,1469608,SBN,1129806,DFW,1418,22,1530,-3,4.030194512
6440,08/05/2018,20366,N604QX,2842,1098002,CHA,1129806,DFW,1658,14,1758,3,4.030194512
6441,08/05/2018,20366,N604QX,2842,1129806,DFW,1098002,CHA,1340,30,1626,14,4.030194512
6442,08/05/2018,20366,N603QX,2843,1129806,DFW,1329002,MHK,1634,-6,1756,-14,4.030194512
6443,08/05/2018,20366,N603QX,2843,1329002,MHK,1129806,DFW,1825,-15,1943,-32,4.030194512
6444,08/05/2018,20366,N614QX,2844,1129806,DFW,1337702,MLU,2045,-5,2150,-14,4.030194512
6445,08/05/2018,20366,N608QX,2845,1129806,DFW,1299206,LIT,909,25,1021,21,0
6446,08/05/2018,20366,N608QX,2845,1299206,LIT,1129806,DFW,1047,17,1156,6,4.030194512
6447,08/05/2018,20366,N613QX,2846,1105703,CLT,1098002,CHA,1959,-6,2104,-16,4.030194512
6448,08/05/2018,20366,N717EV,2848,1129806,DFW,1467402,SAF,924,-1,1004,-8,4.030194512
6449,08/05/2018,20366,N717EV,2848,1467402,SAF,1129806,DFW,1042,-6,1313,-20,4.030194512
6450,08/05/2018,20366,N611QX,2849,1129806,DFW,1244807,JAN,801,-5,916,-13,4.030194512
6451,08/05/2018,20366,N611QX,2849,1244807,JAN,1129806,DFW,955,-4,1123,-14,4.030194512
6452,08/05/2018,20366,N605QX,2850,1129806,DFW,1481402,SHV,845,-8,935,-17,4.030194512
6453,08/05/2018,20366,N605QX,2850,1481402,SHV,1129806,DFW,1011,-11,1112,-22,4.030194512
6454,08/05/2018,20366,N612QX,2851,1129806,DFW,1289102,LAW,1202,62,1250,52,0
6455,08/05/2018,20366,N612QX,2851,1289102,LAW,1129806,DFW,1332,56,1423,53,0
6456,08/05/2018,20366,N603QX,2852,1469608,SBN,1105703,CLT,845,42,1030,20,0
6457,08/05/2018,20366,N717EV,2854,1129806,DFW,1251103,JLN,1428,-2,1539,-8,4.030194512
6458,08/05/2018,20366,N717EV,2854,1251103,JLN,1129806,DFW,1617,0,1731,-14,4.030194512
6459,08/05/2018,20366,N738EV,2855,1105703,CLT,1148102,ECP,1128,-7,1153,-24,4.030194512
6460,08/05/2018,20366,N613QX,2856,1078105,BTR,1105703,CLT,1202,-11,1506,-19,4.030194512
6461,08/05/2018,20366,N613QX,2856,1129806,DFW,1078105,BTR,1018,-6,1135,-8,4.030194512
6462,08/05/2018,20366,N604QX,2857,1078105,BTR,1129806,DFW,751,-13,916,-24,4.030194512
6463,08/05/2018,20366,N716EV,2858,1098002,CHA,1105703,CLT,1102,-1,1222,-2,4.030194512
6464,08/05/2018,20366,N716EV,2858,1105703,CLT,1098002,CHA,920,0,1025,-5,4.030194512
6465,08/05/2018,20366,N716EV,2859,1105703,CLT,1469608,SBN,1957,2,2140,-9,4.030194512
6466,08/05/2018,20366,N605QX,2861,1129806,DFW,1289102,LAW,2216,-14,2307,-13,4.030194512
6467,08/05/2018,20366,N716EV,2862,1105703,CLT,1221702,HSV,1317,2,1329,-13,4.030194512
6468,08/05/2018,20366,N716EV,2862,1221702,HSV,1105703,CLT,1407,-6,1645,-7,4.030194512
6469,08/05/2018,20366,N617QX,2863,1289102,LAW,1129806,DFW,459,-19,553,-17,4.030194512
6470,08/05/2018,20366,N604QX,2869,1251103,JLN,1129806,DFW,1145,337,1302,332,0
6471,08/05/2018,20366,N612QX,2870,1129806,DFW,1148102,ECP,1845,-4,2028,-30,4.030194512
6472,08/05/2018,20366,N615QX,2872,1129806,DFW,1078105,BTR,1849,-6,2011,-10,4.030194512
6473,08/05/2018,20366,N717EV,2873,1161206,EVV,1129806,DFW,656,-6,848,-27,4.030194512
6474,08/05/2018,20366,N617QX,2874,1129806,DFW,1251103,JLN,2233,-2,2351,0,4.030194512
6475,08/05/2018,20366,N738EV,2876,1148102,ECP,1129806,DFW,1243,-5,1445,-21,4.030194512
6476,08/05/2018,20366,N605QX,2877,1129806,DFW,1467402,SAF,1513,-7,1548,-16,4.030194512
6477,08/05/2018,20366,N605QX,2877,1467402,SAF,1129806,DFW,1626,-10,1909,-14,4.030194512
6478,08/05/2018,20366,N614QX,2878,1078105,BTR,1129806,DFW,1445,27,1607,18,0
6479,08/05/2018,20366,N614QX,2878,1129806,DFW,1078105,BTR,1258,28,1414,26,0
6480,08/05/2018,20366,N608QX,2879,1329002,MHK,1129806,DFW,614,-4,727,-23,4.030194512
6481,08/05/2018,20366,N603QX,2880,1129806,DFW,1329002,MHK,2104,0,2235,2,4.030194512
6482,08/05/2018,20366,N614QX,2881,1129806,DFW,1481402,SHV,1641,-4,1736,-8,4.030194512
6483,08/05/2018,20366,N614QX,2881,1481402,SHV,1129806,DFW,1805,-12,1902,-28,4.030194512
6484,08/05/2018,20366,N617QX,2882,1129806,DFW,1221702,HSV,709,-7,851,-23,4.030194512
6485,08/05/2018,20366,N617QX,2882,1221702,HSV,1129806,DFW,937,-7,1122,-28,4.030194512
6486,08/05/2018,20366,N720EV,2883,1129806,DFW,1469608,SBN,1955,55,2307,38,0
6487,08/05/2018,20366,N612QX,2887,1129806,DFW,1337702,MLU,1502,22,1602,14,4.030194512
6488,08/05/2018,20366,N612QX,2887,1337702,MLU,1129806,DFW,1628,9,1742,-3,4.030194512
6489,08/05/2018,20366,N720EV,2888,1129806,DFW,1541205,TYS,1026,-9,1327,-12,4.030194512
6490,08/05/2018,20366,N720EV,2888,1541205,TYS,1129806,DFW,1354,-15,1522,-5,4.030194512
6491,08/05/2018,20366,N611QX,2889,1148102,ECP,1129806,DFW,519,-16,721,-33,4.030194512
6492,08/05/2018,20366,N600QX,2890,1105703,CLT,1148102,ECP,1935,70,1953,43,0
6493,08/05/2018,20366,N612QX,2892,1078105,BTR,1129806,DFW,954,-8,1124,-11,4.030194512
6494,08/05/2018,20366,N612QX,2892,1129806,DFW,1078105,BTR,809,-1,927,-4,4.030194512
6495,08/05/2018,20366,N617QX,2894,1074705,BRO,1129806,DFW,1916,11,2059,14,4.030194512
6496,08/05/2018,20366,N617QX,2894,1129806,DFW,1074705,BRO,1647,-3,1852,25,0
6497,08/05/2018,20366,N611QX,2895,1129806,DFW,1148102,ECP,1215,-6,1406,-20,4.030194512
6498,08/05/2018,20366,N617QX,2896,1129806,DFW,1219102,HOU,1232,-3,1347,-4,4.030194512
6499,08/05/2018,20366,N617QX,2896,1219102,HOU,1129806,DFW,1435,14,1544,7,4.030194512
6500,08/05/2018,20366,N604QX,2897,1129806,DFW,1161206,EVV,1851,-4,2054,-2,4.030194512
6501,08/05/2018,20366,N720EV,2898,1078105,BTR,1129806,DFW,1759,-4,1919,-16,4.030194512
6502,08/05/2018,20366,N720EV,2898,1129806,DFW,1078105,BTR,1608,-6,1722,-11,4.030194512
6503,08/05/2018,20366,N738EV,2899,1148102,ECP,1105703,CLT,738,-6,1022,-13,4.030194512
6504,08/05/2018,20366,N600QX,2900,1129806,DFW,1469608,SBN,1307,-8,1616,-22,4.030194512
6505,08/05/2018,20366,N716EV,2902,1098002,CHA,1105703,CLT,652,-7,810,-11,4.030194512
6506,08/05/2018,20366,N605QX,2903,1078105,BTR,1129806,DFW,622,-14,742,-30,4.030194512
6507,08/05/2018,20366,N615QX,2911,1129806,DFW,1221702,HSV,1316,-6,1456,-14,4.030194512
6508,08/05/2018,20366,N615QX,2911,1221702,HSV,1129806,DFW,1537,-3,1721,-25,4.030194512
6509,08/05/2018,20366,N603QX,2923,1105703,CLT,1469608,SBN,1127,-3,1257,-29,4.030194512
6510,08/05/2018,20366,N614QX,2927,1129806,DFW,1219102,HOU,932,44,1041,39,0
6511,08/05/2018,20366,N614QX,2927,1219102,HOU,1129806,DFW,1107,35,1215,27,0
6512,08/05/2018,20366,N608QX,2928,1129806,DFW,1197302,GPT,1744,49,1910,37,0
6513,08/05/2018,20366,N608QX,2928,1197302,GPT,1129806,DFW,1936,22,2113,13,4.030194512
6514,08/05/2018,20366,N738EV,2930,1129806,DFW,1458804,ROW,2219,-6,2244,-10,4.030194512
6515,08/05/2018,20366,N613QX,2931,1458804,ROW,1129806,DFW,621,-8,854,-13,4.030194512
6516,08/05/2018,20366,N600QX,2933,1469608,SBN,1105703,CLT,1701,-8,1903,-7,4.030194512
6517,08/05/2018,20366,N613QX,2935,1098002,CHA,1105703,CLT,1741,-12,1904,-11,4.030194512
6518,08/05/2018,20366,N613QX,2935,1105703,CLT,1098002,CHA,1558,-7,1652,-27,4.030194512
6519,08/05/2018,20366,N600QX,2936,1098002,CHA,1129806,DFW,519,-6,616,-19,4.030194512
6520,08/05/2018,20366,N605QX,2937,1104902,CLL,1129806,DFW,1341,5,1433,-7,4.030194512
6521,08/05/2018,20366,N605QX,2937,1129806,DFW,1104902,CLL,1222,8,1315,9,4.030194512
6522,08/05/2018,20366,N612QX,2940,1337702,MLU,1129806,DFW,558,-2,711,-15,4.030194512
6523,08/05/2018,20366,N611QX,2941,1148102,ECP,1105703,CLT,1443,-13,1731,-13,4.030194512
6524,08/05/2018,20366,N615QX,2942,1078105,BTR,1105703,CLT,531,-9,822,-25,4.030194512
6525,08/05/2018,20366,N600QX,2943,1129806,DFW,1541205,TYS,659,-6,1004,-17,4.030194512
6526,08/05/2018,20366,N600QX,2943,1541205,TYS,1129806,DFW,1054,-10,1211,-13,4.030194512
6527,08/05/2018,20366,N608QX,2944,1129806,DFW,1467402,SAF,2213,-7,2254,-4,4.030194512
6528,08/05/2018,20366,N614QX,2945,1467402,SAF,1129806,DFW,616,-11,853,-17,4.030194512
6529,08/05/2018,20366,N738EV,2946,1129806,DFW,1541205,TYS,1524,59,1826,55,0
6530,08/05/2018,20366,N738EV,2946,1541205,TYS,1129806,DFW,1913,33,2014,14,4.030194512
6531,08/05/2018,20366,N615QX,2948,1105703,CLT,1078105,BTR,928,-3,1026,-13,4.030194512
6532,08/05/2018,20366,N608QX,2949,1129806,DFW,1161206,EVV,1252,-8,1440,-18,4.030194512
6533,08/05/2018,20366,N608QX,2949,1161206,EVV,1129806,DFW,1522,-8,1704,-31,4.030194512
6534,08/05/2018,20366,N11189,3967,1014005,ABQ,1226603,IAH,1732,-4,2038,-12,4.030194512
6535,08/05/2018,20366,N13989,3968,1226603,IAH,1244807,JAN,1252,-8,1403,-22,4.030194512
6536,08/05/2018,20366,N24103,3969,1209402,HDN,1226603,IAH,851,76,1218,63,0
6537,08/05/2018,20366,N16911,3970,1058102,BGR,1161802,EWR,550,-10,740,-12,4.030194512
6538,08/05/2018,20366,N14562,3971,1078502,BTV,1161802,EWR,1259,-6,1443,8,4.030194512
6539,08/05/2018,20366,N11184,3972,1226603,IAH,1209402,HDN,1843,38,2018,26,0
6540,08/05/2018,20366,N12567,3973,1198603,GRR,1393006,ORD,1301,91,1302,93,0
6541,08/05/2018,20366,N11565,3974,1154005,ELP,1226603,IAH,1705,-5,1959,-7,4.030194512
6542,08/05/2018,20366,N11189,3975,1154005,ELP,1226603,IAH,1132,-8,1427,-18,4.030194512
6543,08/05/2018,20366,N14174,3977,1226603,IAH,1537002,TUL,1626,-9,1755,-13,4.030194512
6544,08/05/2018,20366,N12569,3978,1106606,CMH,1226603,IAH,1140,-10,1327,-13,4.030194512
6545,08/05/2018,20366,N14916,3979,1148102,ECP,1226603,IAH,645,-5,833,-8,4.030194512
6546,08/05/2018,20366,N14991,3979,1226603,IAH,1537002,TUL,956,-3,1124,-6,4.030194512
6547,08/05/2018,20366,N14570,3980,1226603,IAH,1018502,AEX,2115,-15,2215,-10,4.030194512
6548,08/05/2018,20366,N11107,3981,1110902,COS,1226603,IAH,1130,-8,1448,-12,4.030194512
6549,08/05/2018,20366,N12135,3982,1161802,EWR,1079206,BUF,1819,-6,1928,-33,4.030194512
6550,08/05/2018,20366,N16981,3983,1198202,GRK,1226603,IAH,1159,-11,1310,-9,4.030194512
6551,08/05/2018,20366,N16178,3984,1226603,IAH,1114606,CRW,2011,-4,2346,-9,4.030194512
6552,08/05/2018,20366,N12900,3985,1198202,GRK,1226603,IAH,731,-9,827,-12,4.030194512
6553,08/05/2018,20366,N11548,3987,1161802,EWR,1126702,DAY,1623,8,1812,-7,4.030194512
6554,08/05/2018,20366,N14904,3988,1226603,IAH,1074705,BRO,1249,29,1355,19,0
6555,08/05/2018,20366,N14158,3989,1161802,EWR,1199502,GSO,1445,20,1630,14,4.030194512
6556,08/05/2018,20366,N13553,3990,1161802,EWR,1245102,JAX,1243,-2,1509,-6,4.030194512
6557,08/05/2018,20366,N12563,3991,1161802,EWR,1294503,LEX,1357,-3,1549,-14,4.030194512
6558,08/05/2018,20366,N29906,3992,1161802,EWR,1324402,MEM,802,-3,938,-18,4.030194512
6559,08/05/2018,20366,N25134,3993,1161802,EWR,1432105,PWM,1722,-8,1846,-17,4.030194512
6560,08/05/2018,20366,N10575,3994,1106606,CMH,1226603,IAH,848,-12,1028,-20,4.030194512
6561,08/05/2018,20366,N12569,3994,1226603,IAH,1106606,CMH,1427,7,1757,-11,4.030194512
6562,08/05/2018,20366,N34110,3996,1161802,EWR,1509602,SYR,748,-2,851,-24,4.030194512
6563,08/05/2018,20366,N17185,3997,1199603,GSP,1393006,ORD,1051,-9,1150,-12,4.030194512
6564,08/05/2018,20366,N26549,3999,1385103,OKC,1226603,IAH,1400,-5,1520,-14,4.030194512
6565,08/05/2018,20366,N11107,4000,1226603,IAH,1110902,COS,931,-4,1054,-8,4.030194512
6566,08/05/2018,20366,N18557,4001,1104205,CLE,1295304,LGA,853,-12,1025,-19,4.030194512
6567,08/05/2018,20366,N16981,4002,1059904,BHM,1226603,IAH,648,-2,827,-13,4.030194512
6568,08/05/2018,20366,N13989,4003,1244807,JAN,1226603,IAH,1445,-10,1603,-14,4.030194512
6569,08/05/2018,20366,N13553,4004,1127805,DCA,1104205,CLE,655,-10,814,-15,4.030194512
6570,08/05/2018,20366,N14105,4007,1393006,ORD,1199603,GSP,758,0,1052,3,4.030194512
6571,08/05/2018,20366,N12172,4008,1393006,ORD,1199603,GSP,1744,-6,2041,-7,4.030194512
6572,08/05/2018,20366,N13908,4009,1393006,ORD,1432105,PWM,1355,-5,1729,-4,4.030194512
6573,08/05/2018,20366,N16911,4010,1161802,EWR,1473003,SDF,828,-2,1040,-17,4.030194512
6574,08/05/2018,20366,N14558,4011,1199502,GSO,1161802,EWR,553,-7,731,-8,4.030194512
6575,08/05/2018,20366,N21537,4012,1226603,IAH,1018502,AEX,1431,-4,1528,-11,4.030194512
6576,08/05/2018,20366,N12564,4013,1393006,ORD,1541205,TYS,1748,-2,2024,-11,4.030194512
6577,08/05/2018,20366,N13908,4015,1059904,BHM,1393006,ORD,554,-6,751,-23,4.030194512
6578,08/05/2018,20366,N29906,4016,1393102,ORF,1161802,EWR,557,-3,717,-13,4.030194512
6579,08/05/2018,20366,N11535,4017,1104205,CLE,1127805,DCA,1533,-7,1648,-11,4.030194512
6580,08/05/2018,20366,N13908,4018,1432105,PWM,1161802,EWR,1754,-11,1916,-26,4.030194512
6581,08/05/2018,20366,N34110,4019,1104205,CLE,1226603,IAH,1832,-8,2026,-19,4.030194512
6582,08/05/2018,20366,N34110,4019,1393006,ORD,1104205,CLE,1539,4,1757,1,4.030194512
6583,08/05/2018,20366,N25134,4020,1432105,PWM,1161802,EWR,1945,-5,2123,1,4.030194512
6584,08/05/2018,20366,N48901,4021,1432105,PWM,1393006,ORD,1650,0,1833,-9,4.030194512
6585,08/05/2018,20366,N12900,4022,1161802,EWR,1334207,MKE,1653,-2,1805,-27,4.030194512
6586,08/05/2018,20366,N48901,4022,1334207,MKE,1161802,EWR,1022,-18,1322,-33,4.030194512
6587,08/05/2018,20366,N34110,4024,1452401,RIC,1393006,ORD,1334,-6,1419,-31,4.030194512
6588,08/05/2018,20366,N14904,4025,1226603,IAH,1299206,LIT,737,-8,857,-17,4.030194512
6589,08/05/2018,20366,N12530,4026,1226603,IAH,1018502,AEX,1054,34,1144,21,0
6590,08/05/2018,20366,N16178,4027,1537002,TUL,1226603,IAH,1356,-9,1526,-14,4.030194512
6591,08/05/2018,20366,N26549,4028,1226603,IAH,1078105,BTR,744,-1,849,-9,4.030194512
6592,08/05/2018,20366,N13903,4029,1106606,CMH,1161802,EWR,2025,-15,2205,-29,4.030194512
6593,08/05/2018,20366,N11165,4031,1452401,RIC,1161802,EWR,1748,3,1918,-1,4.030194512
6594,08/05/2018,20366,N11184,4035,1226603,IAH,1473003,SDF,1152,-3,1505,-13,4.030194512
6595,08/05/2018,20366,N34110,4036,1509602,SYR,1161802,EWR,951,1,1047,-18,4.030194512
6596,08/05/2018,20366,N29917,4037,1537002,TUL,1393006,ORD,1036,-9,1238,-6,4.030194512
6597,08/05/2018,20366,N16561,4038,1393006,ORD,1299206,LIT,1532,-3,1717,-16,4.030194512
6598,08/05/2018,20366,N14993,4040,1294503,LEX,1393006,ORD,1035,-10,1055,-19,4.030194512
6599,08/05/2018,20366,N12567,4041,1541205,TYS,1393006,ORD,823,-2,928,13,4.030194512
6600,08/05/2018,20366,N15986,4042,1562404,VPS,1226603,IAH,1405,-10,1602,-6,4.030194512
6601,08/05/2018,20366,N16987,4043,1104205,CLE,1161802,EWR,735,-5,911,-1,4.030194512
6602,08/05/2018,20366,N17185,4044,1393006,ORD,1537002,TUL,1259,-6,1444,-28,4.030194512
6603,08/05/2018,20366,N28529,4045,1291503,LCH,1226603,IAH,2044,494,2140,499,0
6604,08/05/2018,20366,N11189,4047,1198603,GRR,1226603,IAH,712,27,859,21,0
6605,08/05/2018,20366,N12201,4048,1198202,GRK,1226603,IAH,1600,-10,1725,7,4.030194512
6606,08/05/2018,20366,N12172,4049,1104205,CLE,1127805,DCA,1235,-10,1345,-20,4.030194512
6607,08/05/2018,20366,N12167,4051,1104205,CLE,1072102,BOS,1742,-7,1918,-21,4.030194512
6608,08/05/2018,20366,N12567,4052,1393006,ORD,1419306,PNS,1337,87,1611,99,0
6609,08/05/2018,20366,N16559,4053,1452401,RIC,1393006,ORD,1745,15,1846,-2,4.030194512
6610,08/05/2018,20366,N13989,4055,1104902,CLL,1226603,IAH,1133,-7,1201,-24,4.030194512
6611,08/05/2018,20366,N16149,4055,1226603,IAH,1481402,SHV,1413,-7,1516,-6,4.030194512
6612,08/05/2018,20366,N14188,4056,1161802,EWR,1452401,RIC,1655,0,1817,-17,4.030194512
6613,08/05/2018,20366,N15572,4060,1226603,IAH,1086803,CAE,2004,-6,2323,-21,4.030194512
6614,08/05/2018,20366,N11544,4062,1227805,ICT,1393006,ORD,1450,-5,1636,-17,4.030194512
6615,08/05/2018,20366,N14543,4063,1501606,STL,1161802,EWR,556,-9,931,-3,4.030194512
6616,08/05/2018,20366,N14174,4064,1226603,IAH,1220605,HRL,2146,-4,2252,-6,4.030194512
6617,08/05/2018,20366,N14174,4065,1537002,TUL,1226603,IAH,1828,-10,2003,-11,4.030194512
6618,08/05/2018,20366,N36915,4066,1027903,AMA,1226603,IAH,1654,-6,1831,-14,4.030194512
6619,08/05/2018,20366,N12163,4067,1082106,BWI,1161802,EWR,529,19,632,13,4.030194512
6620,08/05/2018,20366,N14562,4068,1161802,EWR,1087402,CAK,1526,-9,1720,7,4.030194512
6621,08/05/2018,20366,N15912,4069,1199502,GSO,1161802,EWR,1902,-8,2046,-12,4.030194512
6622,08/05/2018,20366,N18556,4070,1226603,IAH,1069302,BNA,1418,-2,1619,-6,4.030194512
6623,08/05/2018,20366,N13566,4072,1295304,LGA,1104205,CLE,1520,-10,1644,-35,4.030194512
6624,08/05/2018,20366,N16559,4074,1393006,ORD,1541205,TYS,2101,-4,2344,0,4.030194512
6625,08/05/2018,20366,N26545,4075,1226603,IAH,1244807,JAN,1631,-4,1756,-1,4.030194512
6626,08/05/2018,20366,N26545,4077,1387102,OMA,1226603,IAH,1240,-5,1449,-18,4.030194512
6627,08/05/2018,20366,N15912,4078,1161802,EWR,1199502,GSO,1638,-4,1821,-19,4.030194512
6628,08/05/2018,20366,N13566,4079,1104205,CLE,1072102,BOS,748,-2,935,-3,4.030194512
6629,08/05/2018,20366,N34110,4080,1161802,EWR,1452401,RIC,1137,-3,1245,-25,4.030194512
6630,08/05/2018,20366,N15555,4080,1541205,TYS,1161802,EWR,755,-5,954,-6,4.030194512
6631,08/05/2018,20366,N13553,4081,1104205,CLE,1161802,EWR,858,-7,1024,-11,4.030194512
6632,08/05/2018,20366,N16561,4083,1473003,SDF,1393006,ORD,1410,0,1438,-1,4.030194512
6633,08/05/2018,20366,N26549,4086,1220605,HRL,1226603,IAH,1829,-11,1935,-20,4.030194512
6634,08/05/2018,20366,N27200,4088,1161802,EWR,1591904,XNA,923,13,1122,0,4.030194512
6635,08/05/2018,20366,N14977,4089,1226603,IAH,1289607,LBB,1438,-2,1612,-7,4.030194512
6636,08/05/2018,20366,N11165,4090,1393006,ORD,1452401,RIC,1355,-5,1710,-3,4.030194512
6637,08/05/2018,20366,N13979,4091,1393006,ORD,1342202,MOB,1924,-10,2136,-19,4.030194512
6638,08/05/2018,20366,N16559,4092,1087402,CAK,1161802,EWR,553,-7,725,-5,4.030194512
6639,08/05/2018,20366,N15555,4092,1161802,EWR,1106606,CMH,1039,-6,1212,-20,4.030194512
6640,08/05/2018,20366,N25134,4093,1161802,EWR,1058102,BGR,1049,-1,1217,-6,4.030194512
6641,08/05/2018,20366,N12540,4094,1226603,IAH,1478302,SGF,1417,-8,1550,-28,4.030194512
6642,08/05/2018,20366,N13903,4096,1432105,PWM,1161802,EWR,749,-6,909,-16,4.030194512
6643,08/05/2018,20366,N16911,4097,1473003,SDF,1393006,ORD,1128,-2,1139,-21,4.030194512
6644,08/05/2018,20366,N21537,4098,1018502,AEX,1226603,IAH,1602,-8,1725,12,4.030194512
6645,08/05/2018,20366,N14902,4098,1226603,IAH,1126702,DAY,1945,-8,2309,-20,4.030194512
6646,08/05/2018,20366,N14543,4099,1161802,EWR,1106606,CMH,1507,2,1711,7,4.030194512
6647,08/05/2018,20366,N14158,4099,1501606,STL,1161802,EWR,936,-9,1310,-5,4.030194512
6648,08/05/2018,20366,N11565,4101,1291503,LCH,1226603,IAH,740,-10,821,-19,4.030194512
6649,08/05/2018,20366,N17115,4102,1217705,HOB,1226603,IAH,1259,-6,1540,1,4.030194512
6650,08/05/2018,20366,N13118,4103,1393006,ORD,1452401,RIC,2210,50,104,34,0
6651,08/05/2018,20366,N16541,4106,1104205,CLE,1295304,LGA,1526,1,1655,-9,4.030194512
6652,08/05/2018,20366,N16149,4107,1419306,PNS,1226603,IAH,1155,5,1341,4,4.030194512
6653,08/05/2018,20366,N25134,4108,1161802,EWR,1082106,BWI,2155,-5,2256,-32,4.030194512
6654,08/05/2018,20366,N14977,4109,1226603,IAH,1197302,GPT,1941,-4,2052,-16,4.030194512
6655,08/05/2018,20366,N16170,4109,1387102,OMA,1226603,IAH,1459,-1,1711,-8,4.030194512
6656,08/05/2018,20366,N13979,4110,1393006,ORD,1469608,SBN,1525,-5,1716,-6,4.030194512
6657,08/05/2018,20366,N12166,4111,1104205,CLE,1161802,EWR,1202,-8,1328,-27,4.030194512
6658,08/05/2018,20366,N12135,4113,1079206,BUF,1161802,EWR,1542,-8,1654,-26,4.030194512
6659,08/05/2018,20366,N13992,4115,1161802,EWR,1098002,CHA,853,-8,1106,-11,4.030194512
6660,08/05/2018,20366,N12135,4116,1079206,BUF,1161802,EWR,2027,-8,2148,-11,4.030194512
6661,08/05/2018,20366,N14158,4117,1161802,EWR,1087402,CAK,2030,0,2201,-16,4.030194512
6662,08/05/2018,20366,N14562,4118,1087402,CAK,1161802,EWR,1751,6,1927,0,4.030194512
6663,08/05/2018,20366,N16911,4119,1161802,EWR,1452401,RIC,2009,-6,2128,-22,4.030194512
6664,08/05/2018,20366,N11535,4120,1295304,LGA,1104205,CLE,819,-6,946,-28,4.030194512
6665,08/05/2018,20366,N11164,4121,1059904,BHM,1226603,IAH,1411,-5,1602,-12,4.030194512
6666,08/05/2018,20366,N11164,4122,1226603,IAH,1059904,BHM,1150,-5,1335,-11,4.030194512
6667,08/05/2018,20366,N16149,4123,1541205,TYS,1226603,IAH,659,-6,801,-16,4.030194512
6668,08/05/2018,20366,N17984,4125,1227805,ICT,1226603,IAH,653,-12,835,-19,4.030194512
6669,08/05/2018,20366,N13553,4126,1245102,JAX,1226603,IAH,1551,-4,1731,11,4.030194512
6670,08/05/2018,20366,N16981,4127,1226603,IAH,1198202,GRK,952,-8,1054,-5,4.030194512
6671,08/05/2018,20366,N12569,4129,1226603,IAH,1106606,CMH,726,-6,1110,-10,4.030194512
6672,08/05/2018,20366,N11165,4130,1541205,TYS,1393006,ORD,1151,341,1254,357,0
6673,08/05/2018,20366,N14158,4131,1199502,GSO,1161802,EWR,1706,16,1850,15,0
6674,08/05/2018,20366,N14105,4132,1161802,EWR,1098002,CHA,2025,4,2232,-21,4.030194512
6675,08/05/2018,20366,N15574,4134,1148102,ECP,1226603,IAH,1319,-1,1515,-2,4.030194512
6676,08/05/2018,20366,N16546,4135,1220605,HRL,1226603,IAH,1138,-7,1241,-21,4.030194512
6677,08/05/2018,20366,N10575,4136,1161802,EWR,1106606,CMH,621,-9,753,-32,4.030194512
6678,08/05/2018,20366,N36915,4141,1226603,IAH,1027903,AMA,1441,1,1618,-5,4.030194512
6679,08/05/2018,20366,N15983,4141,1227805,ICT,1226603,IAH,1147,-8,1338,-2,4.030194512
6680,08/05/2018,20366,N12569,4143,1161802,EWR,1199502,GSO,2151,-9,2329,-29,4.030194512
6681,08/05/2018,20366,N12166,4143,1334207,MKE,1161802,EWR,1702,-5,2020,-2,4.030194512
6682,08/05/2018,20366,N12540,4145,1226603,IAH,1289607,LBB,2212,27,2343,18,0
6683,08/05/2018,20366,N16981,4146,1226603,IAH,1059904,BHM,2007,-3,2150,-10,4.030194512
6684,08/05/2018,20366,N16149,4146,1481402,SHV,1226603,IAH,1548,-4,1659,3,4.030194512
6685,08/05/2018,20366,N16987,4147,1161802,EWR,1538005,TVC,958,-7,1154,-35,4.030194512
6686,08/05/2018,20366,N14542,4150,1161802,EWR,1329604,MHT,1948,-11,2101,-23,4.030194512
6687,08/05/2018,20366,N13550,4152,1226603,IAH,1221702,HSV,2124,-6,2302,-18,4.030194512
6688,08/05/2018,20366,N12163,4152,1501606,STL,1226603,IAH,1835,-8,2035,-15,4.030194512
6689,08/05/2018,20366,N12167,4153,1226603,IAH,1104205,CLE,1157,-3,1541,-9,4.030194512
6690,08/05/2018,20366,N16911,4154,1233904,IND,1161802,EWR,1555,-10,1757,-13,4.030194512
6691,08/05/2018,20366,N17560,4157,1227805,ICT,1226603,IAH,1526,-14,1701,-24,4.030194512
6692,08/05/2018,20366,N12167,4159,1072102,BOS,1104205,CLE,1958,-12,2141,-37,4.030194512
6693,08/05/2018,20366,N14188,4160,1069302,BNA,1161802,EWR,1243,-9,1607,-6,4.030194512
6694,08/05/2018,20366,N15574,4161,1226603,IAH,1291503,LCH,1631,-2,1720,-3,4.030194512
6695,08/05/2018,20366,N11535,4162,1127805,DCA,1104205,CLE,1724,-6,1857,1,4.030194512
6696,08/05/2018,20366,N16976,4163,1197302,GPT,1226603,IAH,1148,-7,1312,-9,4.030194512
6697,08/05/2018,20366,N15986,4164,1226603,IAH,1562404,VPS,1153,-2,1333,-12,4.030194512
6698,08/05/2018,20366,N11551,4166,1161802,EWR,1233904,IND,1450,5,1702,3,4.030194512
6699,08/05/2018,20366,N14105,4166,1199603,GSP,1161802,EWR,1119,-1,1312,-6,4.030194512
6700,08/05/2018,20366,N17560,4167,1227805,ICT,1393006,ORD,605,0,813,7,4.030194512
6701,08/05/2018,20366,N29917,4168,1226603,IAH,1537002,TUL,803,-7,932,-11,4.030194512
6702,08/05/2018,20366,N14991,4169,1226603,IAH,1387102,OMA,1419,-1,1629,-9,4.030194512
6703,08/05/2018,20366,N16546,4170,1226603,IAH,1220605,HRL,942,-3,1046,-14,4.030194512
6704,08/05/2018,20366,N17560,4171,1233904,IND,1393006,ORD,1135,-10,1200,2,4.030194512
6705,08/05/2018,20366,N12201,4172,1226603,IAH,1198202,GRK,1437,-3,1532,-5,4.030194512
6706,08/05/2018,20366,N12201,4172,1289607,LBB,1226603,IAH,1142,-8,1309,-19,4.030194512
6707,08/05/2018,20366,N14902,4173,1059904,BHM,1226603,IAH,1640,-10,1840,-8,4.030194512
6708,08/05/2018,20366,N15986,4173,1226603,IAH,1104902,CLL,2144,-1,2226,-3,4.030194512
6709,08/05/2018,20366,N18556,4176,1069302,BNA,1226603,IAH,1654,-1,1859,-3,4.030194512
6710,08/05/2018,20366,N10575,4178,1342202,MOB,1226603,IAH,1402,-8,1540,0,4.030194512
6711,08/05/2018,20366,N11189,4181,1226603,IAH,1227805,ICT,2140,-5,2316,-14,4.030194512
6712,08/05/2018,20366,N16981,4181,1324402,MEM,1226603,IAH,1646,-9,1832,-11,4.030194512
6713,08/05/2018,20366,N15986,4182,1226603,IAH,1419306,PNS,721,-4,855,-10,4.030194512
6714,08/05/2018,20366,N15910,4183,1294503,LEX,1226603,IAH,655,5,818,-5,4.030194512
6715,08/05/2018,20366,N11547,4184,1452401,RIC,1161802,EWR,931,-9,1044,-24,4.030194512
6716,08/05/2018,20366,N14977,4186,1342202,MOB,1226603,IAH,1157,-3,1336,1,4.030194512
6717,08/05/2018,20366,N12201,4188,1087402,CAK,1226603,IAH,653,-1,849,-6,4.030194512
6718,08/05/2018,20366,N15574,4190,1226603,IAH,1148102,ECP,1951,-4,2133,-10,4.030194512
6719,08/05/2018,20366,N14148,4191,1198603,GRR,1226603,IAH,1858,8,2051,6,4.030194512
6720,08/05/2018,20366,N15910,4192,1226603,IAH,1069302,BNA,1010,-5,1208,-9,4.030194512
6721,08/05/2018,20366,N16976,4193,1226603,IAH,1337702,MLU,1427,-3,1527,-13,4.030194512
6722,08/05/2018,20366,N18557,4195,1295304,LGA,1104205,CLE,1709,354,1839,335,0
6723,08/05/2018,20366,N14902,4197,1226603,IAH,1306106,LRD,937,-8,1039,-20,4.030194512
6724,08/05/2018,20366,N14991,4198,1387102,OMA,1226603,IAH,1705,-5,1917,-13,4.030194512
6725,08/05/2018,20366,N12540,4200,1221702,HSV,1226603,IAH,633,-13,813,-25,4.030194512
6726,08/05/2018,20366,N11547,4201,1161802,EWR,1104205,CLE,2005,-14,2142,-18,4.030194512
6727,08/05/2018,20366,N12163,4202,1161802,EWR,1501606,STL,1614,-6,1756,-17,4.030194512
6728,08/05/2018,20366,N12567,4203,1393006,ORD,1198603,GRR,956,56,1231,92,0
6729,08/05/2018,20366,N13903,4205,1099402,CHS,1161802,EWR,1413,-12,1609,-27,4.030194512
6730,08/05/2018,20366,N12172,4206,1104205,CLE,1393006,ORD,1620,0,1628,-15,4.030194512
6731,08/05/2018,20366,N15983,4207,1226603,IAH,1541205,TYS,1447,-3,1749,-16,4.030194512
6732,08/05/2018,20366,N29906,4208,1161802,EWR,1501606,STL,1446,-4,1629,-14,4.030194512
6733,08/05/2018,20366,N29906,4208,1324402,MEM,1161802,EWR,1020,-10,1405,-9,4.030194512
6734,08/05/2018,20366,N11544,4211,1226603,IAH,1227805,ICT,1247,17,1423,4,4.030194512
6735,08/05/2018,20366,N15574,4212,1104902,CLL,1226603,IAH,734,-11,810,-19,4.030194512
6736,08/05/2018,20366,N15910,4213,1069302,BNA,1393006,ORD,1249,2,1442,0,4.030194512
6737,08/05/2018,20366,N13913,4214,1478302,SGF,1226603,IAH,655,-5,840,-11,4.030194512
6738,08/05/2018,20366,N16981,4215,1226603,IAH,1324402,MEM,1439,-1,1602,-17,4.030194512
6739,08/05/2018,20366,N14543,4217,1106606,CMH,1161802,EWR,1735,1,1942,17,0
6740,08/05/2018,20366,N13989,4218,1226603,IAH,1104902,CLL,1006,-9,1046,-19,4.030194512
6741,08/05/2018,20366,N12564,4219,1419306,PNS,1393006,ORD,1351,-14,1615,-27,4.030194512
6742,08/05/2018,20366,N16546,4221,1217705,HOB,1226603,IAH,601,-4,846,6,4.030194512
6743,08/05/2018,20366,N16149,4221,1226603,IAH,1419306,PNS,933,-2,1116,0,4.030194512
6744,08/05/2018,20366,N14904,4222,1074705,BRO,1226603,IAH,1417,7,1525,-10,4.030194512
6745,08/05/2018,20366,N29917,4224,1161802,EWR,1334207,MKE,2117,-3,2230,-25,4.030194512
6746,08/05/2018,20366,N17560,4225,1393006,ORD,1233904,IND,848,-7,1046,-14,4.030194512
6747,08/05/2018,20366,N14562,4226,1161802,EWR,1078502,BTV,1108,-7,1222,-12,4.030194512
6748,08/05/2018,20366,N11565,4227,1226603,IAH,1154005,ELP,1531,-4,1617,-9,4.030194512
6749,08/05/2018,20366,N21537,4230,1226603,IAH,1217705,HOB,1820,-10,1849,-20,4.030194512
6750,08/05/2018,20366,N17115,4231,1226603,IAH,1295106,LFT,1620,0,1719,-6,4.030194512
6751,08/05/2018,20366,N14977,4232,1289607,LBB,1226603,IAH,1646,-14,1822,-16,4.030194512
6752,08/05/2018,20366,N16541,4235,1295304,LGA,1104205,CLE,1753,-7,1917,-27,4.030194512
6753,08/05/2018,20366,N14902,4236,1086803,CAE,1226603,IAH,705,-5,823,-17,4.030194512
6754,08/05/2018,20366,N12900,4236,1226603,IAH,1501606,STL,957,-8,1155,-16,4.030194512
6755,08/05/2018,20366,N13903,4237,1161802,EWR,1432105,PWM,556,-4,712,-9,4.030194512
6756,08/05/2018,20366,N12563,4238,1469608,SBN,1161802,EWR,559,-1,755,-4,4.030194512
6757,08/05/2018,20366,N14148,4239,1226603,IAH,1198603,GRR,1414,-6,1829,16,0
6758,08/05/2018,20366,N19554,4240,1104205,CLE,1127805,DCA,2012,-3,2133,-2,4.030194512
6759,08/05/2018,20366,N16541,4243,1161802,EWR,1104205,CLE,1314,-1,1458,6,4.030194512
6760,08/05/2018,20366,N11189,4244,1226603,IAH,1014005,ABQ,1548,12,1648,-3,4.030194512
6761,08/05/2018,20366,N13913,4246,1226603,IAH,1306106,LRD,1427,7,1532,-2,4.030194512
6762,08/05/2018,20366,N17984,4247,1161802,EWR,1501606,STL,2129,-6,2313,-12,4.030194512
6763,08/05/2018,20366,N24103,4250,1226603,IAH,1342202,MOB,1948,-2,2120,3,4.030194512
6764,08/05/2018,20366,N11184,4250,1473003,SDF,1226603,IAH,1549,-6,1715,-8,4.030194512
6765,08/05/2018,20366,N13992,4251,1127805,DCA,1161802,EWR,1852,-3,1959,-21,4.030194512
6766,08/05/2018,20366,N36915,4252,1226603,IAH,1319801,MCI,756,-4,953,-10,4.030194512
6767,08/05/2018,20366,N11547,4257,1161802,EWR,1106606,CMH,1157,-8,1335,-17,4.030194512
6768,08/05/2018,20366,N13913,4258,1027903,AMA,1226603,IAH,1145,-10,1319,-15,4.030194512
6769,08/05/2018,20366,N11165,4261,1161802,EWR,1199603,GSP,2134,-1,2332,-7,4.030194512
6770,08/05/2018,20366,N28529,4264,1226603,IAH,1291503,LCH,1010,-10,1105,-6,4.030194512
6771,08/05/2018,20366,N11547,4265,1106606,CMH,1161802,EWR,1412,-10,1603,-12,4.030194512
6772,08/05/2018,20366,N11548,4266,1161802,EWR,1393102,ORF,2307,67,15,45,0
6773,08/05/2018,20366,N26549,4268,1078105,BTR,1226603,IAH,929,-1,1047,7,4.030194512
6774,08/05/2018,20366,N16170,4268,1226603,IAH,1387102,OMA,1206,-4,1414,-14,4.030194512
6775,08/05/2018,20366,N14173,4269,1226603,IAH,1087402,CAK,1826,-4,2218,-14,4.030194512
6776,08/05/2018,20366,N16178,4270,1226603,IAH,1537002,TUL,1157,-5,1318,-17,4.030194512
6777,08/05/2018,20366,N10575,4271,1226603,IAH,1059904,BHM,1622,2,2103,,4.030194512
6778,08/05/2018,20366,N12540,4271,1244807,JAN,1226603,IAH,1155,-5,1329,7,4.030194512
6779,08/05/2018,20366,N12163,4272,1161802,EWR,1127805,DCA,1225,-5,1325,-25,4.030194512
6780,08/05/2018,20366,N14188,4272,1348502,MSN,1161802,EWR,558,-2,903,-12,4.030194512
6781,08/05/2018,20366,N12166,4273,1161802,EWR,1334207,MKE,1457,-3,1620,-17,4.030194512
6782,08/05/2018,20366,N12900,4273,1334207,MKE,1161802,EWR,1858,-15,2206,-23,4.030194512
6783,08/05/2018,20366,N13566,4274,1127805,DCA,1104205,CLE,2037,-3,2149,-19,4.030194512
6784,08/05/2018,20366,N16571,4277,1329604,MHT,1161802,EWR,733,-7,842,-21,4.030194512
6785,08/05/2018,20366,N17185,4279,1161802,EWR,1199603,GSP,808,-7,1003,-24,4.030194512
6786,08/05/2018,20366,N26545,4280,1027903,AMA,1226603,IAH,659,-1,840,-6,4.030194512
6787,08/05/2018,20366,N16976,4280,1226603,IAH,1197302,GPT,955,-5,1110,-13,4.030194512
6788,08/05/2018,20366,N12172,4281,1104205,CLE,1127805,DCA,900,20,1019,22,0
6789,08/05/2018,20366,N14562,4282,1161802,EWR,1469608,SBN,2144,-1,2333,-25,4.030194512
6790,08/05/2018,20366,N22909,4283,1161802,EWR,1452401,RIC,811,-4,949,-11,4.030194512
6791,08/05/2018,20366,N26545,4286,1226603,IAH,1387102,OMA,944,-6,1154,-17,4.030194512
6792,08/05/2018,20366,N16976,4286,1306106,LRD,1226603,IAH,719,-1,837,-1,4.030194512
6793,08/05/2018,20366,N11565,4287,1226603,IAH,1221702,HSV,1008,-7,1207,-3,4.030194512
6794,08/05/2018,20366,N12135,4288,1245102,JAX,1161802,EWR,557,-3,817,-8,4.030194512
6795,08/05/2018,20366,N10575,4290,1059904,BHM,1226603,IAH,2125,155,2319,151,0
6796,08/05/2018,20366,N11548,4293,1126702,DAY,1161802,EWR,1850,0,2053,7,4.030194512
6797,08/05/2018,20366,N14991,4294,1337702,MLU,1226603,IAH,710,-10,812,-18,4.030194512
6798,08/05/2018,20366,N15983,4296,1226603,IAH,1227805,ICT,932,-3,1111,-13,4.030194512
6799,08/05/2018,20366,N15986,4298,1419306,PNS,1226603,IAH,925,-10,1106,-9,4.030194512
6800,08/05/2018,20366,N25134,4299,1058102,BGR,1161802,EWR,1251,-9,1432,-20,4.030194512
6801,08/05/2018,20366,N16559,4300,1161802,EWR,1452401,RIC,1512,-6,1658,1,4.030194512
6802,08/05/2018,20366,N22909,4300,1452401,RIC,1161802,EWR,1025,-5,1143,-12,4.030194512
6803,08/05/2018,20366,N13566,4302,1104205,CLE,1127805,DCA,1829,-6,1946,-14,4.030194512
6804,08/05/2018,20366,N11535,4302,1295304,LGA,1104205,CLE,1307,-8,1436,-28,4.030194512
6805,08/05/2018,20366,N16546,4304,1226603,IAH,1078105,BTR,1612,-8,1712,-16,4.030194512
6806,08/05/2018,20366,N13992,4305,1161802,EWR,1127805,DCA,1650,-5,1755,-30,4.030194512
6807,08/05/2018,20366,N12540,4306,1226603,IAH,1244807,JAN,953,-9,1125,1,4.030194512
6808,08/05/2018,20366,N13566,4308,1104205,CLE,1295304,LGA,1255,-5,1430,-9,4.030194512
6809,08/05/2018,20366,N12166,4308,1226603,IAH,1104205,CLE,739,-6,1115,-25,4.030194512
6810,08/05/2018,20366,N16561,4309,1226603,IAH,1473003,SDF,947,-3,1315,-1,4.030194512
6811,08/05/2018,20366,N16561,4309,1342202,MOB,1226603,IAH,657,-3,825,-7,4.030194512
6812,08/05/2018,20366,N18556,4310,1226603,IAH,1294503,LEX,1943,3,2251,-9,4.030194512
6813,08/05/2018,20366,N14991,4311,1537002,TUL,1226603,IAH,1152,-8,1325,-9,4.030194512
6814,08/05/2018,20366,N17984,4313,1161802,EWR,1329604,MHT,1715,0,1829,-11,4.030194512
6815,08/05/2018,20366,N11535,4314,1104205,CLE,1295304,LGA,2009,-10,2157,-2,4.030194512
6816,08/05/2018,20366,N12567,4316,1226603,IAH,1291503,LCH,2352,142,35,135,0
6817,08/05/2018,20366,N14916,4320,1226603,IAH,1198202,GRK,2141,-4,2238,-6,4.030194512
6818,08/05/2018,20366,N26545,4320,1244807,JAN,1226603,IAH,1848,13,2030,33,13
6819,08/05/2018,20366,N12530,4321,1018502,AEX,1226603,IAH,1215,-5,1324,1,4.030194512
6820,08/05/2018,20366,N14188,4324,1452401,RIC,1161802,EWR,1910,0,2049,4,4.030194512
6821,08/05/2018,20366,N11548,4326,1198603,GRR,1161802,EWR,547,-8,742,-8,4.030194512
6822,08/05/2018,20366,N14558,4327,1161802,EWR,1126702,DAY,807,-8,1012,-7,4.030194512
6823,08/05/2018,20366,N17984,4331,1226603,IAH,1233904,IND,927,-8,1256,-4,4.030194512
6824,08/05/2018,20366,N16987,4332,1538005,TVC,1161802,EWR,1255,-5,1501,-5,4.030194512
6825,08/05/2018,20366,N36915,4333,1226603,IAH,1478302,SGF,2007,12,2145,3,4.030194512
6826,08/05/2018,20366,N17115,4333,1295106,LFT,1226603,IAH,1742,-13,1844,-16,4.030194512
6827,08/05/2018,20366,N15555,4335,1106606,CMH,1161802,EWR,1254,-11,1452,-8,4.030194512
6828,08/05/2018,20366,N13566,4336,1072102,BOS,1104205,CLE,1014,-6,1202,-20,4.030194512
6829,08/05/2018,20366,N12563,4338,1161802,EWR,1058102,BGR,1932,-8,2117,1,4.030194512
6830,08/05/2018,20366,N14173,4340,1468502,SAV,1226603,IAH,1601,-9,1734,-6,4.030194512
6831,08/05/2018,20366,N13550,4342,1226603,IAH,1221702,HSV,1647,22,1838,16,0
6832,08/05/2018,20366,N13550,4342,1541205,TYS,1226603,IAH,1201,-4,1318,-1,4.030194512
6833,08/05/2018,20366,N16976,4344,1337702,MLU,1226603,IAH,1600,-10,1717,-6,4.030194512
6834,08/05/2018,20366,N14904,4346,1295106,LFT,1226603,IAH,526,-9,630,-13,4.030194512
6835,08/05/2018,20366,N13913,4350,1306106,LRD,1226603,IAH,1559,-6,1732,9,4.030194512
6836,08/05/2018,20366,N13992,4351,1098002,CHA,1161802,EWR,1142,-7,1417,4,4.030194512
6837,08/05/2018,19690,N379HA,11,1477104,SFO,1217305,HNL,853,-7,1151,16,0
6838,08/05/2018,19690,N386HA,12,1217305,HNL,1477104,SFO,1333,23,2148,28,0
6839,08/05/2018,19690,N381HA,15,1467903,SAN,1217305,HNL,1008,-7,1341,11,4.030194512
6840,08/05/2018,19690,N379HA,16,1217305,HNL,1467903,SAN,1424,9,2254,9,4.030194512
6841,08/05/2018,19690,N390HA,17,1288903,LAS,1217305,HNL,157,2,509,4,4.030194512
6842,08/05/2018,19690,N393HA,18,1217305,HNL,1288903,LAS,1509,-1,2359,4,4.030194512
6843,08/05/2018,19690,N582HA,19,1489302,SMF,1217305,HNL,725,0,1003,-2,4.030194512
6844,08/05/2018,19690,N583HA,20,1217305,HNL,1489302,SMF,1406,1,2228,3,4.030194512
6845,08/05/2018,19690,N385HA,21,1474703,SEA,1217305,HNL,903,3,1209,4,4.030194512
6846,08/05/2018,19690,N383HA,22,1217305,HNL,1474703,SEA,1343,28,2212,12,4.030194512
6847,08/05/2018,19690,N580HA,23,1379608,OAK,1383002,OGG,855,5,1121,6,4.030194512
6848,08/05/2018,19690,N594HA,24,1383002,OGG,1379608,OAK,1113,23,1907,12,4.030194512
6849,08/05/2018,19690,N202HA,25,1405702,PDX,1217305,HNL,856,-4,1201,1,4.030194512
6850,08/05/2018,19690,N212HA,26,1217305,HNL,1405702,PDX,1336,6,2206,6,4.030194512
6851,08/05/2018,19690,N391HA,29,1474703,SEA,1383002,OGG,1016,1,1342,27,0
6852,08/05/2018,19690,N391HA,30,1383002,OGG,1474703,SEA,1457,12,2302,-13,4.030194512
6853,08/05/2018,19690,N399HA,33,1289208,LAX,1383002,OGG,902,2,1144,-1,4.030194512
6854,08/05/2018,19690,N399HA,34,1383002,OGG,1289208,LAX,1325,0,2143,-2,4.030194512
6855,08/05/2018,19690,N583HA,35,1410702,PHX,1217305,HNL,724,-6,1053,-22,4.030194512
6856,08/05/2018,19690,N582HA,36,1217305,HNL,1410702,PHX,1222,-3,2122,-8,4.030194512
6857,08/05/2018,19690,N590HA,37,1467903,SAN,1383002,OGG,704,-1,948,-17,4.030194512
6858,08/05/2018,19690,N580HA,38,1383002,OGG,1467903,SAN,1310,25,2136,31,0
6859,08/05/2018,19690,N204HA,39,1405702,PDX,1383002,OGG,655,-5,954,9,4.030194512
6860,08/05/2018,19690,N204HA,40,1383002,OGG,1405702,PDX,1118,3,1927,-13,4.030194512
6861,08/05/2018,19690,N392HA,41,1477104,SFO,1383002,OGG,958,-2,1228,3,4.030194512
6862,08/05/2018,19690,N392HA,42,1383002,OGG,1477104,SFO,1411,1,2222,12,4.030194512
6863,08/05/2018,19690,N384HA,43,1483106,SJC,1217305,HNL,845,0,1123,3,4.030194512
6864,08/05/2018,19690,N395HA,44,1217305,HNL,1483106,SJC,1348,43,2156,41,0
6865,08/05/2018,19690,N590HA,45,1483106,SJC,1383002,OGG,1355,1855,1608,1843,0
6866,08/05/2018,19690,N590HA,46,1383002,OGG,1483106,SJC,1143,13,1933,3,4.030194512
6867,08/05/2018,19690,N209HA,47,1379608,OAK,1217305,HNL,933,93,1217,107,0
6868,08/05/2018,19690,N202HA,48,1217305,HNL,1379608,OAK,1414,34,2234,44,0
6869,08/05/2018,19690,N388HA,50,1217305,HNL,1247805,JFK,1511,6,719,24,0
6870,08/05/2018,19690,N370HA,51,1247805,JFK,1217305,HNL,1121,81,1601,66,0
6871,08/05/2018,19690,N205HA,55,1289208,LAX,1383002,OGG,1326,-4,1608,-7,4.030194512
6872,08/05/2018,19690,N205HA,56,1383002,OGG,1289208,LAX,2055,0,510,10,4.030194512
6873,08/05/2018,19690,N360HA,61,1289208,LAX,1275804,KOA,1059,-1,1332,-8,4.030194512
6874,08/05/2018,19690,N360HA,62,1275804,KOA,1289208,LAX,1525,5,15,25,0
6875,08/05/2018,19690,N213HA,63,1289208,LAX,1298202,LIH,810,10,1115,15,0
6876,08/05/2018,19690,N214HA,64,1298202,LIH,1289208,LAX,1401,36,2255,55,0
6877,08/05/2018,19690,N214HA,67,1379608,OAK,1298202,LIH,1012,32,1250,40,0
6878,08/05/2018,19690,N213HA,68,1298202,LIH,1379608,OAK,1234,19,2040,10,4.030194512
6879,08/05/2018,19690,N212HA,69,1295406,LGB,1217305,HNL,836,6,1149,9,4.030194512
6880,08/05/2018,19690,N215HA,70,1217305,HNL,1295406,LGB,1246,16,2116,16,0
6881,08/05/2018,19690,N481HA,101,1240203,ITO,1217305,HNL,613,-7,702,-8,4.030194512
6882,08/05/2018,19690,N481HA,102,1217305,HNL,1240203,ITO,455,-5,553,2,4.030194512
6883,08/05/2018,19690,N491HA,103,1217305,HNL,1298202,LIH,510,-9,542,-15,4.030194512
6884,08/05/2018,19690,N491HA,104,1298202,LIH,1217305,HNL,619,-6,648,-11,4.030194512
6885,08/05/2018,19690,N492HA,107,1275804,KOA,1217305,HNL,557,-19,645,-16,4.030194512
6886,08/05/2018,19690,N492HA,108,1217305,HNL,1275804,KOA,456,-5,535,-11,4.030194512
6887,08/05/2018,19690,N480HA,111,1240203,ITO,1383002,OGG,926,-9,1007,-9,4.030194512
6888,08/05/2018,19690,N487HA,115,1383002,OGG,1217305,HNL,719,-8,754,-10,4.030194512
6889,08/05/2018,19690,N487HA,116,1217305,HNL,1383002,OGG,614,-6,654,-5,4.030194512
6890,08/05/2018,19690,N492HA,122,1217305,HNL,1240203,ITO,732,-4,825,-6,4.030194512
6891,08/05/2018,19690,N495HA,123,1217305,HNL,1298202,LIH,720,-6,757,-10,4.030194512
6892,08/05/2018,19690,N493HA,124,1298202,LIH,1217305,HNL,920,-5,952,-9,4.030194512
6893,08/05/2018,19690,N486HA,128,1217305,HNL,1275804,KOA,1347,-4,1438,-5,4.030194512
6894,08/05/2018,19690,N477HA,131,1240203,ITO,1217305,HNL,1818,-2,1917,5,4.030194512
6895,08/05/2018,19690,N481HA,132,1383002,OGG,1240203,ITO,900,-8,938,-8,4.030194512
6896,08/05/2018,19690,N483HA,134,1298202,LIH,1217305,HNL,1233,83,1314,88,0
6897,08/05/2018,19690,N495HA,135,1383002,OGG,1217305,HNL,949,-4,1037,5,4.030194512
6898,08/05/2018,19690,N480HA,137,1275804,KOA,1217305,HNL,1337,-8,1428,-7,4.030194512
6899,08/05/2018,19690,N492HA,138,1217305,HNL,1275804,KOA,1300,4,1352,6,4.030194512
6900,08/05/2018,19690,N481HA,141,1240203,ITO,1217305,HNL,1848,-8,1938,-10,4.030194512
6901,08/05/2018,19690,N481HA,142,1217305,HNL,1240203,ITO,1726,-7,1821,-6,4.030194512
6902,08/05/2018,19690,N488HA,143,1217305,HNL,1298202,LIH,1146,-4,1239,5,4.030194512
6903,08/05/2018,19690,N488HA,145,1383002,OGG,1217305,HNL,1017,2,1101,5,4.030194512
6904,08/05/2018,19690,N479HA,146,1217305,HNL,1383002,OGG,950,-6,1032,-7,4.030194512
6905,08/05/2018,19690,N484HA,148,1217305,HNL,1275804,KOA,1428,-2,1522,2,4.030194512
6906,08/05/2018,19690,N475HA,151,1240203,ITO,1217305,HNL,1059,-1,1150,-5,4.030194512
6907,08/05/2018,19690,N489HA,152,1383002,OGG,1240203,ITO,1617,-1,1655,-2,4.030194512
6908,08/05/2018,19690,N481HA,153,1217305,HNL,1298202,LIH,1510,0,1547,-6,4.030194512
6909,08/05/2018,19690,N476HA,154,1298202,LIH,1217305,HNL,1402,-7,1436,-9,4.030194512
6910,08/05/2018,19690,N475HA,155,1383002,OGG,1217305,HNL,817,7,855,8,4.030194512
6911,08/05/2018,19690,N475HA,156,1217305,HNL,1383002,OGG,703,1,750,8,4.030194512
6912,08/05/2018,19690,N495HA,161,1240203,ITO,1217305,HNL,1527,6,1621,6,4.030194512
6913,08/05/2018,19690,N495HA,162,1217305,HNL,1240203,ITO,1402,8,1507,15,0
6914,08/05/2018,19690,N488HA,163,1217305,HNL,1298202,LIH,1837,2,1914,-2,4.030194512
6915,08/05/2018,19690,N488HA,164,1298202,LIH,1217305,HNL,1940,-4,2037,17,0
6916,08/05/2018,19690,N480HA,165,1383002,OGG,1217305,HNL,1100,0,1135,-6,4.030194512
6917,08/05/2018,19690,N489HA,166,1217305,HNL,1383002,OGG,1206,-6,1249,-8,4.030194512
6918,08/05/2018,19690,N494HA,168,1217305,HNL,1275804,KOA,755,-8,842,-8,4.030194512
6919,08/05/2018,19690,N491HA,173,1217305,HNL,1298202,LIH,1008,-7,1052,-6,4.030194512
6920,08/05/2018,19690,N487HA,174,1298202,LIH,1217305,HNL,958,-5,1036,-4,4.030194512
6921,08/05/2018,19690,N490HA,175,1383002,OGG,1217305,HNL,2022,-5,2107,3,4.030194512
6922,08/05/2018,19690,N490HA,176,1217305,HNL,1383002,OGG,1918,-1,1954,-5,4.030194512
6923,08/05/2018,19690,N485HA,177,1275804,KOA,1217305,HNL,1611,-2,1659,-1,4.030194512
6924,08/05/2018,19690,N475HA,178,1217305,HNL,1275804,KOA,1555,-5,1644,-4,4.030194512
6925,08/05/2018,19690,N489HA,179,1240203,ITO,1383002,OGG,1725,-1,1805,-2,4.030194512
6926,08/05/2018,19690,N493HA,181,1240203,ITO,1217305,HNL,1252,27,1341,23,0
6927,08/05/2018,19690,N493HA,182,1217305,HNL,1240203,ITO,1139,39,1230,34,0
6928,08/05/2018,19690,N487HA,183,1217305,HNL,1298202,LIH,848,-6,924,-11,4.030194512
6929,08/05/2018,19690,N490HA,184,1298202,LIH,1217305,HNL,1754,-6,1830,-5,4.030194512
6930,08/05/2018,19690,N487HA,185,1383002,OGG,1217305,HNL,1256,4,1403,31,0
6931,08/05/2018,19690,N486HA,186,1217305,HNL,1383002,OGG,1105,-8,1150,-7,4.030194512
6932,08/05/2018,19690,N491HA,187,1275804,KOA,1217305,HNL,1730,-10,1816,-11,4.030194512
6933,08/05/2018,19690,N477HA,192,1217305,HNL,1240203,ITO,1655,0,1748,-3,4.030194512
6934,08/05/2018,19690,N477HA,195,1383002,OGG,1217305,HNL,2116,18,2208,33,0
6935,08/05/2018,19690,N477HA,196,1217305,HNL,1383002,OGG,2005,15,2049,19,0
6936,08/05/2018,19690,N489HA,201,1240203,ITO,1217305,HNL,732,-6,830,-2,4.030194512
6937,08/05/2018,19690,N489HA,202,1217305,HNL,1240203,ITO,607,-8,702,-7,4.030194512
6938,08/05/2018,19690,N479HA,203,1217305,HNL,1298202,LIH,1349,-1,1438,1,4.030194512
6939,08/05/2018,19690,N480HA,205,1383002,OGG,1217305,HNL,613,-1,645,-5,4.030194512
6940,08/05/2018,19690,N480HA,206,1217305,HNL,1383002,OGG,501,-6,541,-5,4.030194512
6941,08/05/2018,19690,N488HA,210,1298202,LIH,1383002,OGG,1303,0,1356,6,4.030194512
6942,08/05/2018,19690,N479HA,211,1383002,OGG,1298202,LIH,1104,-3,1202,8,4.030194512
6943,08/05/2018,19690,N489HA,213,1217305,HNL,1298202,LIH,2026,-4,2111,1,4.030194512
6944,08/05/2018,19690,N489HA,214,1298202,LIH,1217305,HNL,2136,-2,2213,0,4.030194512
6945,08/05/2018,19690,N484HA,215,1383002,OGG,1217305,HNL,1306,-1,1354,6,4.030194512
6946,08/05/2018,19690,N483HA,216,1217305,HNL,1383002,OGG,1352,12,1447,21,0
6947,08/05/2018,19690,N488HA,217,1275804,KOA,1217305,HNL,724,-12,820,-1,4.030194512
6948,08/05/2018,19690,N488HA,218,1217305,HNL,1275804,KOA,613,-8,704,-2,4.030194512
6949,08/05/2018,19690,N477HA,219,1383002,OGG,1298202,LIH,1420,-5,1511,-4,4.030194512
6950,08/05/2018,19690,N480HA,222,1217305,HNL,1240203,ITO,1513,2,1612,5,4.030194512
6951,08/05/2018,19690,N483HA,223,1217305,HNL,1298202,LIH,2015,35,2106,44,0
6952,08/05/2018,19690,N483HA,224,1298202,LIH,1217305,HNL,2132,42,2207,41,0
6953,08/05/2018,19690,N487HA,226,1217305,HNL,1383002,OGG,1539,-3,1622,-4,4.030194512
6954,08/05/2018,19690,N494HA,229,1275804,KOA,1383002,OGG,909,-11,945,-10,4.030194512
6955,08/05/2018,19690,N494HA,230,1383002,OGG,1275804,KOA,1028,-7,1104,-6,4.030194512
6956,08/05/2018,19690,N481HA,231,1240203,ITO,1217305,HNL,1007,-8,1103,-7,4.030194512
6957,08/05/2018,19690,N475HA,232,1217305,HNL,1240203,ITO,932,-4,1031,0,4.030194512
6958,08/05/2018,19690,N494HA,237,1275804,KOA,1217305,HNL,1138,-2,1225,-4,4.030194512
6959,08/05/2018,19690,N487HA,241,1240203,ITO,1217305,HNL,2101,1,2153,2,4.030194512
6960,08/05/2018,19690,N487HA,242,1217305,HNL,1240203,ITO,1942,6,2036,5,4.030194512
6961,08/05/2018,19690,N493HA,246,1217305,HNL,1383002,OGG,1419,4,1505,5,4.030194512
6962,08/05/2018,19690,N475HA,247,1275804,KOA,1217305,HNL,1953,-5,2056,11,4.030194512
6963,08/05/2018,19690,N475HA,248,1217305,HNL,1275804,KOA,1843,3,1932,4,4.030194512
6964,08/05/2018,19690,N487HA,250,1383002,OGG,1275804,KOA,1657,2,1731,1,4.030194512
6965,08/05/2018,19690,N486HA,255,1383002,OGG,1217305,HNL,927,-6,1014,2,4.030194512
6966,08/05/2018,19690,N486HA,256,1217305,HNL,1383002,OGG,816,-6,857,-8,4.030194512
6967,08/05/2018,19690,N484HA,257,1275804,KOA,1217305,HNL,1554,4,1637,0,4.030194512
6968,08/05/2018,19690,N480HA,258,1217305,HNL,1275804,KOA,1218,-2,1303,-7,4.030194512
6969,08/05/2018,19690,N491HA,267,1275804,KOA,1217305,HNL,1253,-10,1352,-1,4.030194512
6970,08/05/2018,19690,N484HA,269,1275804,KOA,1383002,OGG,1204,9,1235,5,4.030194512
6971,08/05/2018,19690,N490HA,273,1217305,HNL,1298202,LIH,1413,2,1503,8,4.030194512
6972,08/05/2018,19690,N477HA,274,1298202,LIH,1217305,HNL,1537,-7,1612,-8,4.030194512
6973,08/05/2018,19690,N480HA,275,1383002,OGG,1217305,HNL,1924,-8,2009,0,4.030194512
6974,08/05/2018,19690,N487HA,277,1275804,KOA,1217305,HNL,1752,-8,1841,-5,4.030194512
6975,08/05/2018,19690,N493HA,278,1217305,HNL,1275804,KOA,1653,-2,1742,-2,4.030194512
6976,08/05/2018,19690,N485HA,280,1298202,LIH,1383002,OGG,1036,-9,1129,-3,4.030194512
6977,08/05/2018,19690,N475HA,281,1240203,ITO,1217305,HNL,1415,-7,1513,-4,4.030194512
6978,08/05/2018,19690,N491HA,283,1217305,HNL,1298202,LIH,1449,-1,1532,-2,4.030194512
6979,08/05/2018,19690,N495HA,287,1275804,KOA,1217305,HNL,1227,-3,1314,-4,4.030194512
6980,08/05/2018,19690,N480HA,291,1240203,ITO,1217305,HNL,1639,3,1734,4,4.030194512
6981,08/05/2018,19690,N492HA,297,1275804,KOA,1217305,HNL,1415,-1,1502,-3,4.030194512
6982,08/05/2018,19690,N486HA,298,1217305,HNL,1275804,KOA,1801,-4,1845,-8,4.030194512
6983,08/05/2018,19690,N493HA,303,1217305,HNL,1298202,LIH,812,-4,848,-9,4.030194512
6984,08/05/2018,19690,N479HA,304,1298202,LIH,1217305,HNL,1236,14,1312,15,0
6985,08/05/2018,19690,N483HA,305,1383002,OGG,1217305,HNL,834,-4,908,-7,4.030194512
6986,08/05/2018,19690,N483HA,306,1217305,HNL,1383002,OGG,726,-4,807,-3,4.030194512
6987,08/05/2018,19690,N495HA,307,1275804,KOA,1217305,HNL,2042,12,2130,15,0
6988,08/05/2018,19690,N495HA,308,1217305,HNL,1275804,KOA,1927,14,2016,16,0
6989,08/05/2018,19690,N492HA,311,1240203,ITO,1217305,HNL,1946,-1,2055,16,0
6990,08/05/2018,19690,N492HA,312,1217305,HNL,1240203,ITO,1828,3,1920,2,4.030194512
6991,08/05/2018,19690,N495HA,315,1383002,OGG,1217305,HNL,1818,18,1853,15,0
6992,08/05/2018,19690,N495HA,316,1217305,HNL,1383002,OGG,1701,11,1742,10,4.030194512
6993,08/05/2018,19690,N483HA,318,1217305,HNL,1275804,KOA,949,-4,1033,-8,4.030194512
6994,08/05/2018,19690,N488HA,323,1217305,HNL,1298202,LIH,2154,9,2236,10,4.030194512
6995,08/05/2018,19690,N488HA,324,1298202,LIH,1217305,HNL,2300,6,2338,8,4.030194512
6996,08/05/2018,19690,N489HA,325,1383002,OGG,1217305,HNL,1839,4,1920,7,4.030194512
6997,08/05/2018,19690,N488HA,326,1217305,HNL,1383002,OGG,1612,2,1650,-2,4.030194512
6998,08/05/2018,19690,N475HA,327,1275804,KOA,1217305,HNL,1710,-8,1801,-4,4.030194512
6999,08/05/2018,19690,N491HA,328,1217305,HNL,1275804,KOA,730,-5,813,-9,4.030194512
7000,08/05/2018,19690,N484HA,332,1217305,HNL,1240203,ITO,642,-15,732,-19,4.030194512
7001,08/05/2018,19690,N493HA,335,1383002,OGG,1217305,HNL,1532,2,1615,6,4.030194512
7002,08/05/2018,19690,N489HA,336,1217305,HNL,1383002,OGG,1506,0,1545,-5,4.030194512
7003,08/05/2018,19690,N479HA,337,1275804,KOA,1217305,HNL,818,1,902,-2,4.030194512
7004,08/05/2018,19690,N479HA,338,1217305,HNL,1275804,KOA,656,-4,741,-6,4.030194512
7005,08/05/2018,19690,N485HA,339,1383002,OGG,1298202,LIH,1158,-7,1247,-6,4.030194512
7006,08/05/2018,19690,N494HA,340,1383002,OGG,1275804,KOA,1415,27,1451,28,0
7007,08/05/2018,19690,N492HA,341,1240203,ITO,1217305,HNL,855,-5,943,-11,4.030194512
7008,08/05/2018,19690,N480HA,342,1217305,HNL,1240203,ITO,803,-7,855,-11,4.030194512
7009,08/05/2018,19690,N476HA,343,1217305,HNL,1298202,LIH,1256,-3,1334,-7,4.030194512
7010,08/05/2018,19690,N481HA,346,1217305,HNL,1383002,OGG,752,-7,828,-11,4.030194512
7011,08/05/2018,19690,N493HA,347,1275804,KOA,1217305,HNL,1811,-9,1856,-10,4.030194512
7012,08/05/2018,19690,N484HA,348,1217305,HNL,1275804,KOA,1722,-3,1807,-4,4.030194512
7013,08/05/2018,19690,N494HA,349,1275804,KOA,1383002,OGG,1517,22,1557,27,0
7014,08/05/2018,19690,N490HA,350,1298202,LIH,1383002,OGG,1531,1,1619,2,4.030194512
7015,08/05/2018,19690,N475HA,352,1217305,HNL,1240203,ITO,1253,-2,1353,0,4.030194512
7016,08/05/2018,19690,N481HA,354,1298202,LIH,1217305,HNL,1615,-7,1649,-8,4.030194512
7017,08/05/2018,19690,N489HA,355,1383002,OGG,1217305,HNL,1324,-10,1406,-9,4.030194512
7018,08/05/2018,19690,N477HA,356,1217305,HNL,1383002,OGG,1303,-2,1353,3,4.030194512
7019,08/05/2018,19690,N490HA,357,1275804,KOA,1217305,HNL,1258,107,1338,98,0
7020,08/05/2018,19690,N484HA,358,1217305,HNL,1275804,KOA,1057,21,1139,14,4.030194512
7021,08/05/2018,19690,N485HA,363,1217305,HNL,1298202,LIH,1743,-2,1820,-5,4.030194512
7022,08/05/2018,19690,N485HA,364,1298202,LIH,1217305,HNL,1847,-6,1929,1,4.030194512
7023,08/05/2018,19690,N488HA,365,1383002,OGG,1217305,HNL,1424,5,1505,5,4.030194512
7024,08/05/2018,19690,N491HA,367,1275804,KOA,1217305,HNL,837,-15,920,-19,4.030194512
7025,08/05/2018,19690,N489HA,368,1217305,HNL,1275804,KOA,907,-6,952,-9,4.030194512
7026,08/05/2018,19690,N479HA,373,1217305,HNL,1298202,LIH,1623,-7,1700,-11,4.030194512
7027,08/05/2018,19690,N486HA,374,1298202,LIH,1217305,HNL,1654,4,1728,3,4.030194512
7028,08/05/2018,19690,N479HA,375,1383002,OGG,1217305,HNL,1958,-4,2039,0,4.030194512
7029,08/05/2018,19690,N479HA,376,1217305,HNL,1383002,OGG,1849,-6,1926,-8,4.030194512
7030,08/05/2018,19690,N490HA,379,1383002,OGG,1298202,LIH,1649,4,1732,0,4.030194512
7031,08/05/2018,19690,N485HA,383,1217305,HNL,1298202,LIH,930,-5,1007,-10,4.030194512
7032,08/05/2018,19690,N479HA,384,1298202,LIH,1217305,HNL,1734,-6,1808,-7,4.030194512
7033,08/05/2018,19690,N492HA,385,1383002,OGG,1217305,HNL,1144,4,1222,1,4.030194512
7034,08/05/2018,19690,N476HA,386,1217305,HNL,1383002,OGG,1806,3,1844,2,4.030194512
7035,08/05/2018,19690,N485HA,388,1217305,HNL,1275804,KOA,1456,3,1542,-1,4.030194512
7036,08/05/2018,19690,N491HA,391,1240203,ITO,1217305,HNL,2035,9,2124,6,4.030194512
7037,08/05/2018,19690,N491HA,392,1217305,HNL,1240203,ITO,1913,11,2005,8,4.030194512
7038,08/05/2018,19690,N483HA,393,1217305,HNL,1298202,LIH,1748,26,1828,26,0
7039,08/05/2018,19690,N485HA,394,1298202,LIH,1217305,HNL,1318,-3,1357,0,4.030194512
7040,08/05/2018,19690,N486HA,395,1383002,OGG,1217305,HNL,1223,-2,1304,-1,4.030194512
7041,08/05/2018,19690,N494HA,396,1217305,HNL,1383002,OGG,1300,25,1347,27,0
7042,08/05/2018,19690,N481HA,397,1275804,KOA,1217305,HNL,2141,-10,2227,-8,4.030194512
7043,08/05/2018,19690,N481HA,398,1217305,HNL,1275804,KOA,2030,-5,2113,-8,4.030194512
7044,08/05/2018,19690,N491HA,500,1298202,LIH,1275804,KOA,1557,-5,1651,-6,4.030194512
7045,08/05/2018,19690,N492HA,503,1217305,HNL,1298202,LIH,1601,-4,1638,-8,4.030194512
7046,08/05/2018,19690,N492HA,504,1298202,LIH,1217305,HNL,1704,-11,1743,-7,4.030194512
7047,08/05/2018,19690,N480HA,506,1217305,HNL,1383002,OGG,1821,-4,1858,-6,4.030194512
7048,08/05/2018,19690,N495HA,508,1298202,LIH,1383002,OGG,827,-8,918,-6,4.030194512
7049,08/05/2018,19690,N483HA,514,1298202,LIH,1217305,HNL,1852,22,1934,29,0
7050,08/05/2018,19690,N495HA,515,1383002,OGG,1217305,HNL,2310,11,2346,10,4.030194512
7051,08/05/2018,19690,N495HA,516,1217305,HNL,1383002,OGG,2203,13,2247,16,0
7052,08/05/2018,19690,N486HA,517,1275804,KOA,1217305,HNL,1910,-13,1954,-16,4.030194512
7053,08/05/2018,19690,N477HA,523,1217305,HNL,1298202,LIH,1031,-4,1111,-7,4.030194512
7054,08/05/2018,19690,N477HA,524,1298202,LIH,1217305,HNL,1146,0,1223,1,4.030194512
7055,08/05/2018,19690,N483HA,525,1383002,OGG,1217305,HNL,1515,21,1559,24,0
7056,08/05/2018,19690,N488HA,526,1217305,HNL,1383002,OGG,901,-3,943,-4,4.030194512
7057,08/05/2018,19690,N485HA,533,1217305,HNL,1298202,LIH,656,-5,731,-11,4.030194512
7058,08/05/2018,19690,N488HA,535,1383002,OGG,1217305,HNL,1721,1,1802,4,4.030194512
7059,08/05/2018,19690,N487HA,536,1217305,HNL,1383002,OGG,1141,1,1222,-2,4.030194512
7060,08/05/2018,19690,N484HA,537,1275804,KOA,1217305,HNL,1839,-11,1935,-1,4.030194512
7061,08/05/2018,19690,N495HA,538,1217305,HNL,1275804,KOA,1107,-4,1152,-8,4.030194512
7062,08/05/2018,19690,N479HA,544,1298202,LIH,1217305,HNL,1503,-2,1539,-1,4.030194512
7063,08/05/2018,19690,N476HA,545,1383002,OGG,1217305,HNL,1914,4,1959,12,4.030194512
7064,08/05/2018,19690,N489HA,549,1275804,KOA,1217305,HNL,1035,4,1122,2,4.030194512
7065,08/05/2018,19690,N485HA,555,1383002,OGG,1217305,HNL,2158,5,2235,6,4.030194512
7066,08/05/2018,19690,N485HA,556,1217305,HNL,1383002,OGG,2048,3,2132,7,4.030194512
7067,08/05/2018,19690,N490HA,558,1217305,HNL,1275804,KOA,824,-9,908,-12,4.030194512
7068,08/05/2018,19690,N494HA,565,1383002,OGG,1217305,HNL,1626,26,1702,24,0
7069,08/05/2018,19690,N485HA,574,1298202,LIH,1217305,HNL,804,-6,837,-7,4.030194512
7070,08/05/2018,19690,N492HA,576,1217305,HNL,1383002,OGG,1026,-3,1104,-8,4.030194512
7071,08/05/2018,19690,N476HA,577,1275804,KOA,1217305,HNL,1638,-3,1717,-11,4.030194512
7072,08/05/2018,19690,N476HA,578,1217305,HNL,1275804,KOA,1520,-3,1607,-4,4.030194512
7073,08/05/2018,19690,N484HA,587,1275804,KOA,1217305,HNL,904,-11,948,-15,4.030194512
7074,08/05/2018,19690,N486HA,589,1275804,KOA,1298202,LIH,1527,-3,1626,4,4.030194512
7075,08/05/2018,19690,N491HA,590,1298202,LIH,1275804,KOA,1135,-3,1228,-5,4.030194512
7076,08/05/2018,19690,N481HA,591,1240203,ITO,1217305,HNL,1326,-6,1424,-3,4.030194512
7077,08/05/2018,19690,N481HA,592,1217305,HNL,1240203,ITO,1200,-5,1258,-5,4.030194512
7078,08/05/2018,19690,N483HA,599,1275804,KOA,1298202,LIH,1111,81,1205,83,0
7079,08/05/2018,20263,N806HC,610,1217305,HNL,1334702,MKK,642,-13,709,-16,4.030194512
7080,08/05/2018,20263,N806HC,611,1334702,MKK,1217305,HNL,755,4,821,2,4.030194512
7081,08/05/2018,20263,N806HC,612,1217305,HNL,1303402,LNY,843,-6,912,-11,4.030194512
7082,08/05/2018,20263,N806HC,613,1303402,LNY,1217305,HNL,932,-17,1002,-19,4.030194512
7083,08/05/2018,20263,N801HC,614,1217305,HNL,1334702,MKK,1439,-5,1511,-3,4.030194512
7084,08/05/2018,20263,N806HC,616,1217305,HNL,1303402,LNY,1610,50,1638,44,0
7085,08/05/2018,20263,N806HC,617,1303402,LNY,1217305,HNL,1713,53,1743,51,0
7086,08/05/2018,20263,N804HC,618,1217305,HNL,1334702,MKK,1945,143,2023,151,0
7087,08/05/2018,20263,N801HC,619,1334702,MKK,1217305,HNL,1548,8,1616,8,4.030194512
7088,08/05/2018,20263,N801HC,620,1217305,HNL,1249202,JHM,926,-10,1003,-14,4.030194512
7089,08/05/2018,20263,N801HC,621,1249202,JHM,1217305,HNL,830,0,857,-9,4.030194512
7090,08/05/2018,20263,N801HC,623,1303402,LNY,1217305,HNL,1951,5,2020,2,4.030194512
7091,08/05/2018,20263,N801HC,624,1217305,HNL,1303402,LNY,1901,15,1932,12,4.030194512
7092,08/05/2018,20263,N804HC,625,1334702,MKK,1217305,HNL,2110,172,2138,172,0
7093,08/05/2018,20263,N806HC,628,1217305,HNL,1303402,LNY,1321,3,1418,26,0
7094,08/05/2018,20263,N806HC,629,1303402,LNY,1217305,HNL,1444,26,1517,27,0
7095,08/05/2018,20263,N806HC,633,1303402,LNY,1217305,HNL,1156,-5,1228,-5,4.030194512
7096,08/05/2018,20263,N806HC,634,1217305,HNL,1303402,LNY,1050,-11,1119,-16,4.030194512
7097,08/05/2018,20263,N801HC,650,1217305,HNL,1249202,JHM,717,-8,753,-13,4.030194512
7098,08/05/2018,20263,N801HC,651,1249202,JHM,1217305,HNL,1031,-10,1106,-11,4.030194512
7099,08/05/2018,20263,N801HC,652,1217305,HNL,1249202,JHM,1211,-15,1248,-16,4.030194512
7100,08/05/2018,20263,N801HC,653,1249202,JHM,1217305,HNL,1320,-8,1356,-8,4.030194512
7101,08/05/2018,20263,N801HC,654,1217305,HNL,1249202,JHM,1642,4,1717,1,4.030194512
7102,08/05/2018,20263,N801HC,657,1249202,JHM,1217305,HNL,1739,-1,1828,12,4.030194512
7103,08/05/2018,20398,N240NN,3315,1299206,LIT,1393006,ORD,1214,0,1412,-2,4.030194512
7104,08/05/2018,20398,N922AE,3316,1015502,ACT,1129806,DFW,516,-6,611,-4,4.030194512
7105,08/05/2018,20398,N235NN,3317,1129806,DFW,1299206,LIT,1358,3,1510,2,4.030194512
7106,08/05/2018,20398,N235NN,3317,1299206,LIT,1129806,DFW,1539,-2,1655,-15,4.030194512
7107,08/05/2018,20398,N840AE,3318,1129806,DFW,1177801,FSM,1648,-7,1751,-9,4.030194512
7108,08/05/2018,20398,N840AE,3318,1177801,FSM,1129806,DFW,1817,-13,1919,-26,4.030194512
7109,08/05/2018,20398,N801AE,3319,1129806,DFW,1013603,ABI,2211,-4,2253,-8,4.030194512
7110,08/05/2018,20398,N844AE,3320,1232305,ILM,1295304,LGA,937,-4,1111,-24,4.030194512
7111,08/05/2018,20398,N257NN,3322,1126702,DAY,1129806,DFW,1041,-7,1200,-22,4.030194512
7112,08/05/2018,20398,N257NN,3322,1129806,DFW,1126702,DAY,649,-6,1002,-16,4.030194512
7113,08/05/2018,20398,N803AE,3323,1129806,DFW,1291503,LCH,1031,-9,1154,1,4.030194512
7114,08/05/2018,20398,N803AE,3323,1291503,LCH,1129806,DFW,1219,-2,1341,-4,4.030194512
7115,08/05/2018,20398,N225NN,3324,1129806,DFW,1419306,PNS,1033,-2,1219,-4,4.030194512
7116,08/05/2018,20398,N674RJ,3325,1330303,MIA,1524906,TLH,2226,41,2353,38,0
7117,08/05/2018,20398,N506AE,3326,1082106,BWI,1393006,ORD,1031,-7,1113,-47,4.030194512
7118,08/05/2018,20398,N506AE,3326,1393006,ORD,1082106,BWI,708,-7,957,-9,4.030194512
7119,08/05/2018,20398,N857AE,3327,1104205,CLE,1247805,JFK,714,-6,846,-18,4.030194512
7120,08/05/2018,20398,N535EA,3328,1393006,ORD,1412202,PIT,1227,-4,1515,14,4.030194512
7121,08/05/2018,20398,N535EA,3328,1412202,PIT,1393006,ORD,1543,12,1605,-9,4.030194512
7122,08/05/2018,20398,N668HH,3329,1393006,ORD,1468502,SAV,728,-11,1035,-11,4.030194512
7123,08/05/2018,20398,N668HH,3329,1468502,SAV,1393006,ORD,1105,-11,1219,-32,4.030194512
7124,08/05/2018,20398,N260NN,3330,1393006,ORD,1348602,MSO,1003,-1,1249,0,4.030194512
7125,08/05/2018,20398,N856AE,3331,1072804,BPT,1129806,DFW,1214,-7,1330,-14,4.030194512
7126,08/05/2018,20398,N856AE,3331,1129806,DFW,1072804,BPT,1030,-6,1141,-15,4.030194512
7127,08/05/2018,20398,N697AB,3332,1106606,CMH,1330303,MIA,1146,-4,1417,-17,4.030194512
7128,08/05/2018,20398,N697AB,3332,1330303,MIA,1106606,CMH,830,-9,1102,-23,4.030194512
7129,08/05/2018,20398,N523AE,3333,1393006,ORD,1385103,OKC,2153,93,2354,92,0
7130,08/05/2018,20398,N684JW,3334,1330303,MIA,1412202,PIT,1153,128,1436,131,0
7131,08/05/2018,20398,N684JW,3334,1412202,PIT,1330303,MIA,1516,127,1758,122,14
7132,08/05/2018,20398,N844AE,3336,1295304,LGA,1452401,RIC,1151,-9,1303,-32,4.030194512
7133,08/05/2018,20398,N844AE,3336,1452401,RIC,1295304,LGA,1355,-5,1511,-22,4.030194512
7134,08/05/2018,20398,N251NN,3337,1393006,ORD,1387102,OMA,2214,-6,2346,-6,4.030194512
7135,08/05/2018,20398,N222NS,3338,1387102,OMA,1393006,ORD,920,7,1101,2,4.030194512
7136,08/05/2018,20398,N222NS,3338,1393006,ORD,1387102,OMA,708,-2,836,-5,4.030194512
7137,08/05/2018,20398,N262NN,3339,1062003,BIL,1129806,DFW,1215,18,1551,8,4.030194512
7138,08/05/2018,20398,N262NN,3339,1129806,DFW,1062003,BIL,924,-1,1125,4,4.030194512
7139,08/05/2018,20398,N240NN,3340,1129806,DFW,1299206,LIT,1021,-9,1147,3,4.030194512
7140,08/05/2018,20398,N242NN,3341,1069302,BNA,1129806,DFW,1126,-13,1326,-19,4.030194512
7141,08/05/2018,20398,N242NN,3341,1129806,DFW,1069302,BNA,900,-5,1051,-12,4.030194512
7142,08/05/2018,20398,N918AE,3342,1043405,AVP,1393006,ORD,746,-4,848,-19,4.030194512
7143,08/05/2018,20398,N827AE,3343,1295304,LGA,1449202,RDU,746,-13,921,-22,4.030194512
7144,08/05/2018,20398,N827AE,3343,1449202,RDU,1295304,LGA,1035,-6,1222,-8,4.030194512
7145,08/05/2018,20398,N846AE,3344,1393102,ORF,1295304,LGA,911,3,1052,3,4.030194512
7146,08/05/2018,20398,N838AE,3345,1072804,BPT,1129806,DFW,1809,-6,1931,-8,4.030194512
7147,08/05/2018,20398,N838AE,3345,1129806,DFW,1072804,BPT,1632,-2,1743,-7,4.030194512
7148,08/05/2018,20398,N931AE,3346,1129806,DFW,1190502,GGG,2130,40,2219,39,0
7149,08/05/2018,20398,N224NN,3347,1084905,BZN,1393006,ORD,1304,5,1716,6,4.030194512
7150,08/05/2018,20398,N224NN,3347,1393006,ORD,1084905,BZN,952,-3,1236,22,0
7151,08/05/2018,20398,N642AE,3348,1393006,ORD,1026802,ALO,2046,-4,2249,52,0
7152,08/05/2018,20398,N837AE,3350,1129806,DFW,1337702,MLU,830,-9,929,-23,4.030194512
7153,08/05/2018,20398,N837AE,3350,1337702,MLU,1129806,DFW,1009,-8,1136,-14,4.030194512
7154,08/05/2018,20398,N681AE,3351,1393006,ORD,1504803,SUX,2044,-6,2241,15,0
7155,08/05/2018,20398,N538EG,3352,1079206,BUF,1393006,ORD,1137,-8,1227,-12,4.030194512
7156,08/05/2018,20398,N538EG,3352,1393006,ORD,1079206,BUF,841,-4,1107,-7,4.030194512
7157,08/05/2018,20398,N900AE,3353,1013603,ABI,1129806,DFW,503,-5,606,0,4.030194512
7158,08/05/2018,20398,N522AE,3355,1079206,BUF,1393006,ORD,1747,-8,1839,-12,4.030194512
7159,08/05/2018,20398,N522AE,3355,1393006,ORD,1079206,BUF,1449,-6,1710,-11,4.030194512
7160,08/05/2018,20398,N263NN,3357,1052906,BDL,1393006,ORD,831,-3,940,-35,4.030194512
7161,08/05/2018,20398,N251NN,3358,1039707,ATL,1393006,ORD,1506,-7,1600,-41,4.030194512
7162,08/05/2018,20398,N251NN,3358,1393006,ORD,1039707,ATL,1138,-2,1433,-9,4.030194512
7163,08/05/2018,20398,N656AE,3359,1468502,SAV,1330303,MIA,803,3,935,-3,4.030194512
7164,08/05/2018,20398,N664MS,3360,1393006,ORD,1478302,SGF,1005,-5,1151,6,4.030194512
7165,08/05/2018,20398,N243NN,3361,1069302,BNA,1393006,ORD,858,-10,1047,-12,4.030194512
7166,08/05/2018,20398,N243NN,3361,1393006,ORD,1069302,BNA,707,-3,830,-8,4.030194512
7167,08/05/2018,20398,N908AE,3362,1100303,CID,1393006,ORD,1116,-4,1222,-14,4.030194512
7168,08/05/2018,20398,N908AE,3362,1393006,ORD,1100303,CID,953,-2,1043,-12,4.030194512
7169,08/05/2018,20398,N507AE,3363,1393006,ORD,1452401,RIC,1452,-2,1750,5,4.030194512
7170,08/05/2018,20398,N507AE,3363,1452401,RIC,1393006,ORD,1816,-8,1923,-16,4.030194512
7171,08/05/2018,20398,N661JA,3364,1129806,DFW,1306106,LRD,2224,-6,2339,-4,4.030194512
7172,08/05/2018,20398,N224NN,3365,1393006,ORD,1430705,PVD,1838,-2,2151,-16,4.030194512
7173,08/05/2018,20398,N528EG,3366,1078502,BTV,1393006,ORD,1553,3,1717,-6,4.030194512
7174,08/05/2018,20398,N528EG,3366,1393006,ORD,1078502,BTV,1228,18,1520,1,4.030194512
7175,08/05/2018,20398,N671AE,3367,1330303,MIA,1393102,ORF,1457,-3,1711,-10,4.030194512
7176,08/05/2018,20398,N671AE,3367,1393102,ORF,1330303,MIA,1806,-7,2021,-18,4.030194512
7177,08/05/2018,20398,N685AE,3369,1046902,AZO,1393006,ORD,1057,-11,1044,-30,4.030194512
7178,08/05/2018,20398,N685AE,3369,1393006,ORD,1046902,AZO,840,-5,1018,-17,4.030194512
7179,08/05/2018,20398,N837AE,3370,1129806,DFW,1190502,GGG,1632,-8,1718,-9,4.030194512
7180,08/05/2018,20398,N837AE,3370,1190502,GGG,1129806,DFW,1740,-12,1832,-28,4.030194512
7181,08/05/2018,20398,N506AE,3372,1106606,CMH,1393006,ORD,603,1,608,-16,4.030194512
7182,08/05/2018,20398,N800AE,3373,1129806,DFW,1541105,TYR,1658,-8,1748,-2,4.030194512
7183,08/05/2018,20398,N800AE,3373,1541105,TYR,1129806,DFW,1811,-4,1904,-18,4.030194512
7184,08/05/2018,20398,N818AE,3374,1143302,DTW,1295304,LGA,954,-9,1145,-15,4.030194512
7185,08/05/2018,20398,N818AE,3374,1295304,LGA,1143302,DTW,735,0,922,-12,4.030194512
7186,08/05/2018,20398,N697AB,3375,1330303,MIA,1452401,RIC,2136,-4,1,-11,4.030194512
7187,08/05/2018,20398,N674RJ,3376,1099402,CHS,1330303,MIA,558,-2,752,9,4.030194512
7188,08/05/2018,20398,N223NN,3377,1299206,LIT,1129806,DFW,1233,16,1352,13,4.030194512
7189,08/05/2018,20398,N815AE,3378,1295304,LGA,1412202,PIT,2137,8,2300,0,4.030194512
7190,08/05/2018,20398,N933JN,3380,1059904,BHM,1330303,MIA,616,-8,909,-22,4.030194512
7191,08/05/2018,20398,N932AE,3382,1393006,ORD,1068502,BMI,1517,-3,1600,-7,4.030194512
7192,08/05/2018,20398,N236NN,3383,1129806,DFW,1299206,LIT,713,-7,827,-11,4.030194512
7193,08/05/2018,20398,N236NN,3383,1299206,LIT,1129806,DFW,906,-5,1011,-29,4.030194512
7194,08/05/2018,20398,N238NN,3384,1129806,DFW,1591904,XNA,2213,-2,2322,-2,4.030194512
7195,08/05/2018,20398,N694AE,3387,1120302,CWA,1393006,ORD,946,-10,1056,-19,4.030194512
7196,08/05/2018,20398,N694AE,3387,1393006,ORD,1120302,CWA,821,-4,916,-7,4.030194512
7197,08/05/2018,20398,N685AE,3388,1299206,LIT,1393006,ORD,1611,32,1806,27,0
7198,08/05/2018,20398,N685AE,3388,1393006,ORD,1299206,LIT,1354,33,1545,42,0
7199,08/05/2018,20398,N909AE,3389,1119302,CVG,1393006,ORD,1017,-9,1044,-5,4.030194512
7200,08/05/2018,20398,N909AE,3389,1393006,ORD,1119302,CVG,721,-3,921,-11,4.030194512
7201,08/05/2018,20398,N846AE,3390,1247805,JFK,1393102,ORF,1600,-5,1723,-21,4.030194512
7202,08/05/2018,20398,N846AE,3390,1393102,ORF,1247805,JFK,1821,-7,1934,-26,4.030194512
7203,08/05/2018,20398,N843AE,3391,1104205,CLE,1247805,JFK,1156,-4,1342,-3,4.030194512
7204,08/05/2018,20398,N849AE,3392,1233904,IND,1295304,LGA,1415,-11,1612,-25,4.030194512
7205,08/05/2018,20398,N849AE,3392,1295304,LGA,1233904,IND,1138,3,1339,-19,4.030194512
7206,08/05/2018,20398,N684JW,3393,1330303,MIA,1059904,BHM,2236,46,2333,41,0
7207,08/05/2018,20398,N931AE,3394,1129806,DFW,1327702,MGM,1019,-1,1205,-4,4.030194512
7208,08/05/2018,20398,N931AE,3394,1327702,MGM,1129806,DFW,1231,-3,1432,-6,4.030194512
7209,08/05/2018,20398,N245NN,3395,1027903,AMA,1129806,DFW,1758,-7,1915,-14,4.030194512
7210,08/05/2018,20398,N245NN,3395,1129806,DFW,1027903,AMA,1621,-4,1717,-18,4.030194512
7211,08/05/2018,20398,N900AE,3396,1129806,DFW,1251103,JLN,1021,-4,1152,12,4.030194512
7212,08/05/2018,20398,N900AE,3396,1251103,JLN,1129806,DFW,1216,8,1343,2,4.030194512
7213,08/05/2018,20398,N240NN,3397,1319801,MCI,1393006,ORD,1921,-6,2050,-20,4.030194512
7214,08/05/2018,20398,N240NN,3397,1393006,ORD,1319801,MCI,1655,-4,1813,-20,4.030194512
7215,08/05/2018,20398,N939AE,3399,1106606,CMH,1393006,ORD,1513,-2,1530,-14,4.030194512
7216,08/05/2018,20398,N939AE,3399,1393006,ORD,1106606,CMH,1211,-4,1419,-22,4.030194512
7217,08/05/2018,20398,N668HH,3401,1336705,MLI,1393006,ORD,548,-12,639,-25,4.030194512
7218,08/05/2018,20398,N542EA,3403,1104205,CLE,1393006,ORD,600,-1,624,-6,4.030194512
7219,08/05/2018,20398,N689EC,3404,1330303,MIA,1468502,SAV,2146,-4,2322,-7,4.030194512
7220,08/05/2018,20398,N676AE,3406,1120302,CWA,1393006,ORD,1628,-2,1745,-6,4.030194512
7221,08/05/2018,20398,N676AE,3406,1393006,ORD,1120302,CWA,1501,-4,1558,-7,4.030194512
7222,08/05/2018,20398,N681AE,3407,1079206,BUF,1393006,ORD,1456,-14,1539,-26,4.030194512
7223,08/05/2018,20398,N681AE,3407,1393006,ORD,1079206,BUF,1206,-4,1429,-16,4.030194512
7224,08/05/2018,20398,N222NS,3408,1393006,ORD,1104205,CLE,2223,8,40,11,4.030194512
7225,08/05/2018,20398,N679AE,3409,1288403,LAN,1393006,ORD,1550,9,1551,-1,4.030194512
7226,08/05/2018,20398,N679AE,3409,1393006,ORD,1288403,LAN,1320,-1,1529,13,4.030194512
7227,08/05/2018,20398,N247NN,3410,1430705,PVD,1393006,ORD,654,-6,815,-33,4.030194512
7228,08/05/2018,20398,N236NN,3413,1129806,DFW,1299206,LIT,1815,-5,1933,0,4.030194512
7229,08/05/2018,20398,N236NN,3413,1299206,LIT,1129806,DFW,1958,-6,2118,-12,4.030194512
7230,08/05/2018,20398,N820AE,3414,1295304,LGA,1538005,TVC,851,-14,1057,-42,4.030194512
7231,08/05/2018,20398,N820AE,3414,1538005,TVC,1295304,LGA,1152,-14,1340,-49,4.030194512
7232,08/05/2018,20398,N535EA,3415,1111105,COU,1393006,ORD,1009,-2,1123,-12,4.030194512
7233,08/05/2018,20398,N535EA,3415,1393006,ORD,1111105,COU,826,-4,929,-12,4.030194512
7234,08/05/2018,20398,N818AE,3416,1069302,BNA,1295304,LGA,1533,39,1836,12,4.030194512
7235,08/05/2018,20398,N818AE,3416,1295304,LGA,1069302,BNA,1256,4,1413,-16,4.030194512
7236,08/05/2018,20398,N258NN,3418,1163703,FAR,1129806,DFW,655,-2,951,11,4.030194512
7237,08/05/2018,20398,N236NN,3419,1299206,LIT,1129806,DFW,511,-7,617,-23,4.030194512
7238,08/05/2018,20398,N818AE,3420,1295304,LGA,1069302,BNA,2146,167,2300,147,0
7239,08/05/2018,20398,N815AE,3421,1143302,DTW,1295304,LGA,1428,21,1628,20,0
7240,08/05/2018,20398,N815AE,3421,1295304,LGA,1143302,DTW,1159,24,1345,3,4.030194512
7241,08/05/2018,20398,N826AE,3422,1393102,ORF,1105703,CLT,539,-4,652,-9,4.030194512
7242,08/05/2018,20398,N908AE,3423,1172105,FNT,1393006,ORD,1917,4,1926,-8,4.030194512
7243,08/05/2018,20398,N908AE,3423,1393006,ORD,1172105,FNT,1640,-4,1857,12,4.030194512
7244,08/05/2018,20398,N523AE,3424,1104205,CLE,1393006,ORD,1551,-7,1611,-19,4.030194512
7245,08/05/2018,20398,N523AE,3424,1393006,ORD,1104205,CLE,1256,-3,1503,-13,4.030194512
7246,08/05/2018,20398,N827AE,3425,1412202,PIT,1295304,LGA,555,1,709,-15,4.030194512
7247,08/05/2018,20398,N252NN,3426,1129806,DFW,1294503,LEX,1546,-4,1858,-2,4.030194512
7248,08/05/2018,20398,N252NN,3426,1294503,LEX,1129806,DFW,1924,-7,2043,-12,4.030194512
7249,08/05/2018,20398,N670AE,3427,1330303,MIA,1419306,PNS,1718,40,1755,30,0
7250,08/05/2018,20398,N833AE,3431,1295304,LGA,1106606,CMH,2102,37,2240,21,0
7251,08/05/2018,20398,N527EA,3432,1385103,OKC,1393006,ORD,1216,-1,1426,1,4.030194512
7252,08/05/2018,20398,N527EA,3432,1393006,ORD,1385103,OKC,949,-1,1139,-8,4.030194512
7253,08/05/2018,20398,N853AE,3433,1295304,LGA,1473003,SDF,2034,5,2248,-5,4.030194512
7254,08/05/2018,20398,N232NN,3435,1129806,DFW,1591904,XNA,1031,-4,1132,-17,4.030194512
7255,08/05/2018,20398,N232NN,3435,1591904,XNA,1129806,DFW,1208,-11,1323,-16,4.030194512
7256,08/05/2018,20398,N245NN,3436,1129806,DFW,1591904,XNA,2013,-2,2118,-12,4.030194512
7257,08/05/2018,20398,N900AE,3437,1015502,ACT,1129806,DFW,1839,-3,1945,5,4.030194512
7258,08/05/2018,20398,N900AE,3437,1129806,DFW,1015502,ACT,1737,-1,1814,-3,4.030194512
7259,08/05/2018,20398,N652RS,3438,1199603,GSP,1393006,ORD,1824,2,1918,-18,4.030194512
7260,08/05/2018,20398,N652RS,3438,1393006,ORD,1199603,GSP,1510,0,1753,-3,4.030194512
7261,08/05/2018,20398,N673AE,3439,1098002,CHA,1129806,DFW,1231,-4,1343,-7,4.030194512
7262,08/05/2018,20398,N673AE,3439,1129806,DFW,1098002,CHA,853,-7,1205,2,4.030194512
7263,08/05/2018,20398,N836AE,3440,1295304,LGA,1412202,PIT,1430,0,1553,-11,4.030194512
7264,08/05/2018,20398,N812AE,3441,1119302,CVG,1247805,JFK,1233,-8,1434,-14,4.030194512
7265,08/05/2018,20398,N908AE,3442,1106702,CMI,1393006,ORD,800,-1,856,-13,4.030194512
7266,08/05/2018,20398,N694AE,3443,1329002,MHK,1393006,ORD,538,-5,728,-1,4.030194512
7267,08/05/2018,20398,N529EA,3446,1393006,ORD,1294503,LEX,2048,-2,2333,27,0
7268,08/05/2018,20398,N222NS,3448,1161802,EWR,1393006,ORD,1545,3,1707,-27,4.030194512
7269,08/05/2018,20398,N222NS,3448,1393006,ORD,1161802,EWR,1155,-3,1516,7,4.030194512
7270,08/05/2018,20398,N680AE,3449,1129806,DFW,1106702,CMI,1830,-5,2032,-6,4.030194512
7271,08/05/2018,20398,N918AE,3452,1046902,AZO,1393006,ORD,1919,13,1921,8,4.030194512
7272,08/05/2018,20398,N918AE,3452,1393006,ORD,1046902,AZO,1712,22,1855,18,0
7273,08/05/2018,20398,N645AE,3453,1198603,GRR,1393006,ORD,1554,-2,1548,-15,4.030194512
7274,08/05/2018,20398,N645AE,3453,1393006,ORD,1198603,GRR,1325,-3,1526,5,4.030194512
7275,08/05/2018,20398,N856AE,3454,1013603,ABI,1129806,DFW,1839,9,1946,12,4.030194512
7276,08/05/2018,20398,N856AE,3454,1129806,DFW,1013603,ABI,1725,10,1815,11,4.030194512
7277,08/05/2018,20398,N251NN,3455,1142306,DSM,1393006,ORD,1956,9,2107,-8,4.030194512
7278,08/05/2018,20398,N251NN,3455,1393006,ORD,1142306,DSM,1723,-1,1841,1,4.030194512
7279,08/05/2018,20398,N644AE,3539,1478302,SGF,1129806,DFW,1536,-9,1702,-22,4.030194512
7280,08/05/2018,20398,N693AE,3540,1478302,SGF,1393006,ORD,604,-4,732,-18,4.030194512
7281,08/05/2018,20398,N685AE,3541,1393006,ORD,1120302,CWA,2211,-9,2316,-3,4.030194512
7282,08/05/2018,20398,N533AE,3542,1385103,OKC,1393006,ORD,1906,-11,2059,-26,4.030194512
7283,08/05/2018,20398,N533AE,3542,1393006,ORD,1385103,OKC,1633,-2,1816,-14,4.030194512
7284,08/05/2018,20398,N835AE,3543,1069302,BNA,1247805,JFK,745,-10,1111,-14,4.030194512
7285,08/05/2018,20398,N253NN,3544,1245102,JAX,1393006,ORD,1047,-3,1206,-28,4.030194512
7286,08/05/2018,20398,N253NN,3544,1393006,ORD,1245102,JAX,657,-3,1009,-11,4.030194512
7287,08/05/2018,20398,N807AE,3546,1295304,LGA,1457405,ROA,1131,-4,1258,-20,4.030194512
7288,08/05/2018,20398,N807AE,3546,1457405,ROA,1295304,LGA,1338,-5,1455,-35,4.030194512
7289,08/05/2018,20398,N678AE,3547,1026802,ALO,1393006,ORD,1314,-1,1427,-3,4.030194512
7290,08/05/2018,20398,N678AE,3547,1393006,ORD,1026802,ALO,1141,-4,1241,-8,4.030194512
7291,08/05/2018,20398,N808AE,3548,1478302,SGF,1129806,DFW,846,49,1013,38,0
7292,08/05/2018,20398,N846AE,3549,1105703,CLT,1393102,ORF,736,6,841,-1,4.030194512
7293,08/05/2018,20398,N810AE,3550,1295304,LGA,1232305,ILM,2010,11,2204,8,4.030194512
7294,08/05/2018,20398,N663AR,3552,1245102,JAX,1330303,MIA,954,-3,1109,-10,4.030194512
7295,08/05/2018,20398,N663AR,3552,1330303,MIA,1245102,JAX,805,-5,922,-3,4.030194512
7296,08/05/2018,20398,N248NN,3553,1082106,BWI,1393006,ORD,1507,-9,1552,-50,4.030194512
7297,08/05/2018,20398,N248NN,3553,1393006,ORD,1082106,BWI,1140,-5,1428,-18,4.030194512
7298,08/05/2018,20398,N923AE,3555,1306106,LRD,1129806,DFW,614,-12,733,-27,4.030194512
7299,08/05/2018,20398,N645AE,3556,1323002,MDT,1393006,ORD,1127,-6,1226,-19,4.030194512
7300,08/05/2018,20398,N645AE,3556,1393006,ORD,1323002,MDT,818,-3,1103,-1,4.030194512
7301,08/05/2018,20398,N824AE,3557,1129806,DFW,1540103,TXK,857,-3,948,-13,4.030194512
7302,08/05/2018,20398,N824AE,3557,1540103,TXK,1129806,DFW,1019,-10,1122,-19,4.030194512
7303,08/05/2018,20398,N909AE,3558,1172105,FNT,1393006,ORD,1400,-8,1413,-15,4.030194512
7304,08/05/2018,20398,N909AE,3558,1393006,ORD,1172105,FNT,1144,4,1337,-2,4.030194512
7305,08/05/2018,20398,N528EG,3559,1324402,MEM,1393006,ORD,546,-5,727,-18,4.030194512
7306,08/05/2018,20398,N810AE,3560,1295304,LGA,1449202,RDU,1450,-10,1618,-33,4.030194512
7307,08/05/2018,20398,N810AE,3560,1449202,RDU,1295304,LGA,1712,-8,1907,-6,4.030194512
7308,08/05/2018,20398,N253NN,3561,1393006,ORD,1299206,LIT,2047,-3,2244,4,4.030194512
7309,08/05/2018,20398,N836AE,3562,1072102,BOS,1412202,PIT,1844,-6,2039,-13,4.030194512
7310,08/05/2018,20398,N253NN,3563,1387102,OMA,1393006,ORD,1549,-10,1726,-23,4.030194512
7311,08/05/2018,20398,N253NN,3563,1393006,ORD,1387102,OMA,1352,-5,1510,-19,4.030194512
7312,08/05/2018,20398,N240NN,3564,1393006,ORD,1348502,MSN,2224,-1,2324,6,4.030194512
7313,08/05/2018,20398,N670AE,3565,1199502,GSO,1330303,MIA,716,-3,920,-9,4.030194512
7314,08/05/2018,20398,N263NN,3566,1039707,ATL,1393006,ORD,1919,4,2015,-27,4.030194512
7315,08/05/2018,20398,N263NN,3566,1393006,ORD,1039707,ATL,1519,-6,1840,8,4.030194512
7316,08/05/2018,20398,N230NN,3567,1387102,OMA,1393006,ORD,554,-3,725,-19,4.030194512
7317,08/05/2018,20398,N850AE,3568,1247805,JFK,1233904,IND,1455,-4,1707,-21,4.030194512
7318,08/05/2018,20398,N236NN,3569,1129806,DFW,1198202,GRK,2225,-5,2332,16,0
7319,08/05/2018,20398,N671AE,3570,1524906,TLH,1330303,MIA,612,-7,728,-18,4.030194512
7320,08/05/2018,20398,N836AE,3571,1496002,SPS,1129806,DFW,508,-12,551,-24,4.030194512
7321,08/05/2018,20398,N243NN,3573,1393006,ORD,1412202,PIT,2211,1,33,-4,4.030194512
7322,08/05/2018,20398,N677AE,3574,1129806,DFW,1306106,LRD,839,-6,952,-16,4.030194512
7323,08/05/2018,20398,N677AE,3574,1306106,LRD,1129806,DFW,1024,-11,1152,-18,4.030194512
7324,08/05/2018,20398,N804AE,3575,1069302,BNA,1295304,LGA,823,-5,1136,-16,4.030194512
7325,08/05/2018,20398,N536EA,3576,1393006,ORD,1591904,XNA,1328,-1,1503,-8,4.030194512
7326,08/05/2018,20398,N536EA,3576,1591904,XNA,1393006,ORD,1537,-7,1717,-22,4.030194512
7327,08/05/2018,20398,N657AE,3577,1106702,CMI,1393006,ORD,624,-6,736,1,4.030194512
7328,08/05/2018,20398,N248NN,3578,1393006,ORD,1591904,XNA,1739,6,1911,-8,4.030194512
7329,08/05/2018,20398,N671AE,3579,1330303,MIA,1195302,GNV,2153,-2,2315,1,4.030194512
7330,08/05/2018,20398,N817AE,3580,1105703,CLT,1199502,GSO,2025,0,2105,-9,4.030194512
7331,08/05/2018,20398,N230NN,3581,1198603,GRR,1393006,ORD,1917,3,1919,-5,4.030194512
7332,08/05/2018,20398,N230NN,3581,1393006,ORD,1198603,GRR,1646,-2,1849,5,4.030194512
7333,08/05/2018,20398,N221NN,3582,1348502,MSN,1129806,DFW,702,-3,908,-27,4.030194512
7334,08/05/2018,20398,N918AE,3584,1100303,CID,1393006,ORD,1536,46,1646,42,0
7335,08/05/2018,20398,N918AE,3584,1393006,ORD,1100303,CID,1329,4,1434,9,4.030194512
7336,08/05/2018,20398,N233NN,3585,1129806,DFW,1198202,GRK,938,29,1021,18,0
7337,08/05/2018,20398,N233NN,3585,1198202,GRK,1129806,DFW,1052,18,1149,11,4.030194512
7338,08/05/2018,20398,N693AE,3587,1119302,CVG,1393006,ORD,2036,-8,2043,-27,4.030194512
7339,08/05/2018,20398,N693AE,3587,1393006,ORD,1119302,CVG,1714,-6,1932,0,4.030194512
7340,08/05/2018,20398,N855AE,3588,1129806,DFW,1507402,SWO,2222,2,2335,14,4.030194512
7341,08/05/2018,20398,N668HH,3589,1329002,MHK,1393006,ORD,1534,-7,1723,-12,4.030194512
7342,08/05/2018,20398,N668HH,3589,1393006,ORD,1329002,MHK,1328,-7,1505,-9,4.030194512
7343,08/05/2018,20398,N255NN,3591,1393006,ORD,1245102,JAX,1930,61,2250,48,0
7344,08/05/2018,20398,N941LT,3592,1069302,BNA,1393006,ORD,1355,-8,1529,-27,4.030194512
7345,08/05/2018,20398,N941LT,3592,1393006,ORD,1069302,BNA,1157,-8,1326,-12,4.030194512
7346,08/05/2018,20398,N688AE,3593,1129806,DFW,1015502,ACT,2212,-3,2245,-4,4.030194512
7347,08/05/2018,20398,N223NN,3594,1509602,SYR,1393006,ORD,738,-9,858,-2,4.030194512
7348,08/05/2018,20398,N909AE,3595,1233904,IND,1393006,ORD,1728,-10,1728,-26,4.030194512
7349,08/05/2018,20398,N909AE,3595,1393006,ORD,1233904,IND,1501,-4,1653,-11,4.030194512
7350,08/05/2018,20398,N840AE,3596,1129806,DFW,1013603,ABI,2015,-5,2059,-10,4.030194512
7351,08/05/2018,20398,N645AE,3598,1100303,CID,1393006,ORD,555,-13,701,-19,4.030194512
7352,08/05/2018,20398,N939AE,3600,1040805,ATW,1393006,ORD,1751,-12,1854,-20,4.030194512
7353,08/05/2018,20398,N939AE,3600,1393006,ORD,1040805,ATW,1641,-4,1727,-10,4.030194512
7354,08/05/2018,20398,N941LT,3601,1046902,AZO,1393006,ORD,617,-3,615,-7,4.030194512
7355,08/05/2018,20398,N831AE,3602,1099005,CHO,1295304,LGA,1942,-12,2056,-33,4.030194512
7356,08/05/2018,20398,N657AE,3603,1059904,BHM,1393006,ORD,1456,-3,1649,-28,4.030194512
7357,08/05/2018,20398,N657AE,3603,1393006,ORD,1059904,BHM,1252,32,1432,20,0
7358,08/05/2018,20398,N830AE,3604,1295304,LGA,1099005,CHO,1717,-8,1828,-30,4.030194512
7359,08/05/2018,20398,N856AE,3606,1129806,DFW,1496002,SPS,1419,-6,1506,-10,4.030194512
7360,08/05/2018,20398,N856AE,3606,1496002,SPS,1129806,DFW,1535,-8,1620,-20,4.030194512
7361,08/05/2018,20398,N837AE,3607,1129806,DFW,1507402,SWO,1239,-6,1355,2,4.030194512
7362,08/05/2018,20398,N837AE,3607,1507402,SWO,1129806,DFW,1416,-6,1518,-11,4.030194512
7363,08/05/2018,20398,N246NN,3608,1126702,DAY,1129806,DFW,606,-2,730,-9,4.030194512
7364,08/05/2018,20398,N852AE,3610,1295304,LGA,1119302,CVG,1832,-8,2039,-20,4.030194512
7365,08/05/2018,20398,N228NN,3611,1393006,ORD,1537002,TUL,2052,-3,2237,-15,4.030194512
7366,08/05/2018,20398,N840AE,3612,1129806,DFW,1496002,SPS,904,-4,957,-9,4.030194512
7367,08/05/2018,20398,N840AE,3612,1496002,SPS,1129806,DFW,1024,-7,1113,-21,4.030194512
7368,08/05/2018,20398,N535EA,3613,1111105,COU,1393006,ORD,618,-6,735,-15,4.030194512
7369,08/05/2018,20398,N227NN,3614,1129806,DFW,1591904,XNA,835,-9,935,-23,4.030194512
7370,08/05/2018,20398,N227NN,3614,1591904,XNA,1129806,DFW,1021,-7,1134,-16,4.030194512
7371,08/05/2018,20398,N234JW,3615,1129806,DFW,1163703,FAR,1108,-2,1348,-5,4.030194512
7372,08/05/2018,20398,N234JW,3615,1163703,FAR,1129806,DFW,1435,-7,1708,-12,4.030194512
7373,08/05/2018,20398,N820AE,3616,1106606,CMH,1295304,LGA,624,-6,807,-12,4.030194512
7374,08/05/2018,20398,N835AE,3617,1247805,JFK,1449202,RDU,1301,55,1447,52,0
7375,08/05/2018,20398,N835AE,3617,1449202,RDU,1247805,JFK,1545,85,1728,79,0
7376,08/05/2018,20398,N902BC,3619,1199502,GSO,1393006,ORD,1816,5,1922,-2,4.030194512
7377,08/05/2018,20398,N902BC,3619,1393006,ORD,1199502,GSO,1507,12,1752,12,4.030194512
7378,08/05/2018,20398,N262NN,3620,1129806,DFW,1198202,GRK,1649,-1,1731,-9,4.030194512
7379,08/05/2018,20398,N262NN,3620,1198202,GRK,1129806,DFW,1815,-2,1903,-16,4.030194512
7380,08/05/2018,20398,N237NN,3621,1226603,IAH,1393006,ORD,1114,-5,1343,-22,4.030194512
7381,08/05/2018,20398,N237NN,3621,1393006,ORD,1226603,IAH,732,-2,959,-18,4.030194512
7382,08/05/2018,20398,N825AE,3622,1058102,BGR,1295304,LGA,915,0,1037,-20,4.030194512
7383,08/05/2018,20398,N825AE,3622,1295304,LGA,1058102,BGR,722,-3,847,-1,4.030194512
7384,08/05/2018,20398,N807AE,3623,1143302,DTW,1295304,LGA,1833,-11,2014,-30,4.030194512
7385,08/05/2018,20398,N807AE,3623,1295304,LGA,1143302,DTW,1605,-5,1750,-29,4.030194512
7386,08/05/2018,20398,N941LT,3626,1393006,ORD,1478302,SGF,2035,0,2156,-14,4.030194512
7387,08/05/2018,20398,N231AN,3627,1127805,DCA,1299206,LIT,1754,-6,1921,-22,4.030194512
7388,08/05/2018,20398,N675AE,3628,1129806,DFW,1291503,LCH,1430,-13,1539,-16,4.030194512
7389,08/05/2018,20398,N675AE,3628,1291503,LCH,1129806,DFW,1609,-11,1720,-25,4.030194512
7390,08/05/2018,20398,N226NN,3629,1129806,DFW,1481402,SHV,1227,-3,1334,4,4.030194512
7391,08/05/2018,20398,N226NN,3629,1481402,SHV,1129806,DFW,1412,-9,1517,-17,4.030194512
7392,08/05/2018,20398,N942LL,3630,1330303,MIA,1104205,CLE,2129,-1,18,-9,4.030194512
7393,08/05/2018,20398,N846AE,3631,1199502,GSO,1105703,CLT,549,0,632,-10,4.030194512
7394,08/05/2018,20398,N838AE,3632,1013603,ABI,1129806,DFW,847,6,941,-4,4.030194512
7395,08/05/2018,20398,N663AR,3633,1245102,JAX,1330303,MIA,621,-4,732,-14,4.030194512
7396,08/05/2018,20398,N852AE,3634,1393102,ORF,1295304,LGA,645,-3,803,-17,4.030194512
7397,08/05/2018,20398,N228NN,3636,1393006,ORD,1537002,TUL,954,-2,1202,10,4.030194512
7398,08/05/2018,20398,N228NN,3636,1537002,TUL,1393006,ORD,1233,11,1436,15,0
7399,08/05/2018,20398,N831AE,3637,1295304,LGA,1099005,CHO,1019,-11,1131,-32,4.030194512
7400,08/05/2018,20398,N942LL,3638,1119302,CVG,1330303,MIA,607,7,838,-1,4.030194512
7401,08/05/2018,20398,N527EA,3639,1432105,PWM,1393006,ORD,709,9,834,-21,4.030194512
7402,08/05/2018,20398,N668HH,3640,1198603,GRR,1393006,ORD,2051,-7,2058,-7,4.030194512
7403,08/05/2018,20398,N668HH,3640,1393006,ORD,1198603,GRR,1831,-4,2020,-10,4.030194512
7404,08/05/2018,20398,N928AE,3641,1127402,DBQ,1393006,ORD,1215,38,1303,18,0
7405,08/05/2018,20398,N928AE,3641,1393006,ORD,1127402,DBQ,1014,-6,1135,23,0
7406,08/05/2018,20398,N800AE,3642,1018502,AEX,1129806,DFW,1009,-14,1130,-20,4.030194512
7407,08/05/2018,20398,N800AE,3642,1129806,DFW,1018502,AEX,839,-6,942,-15,4.030194512
7408,08/05/2018,20398,N676AE,3643,1393006,ORD,1504803,SUX,1015,-10,1156,0,4.030194512
7409,08/05/2018,20398,N676AE,3643,1504803,SUX,1393006,ORD,1226,0,1408,-1,4.030194512
7410,08/05/2018,20398,N243NN,3644,1104205,CLE,1393006,ORD,2026,-2,2052,-13,4.030194512
7411,08/05/2018,20398,N243NN,3644,1393006,ORD,1104205,CLE,1657,-3,1916,-8,4.030194512
7412,08/05/2018,20398,N653AE,3645,1104205,CLE,1330303,MIA,1844,56,2150,63,0
7413,08/05/2018,20398,N653AE,3645,1330303,MIA,1104205,CLE,1458,43,1755,45,0
7414,08/05/2018,20398,N843AE,3646,1295304,LGA,1104205,CLE,2027,-8,2159,-22,4.030194512
7415,08/05/2018,20398,N680AE,3647,1013603,ABI,1129806,DFW,739,2,828,-12,4.030194512
7416,08/05/2018,20398,N543EA,3649,1430705,PVD,1393006,ORD,1612,-2,1737,-25,4.030194512
7417,08/05/2018,20398,N533AE,3651,1025702,ALB,1393006,ORD,649,-13,758,-31,4.030194512
7418,08/05/2018,20398,N841AE,3653,1247805,JFK,1412202,PIT,1532,0,1714,-9,4.030194512
7419,08/05/2018,20398,N644AE,3654,1163703,FAR,1393006,ORD,544,-10,734,-16,4.030194512
7420,08/05/2018,20398,N224NN,3656,1299206,LIT,1393006,ORD,650,-8,837,-22,4.030194512
7421,08/05/2018,20398,N694AE,3657,1198603,GRR,1393006,ORD,1419,-5,1412,-18,4.030194512
7422,08/05/2018,20398,N694AE,3657,1393006,ORD,1198603,GRR,1155,-8,1345,-14,4.030194512
7423,08/05/2018,20398,N845AE,3659,1295304,LGA,1473003,SDF,1232,-3,1501,-3,4.030194512
7424,08/05/2018,20398,N845AE,3659,1473003,SDF,1295304,LGA,1529,-4,1728,-20,4.030194512
7425,08/05/2018,20398,N922AE,3660,1478302,SGF,1393006,ORD,1238,-1,1416,-8,4.030194512
7426,08/05/2018,20398,N801AE,3661,1129806,DFW,1198202,GRK,1819,-6,1859,-14,4.030194512
7427,08/05/2018,20398,N801AE,3661,1198202,GRK,1129806,DFW,1941,-10,2042,-12,4.030194512
7428,08/05/2018,20398,N529EA,3662,1104205,CLE,1393006,ORD,1159,0,1219,-15,4.030194512
7429,08/05/2018,20398,N529EA,3662,1393006,ORD,1104205,CLE,906,-3,1122,-5,4.030194512
7430,08/05/2018,20398,N656AE,3663,1330303,MIA,1524906,TLH,1015,-10,1136,-12,4.030194512
7431,08/05/2018,20398,N656AE,3663,1524906,TLH,1330303,MIA,1214,-14,1341,-14,4.030194512
7432,08/05/2018,20398,N240NN,3664,1591904,XNA,1129806,DFW,758,-7,918,-12,4.030194512
7433,08/05/2018,20398,N812AE,3666,1247805,JFK,1104205,CLE,1525,-10,1715,-21,4.030194512
7434,08/05/2018,20398,N622AE,3667,1106702,CMI,1129806,DFW,752,52,952,32,0
7435,08/05/2018,20398,N933JN,3668,1330303,MIA,1245102,JAX,2133,-4,2258,-2,4.030194512
7436,08/05/2018,20398,N697AB,3670,1330303,MIA,1452401,RIC,1503,-7,1728,-8,4.030194512
7437,08/05/2018,20398,N697AB,3670,1452401,RIC,1330303,MIA,1801,-8,2027,-22,4.030194512
7438,08/05/2018,20398,N235NN,3671,1591904,XNA,1129806,DFW,617,-9,734,-18,4.030194512
7439,08/05/2018,20398,N657AE,3673,1393006,ORD,1288403,LAN,1901,-3,2056,-7,4.030194512
7440,08/05/2018,20398,N801AE,3674,1129806,DFW,1541105,TYR,1154,-16,1235,-18,4.030194512
7441,08/05/2018,20398,N801AE,3674,1541105,TYR,1129806,DFW,1308,-10,1408,-12,4.030194512
7442,08/05/2018,20398,N935AE,3676,1330303,MIA,1119302,CVG,2002,22,2238,17,0
7443,08/05/2018,20398,N933JN,3677,1104205,CLE,1330303,MIA,1340,-2,1631,-12,4.030194512
7444,08/05/2018,20398,N933JN,3677,1330303,MIA,1104205,CLE,1011,-7,1303,-7,4.030194512
7445,08/05/2018,20398,N644AE,3678,1393006,ORD,1478302,SGF,1330,-5,1502,-5,4.030194512
7446,08/05/2018,20398,N254NN,3679,1129806,DFW,1319801,MCI,1646,-4,1815,-13,4.030194512
7447,08/05/2018,20398,N254NN,3679,1319801,MCI,1129806,DFW,1850,-12,2011,-38,4.030194512
7448,08/05/2018,20398,N231AN,3680,1127805,DCA,1402702,PBI,1142,2,1407,-8,4.030194512
7449,08/05/2018,20398,N231AN,3680,1402702,PBI,1127805,DCA,1440,-5,1713,-2,4.030194512
7450,08/05/2018,20398,N667GB,3681,1129806,DFW,1484202,SJT,1654,6,1756,6,4.030194512
7451,08/05/2018,20398,N667GB,3681,1484202,SJT,1129806,DFW,1816,-1,1934,4,4.030194512
7452,08/05/2018,20398,N507AE,3682,1393102,ORF,1393006,ORD,747,-6,845,-35,4.030194512
7453,08/05/2018,20398,N543EA,3683,1393006,ORD,1079206,BUF,1854,-3,2129,3,4.030194512
7454,08/05/2018,20398,N696AE,3684,1129806,DFW,1244807,JAN,1206,-5,1324,-10,4.030194512
7455,08/05/2018,20398,N696AE,3684,1244807,JAN,1129806,DFW,1349,-11,1519,-25,4.030194512
7456,08/05/2018,20398,N260NN,3685,1393006,ORD,1509602,SYR,1916,-3,2207,0,4.030194512
7457,08/05/2018,20398,N843AE,3688,1119302,CVG,1295304,LGA,1732,-3,1938,-6,4.030194512
7458,08/05/2018,20398,N521AE,3689,1457606,ROC,1393006,ORD,731,0,808,-22,4.030194512
7459,08/05/2018,20398,N806AE,3690,1412202,PIT,1072102,BOS,919,198,1100,199,0
7460,08/05/2018,20398,N678AE,3692,1393006,ORD,1106702,CMI,1852,-6,1950,3,4.030194512
7461,08/05/2018,20398,N844AE,3693,1295304,LGA,1432105,PWM,1548,-17,1723,-9,4.030194512
7462,08/05/2018,20398,N844AE,3693,1432105,PWM,1295304,LGA,1748,-9,1903,-21,4.030194512
7463,08/05/2018,20398,N698CB,3694,1330303,MIA,1099402,CHS,2141,-4,2326,-6,4.030194512
7464,08/05/2018,20398,N668HH,3696,1393006,ORD,1106702,CMI,2225,115,2307,110,0
7465,08/05/2018,20398,N676AE,3699,1288403,LAN,1393006,ORD,857,-14,855,-30,4.030194512
7466,08/05/2018,20398,N239NN,3705,1348602,MSO,1129806,DFW,1232,-6,1659,-4,4.030194512
7467,08/05/2018,20398,N821AE,3706,1507402,SWO,1129806,DFW,626,-9,724,-18,4.030194512
7468,08/05/2018,20398,N246NN,3707,1119302,CVG,1393006,ORD,1156,12,1224,9,4.030194512
7469,08/05/2018,20398,N681AE,3711,1068502,BMI,1393006,ORD,626,-4,724,-7,4.030194512
7470,08/05/2018,20398,N825AE,3715,1129806,DFW,1496002,SPS,2256,36,2338,31,0
7471,08/05/2018,20398,N833AE,3716,1247805,JFK,1106606,CMH,1552,13,1807,23,0
7472,08/05/2018,20398,N696AE,3717,1129806,DFW,1072804,BPT,2045,-5,2201,-12,4.030194512
7473,08/05/2018,20398,N942LL,3721,1195302,GNV,1330303,MIA,1528,-6,1636,-14,4.030194512
7474,08/05/2018,20398,N942LL,3721,1330303,MIA,1195302,GNV,1352,-3,1500,-9,4.030194512
7475,08/05/2018,20398,N696AE,3722,1059904,BHM,1129806,DFW,925,0,1136,0,4.030194512
7476,08/05/2018,20398,N696AE,3722,1129806,DFW,1059904,BHM,704,-1,850,-10,4.030194512
7477,08/05/2018,20398,N812AE,3724,1295304,LGA,1119302,CVG,935,-5,1146,-14,4.030194512
7478,08/05/2018,20398,N255NN,3727,1233904,IND,1393006,ORD,715,-8,719,-20,4.030194512
7479,08/05/2018,20398,N831AE,3728,1105703,CLT,1222305,HTS,1423,-2,1523,-10,4.030194512
7480,08/05/2018,20398,N831AE,3728,1222305,HTS,1105703,CLT,1556,-2,1706,-16,4.030194512
7481,08/05/2018,20398,N696AE,3729,1129806,DFW,1289102,LAW,1649,-6,1752,5,4.030194512
7482,08/05/2018,20398,N696AE,3729,1289102,LAW,1129806,DFW,1811,-3,1903,-13,4.030194512
7483,08/05/2018,20398,N229NN,3730,1129806,DFW,1591904,XNA,1625,0,1731,-7,4.030194512
7484,08/05/2018,20398,N229NN,3730,1591904,XNA,1129806,DFW,1807,-1,1920,-11,4.030194512
7485,08/05/2018,20398,N694AE,3731,1393006,ORD,1199603,GSP,1859,-10,2145,-14,4.030194512
7486,08/05/2018,20398,N655AE,3732,1330303,MIA,1119302,CVG,1444,-5,1740,13,4.030194512
7487,08/05/2018,20398,N942LL,3733,1330303,MIA,1419306,PNS,913,-2,955,-4,4.030194512
7488,08/05/2018,20398,N942LL,3733,1419306,PNS,1330303,MIA,1027,-2,1306,-14,4.030194512
7489,08/05/2018,20398,N679AE,3735,1393006,ORD,1046902,AZO,2212,-3,2356,-3,4.030194512
7490,08/05/2018,20398,N693AE,3737,1393006,ORD,1068502,BMI,2208,-7,2251,-9,4.030194512
7491,08/05/2018,20398,N941LT,3738,1199502,GSO,1393006,ORD,1012,-6,1111,-19,4.030194512
7492,08/05/2018,20398,N941LT,3738,1393006,ORD,1199502,GSO,655,-10,940,-11,4.030194512
7493,08/05/2018,20398,N923AE,3739,1129806,DFW,1289102,LAW,849,-6,940,-9,4.030194512
7494,08/05/2018,20398,N923AE,3739,1289102,LAW,1129806,DFW,1018,3,1102,-15,4.030194512
7495,08/05/2018,20398,N850AE,3740,1295304,LGA,1233904,IND,903,-7,1107,-27,4.030194512
7496,08/05/2018,20398,N853AE,3741,1199502,GSO,1295304,LGA,1753,2,1930,-15,4.030194512
7497,08/05/2018,20398,N853AE,3741,1295304,LGA,1199502,GSO,1531,-4,1725,-1,4.030194512
7498,08/05/2018,20398,N255NN,3746,1099402,CHS,1393006,ORD,1158,-6,1306,-35,4.030194512
7499,08/05/2018,20398,N255NN,3746,1393006,ORD,1099402,CHS,809,-10,1131,-3,4.030194512
7500,08/05/2018,20398,N235NN,3747,1129806,DFW,1119302,CVG,1822,-3,2137,-5,4.030194512
7501,08/05/2018,20398,N817AE,3748,1105703,CLT,1478302,SGF,1325,-4,1435,-10,4.030194512
7502,08/05/2018,20398,N817AE,3748,1478302,SGF,1105703,CLT,1511,-4,1848,8,4.030194512
7503,08/05/2018,20398,N857AE,3749,1247805,JFK,1393102,ORF,1953,-7,2116,-25,4.030194512
7504,08/05/2018,20398,N816AE,3751,1295304,LGA,1104205,CLE,1820,-9,2001,-21,4.030194512
7505,08/05/2018,20398,N663AR,3754,1330303,MIA,1199502,GSO,1937,-8,2158,3,4.030194512
7506,08/05/2018,20398,N679AE,3755,1177502,FSD,1393006,ORD,1931,-9,2110,-15,4.030194512
7507,08/05/2018,20398,N679AE,3755,1393006,ORD,1177502,FSD,1706,-3,1844,-4,4.030194512
7508,08/05/2018,20398,N532EA,3757,1324402,MEM,1393006,ORD,1604,21,1756,13,4.030194512
7509,08/05/2018,20398,N532EA,3757,1393006,ORD,1324402,MEM,1332,-2,1529,16,0
7510,08/05/2018,20398,N256NN,3759,1591904,XNA,1393006,ORD,546,-14,734,-24,4.030194512
7511,08/05/2018,20398,N678AE,3760,1127402,DBQ,1393006,ORD,1618,-9,1717,-17,4.030194512
7512,08/05/2018,20398,N678AE,3760,1393006,ORD,1127402,DBQ,1502,-3,1553,-3,4.030194512
7513,08/05/2018,20398,N806AE,3761,1072102,BOS,1457606,ROC,1542,16,1658,1,4.030194512
7514,08/05/2018,20398,N806AE,3761,1457606,ROC,1072102,BOS,1731,9,1844,3,4.030194512
7515,08/05/2018,20398,N251NN,3762,1393006,ORD,1591904,XNA,658,-2,833,-10,4.030194512
7516,08/05/2018,20398,N251NN,3762,1591904,XNA,1393006,ORD,902,-11,1051,-16,4.030194512
7517,08/05/2018,20398,N652RS,3763,1069302,BNA,1393006,ORD,1228,6,1405,-10,4.030194512
7518,08/05/2018,20398,N652RS,3763,1393006,ORD,1069302,BNA,1015,-5,1202,14,4.030194512
7519,08/05/2018,20398,N664MS,3764,1119302,CVG,1393006,ORD,845,0,918,1,4.030194512
7520,08/05/2018,20398,N833AE,3765,1072102,BOS,1412202,PIT,1030,0,1209,-16,4.030194512
7521,08/05/2018,20398,N642AE,3766,1082106,BWI,1393006,ORD,1749,-2,1902,-17,4.030194512
7522,08/05/2018,20398,N664MS,3767,1129806,DFW,1478302,SGF,1429,-6,1546,-10,4.030194512
7523,08/05/2018,20398,N664MS,3768,1478302,SGF,1129806,DFW,1216,6,1357,14,4.030194512
7524,08/05/2018,20398,N675AE,3769,1015502,ACT,1129806,DFW,1256,-12,1343,-17,4.030194512
7525,08/05/2018,20398,N675AE,3769,1129806,DFW,1015502,ACT,1200,-5,1232,-10,4.030194512
7526,08/05/2018,20398,N830AE,3770,1295304,LGA,1412202,PIT,1253,-12,1412,-24,4.030194512
7527,08/05/2018,20398,N830AE,3770,1412202,PIT,1295304,LGA,1502,-1,1624,-15,4.030194512
7528,08/05/2018,20398,N254NN,3771,1127805,DCA,1419306,PNS,1136,6,1241,-7,4.030194512
7529,08/05/2018,20398,N242NN,3772,1129806,DFW,1126702,DAY,2036,1,2355,-2,4.030194512
7530,08/05/2018,20398,N812AE,3773,1104205,CLE,1295304,LGA,1749,-12,1933,-14,4.030194512
7531,08/05/2018,20398,N662EH,3775,1106606,CMH,1330303,MIA,710,9,949,4,4.030194512
7532,08/05/2018,20398,N250NN,3777,1129806,DFW,1294503,LEX,1241,-4,1553,-8,4.030194512
7533,08/05/2018,20398,N250NN,3777,1294503,LEX,1129806,DFW,1624,-7,1746,-10,4.030194512
7534,08/05/2018,20398,N238NN,3779,1129806,DFW,1348502,MSN,1428,1,1639,-2,4.030194512
7535,08/05/2018,20398,N238NN,3779,1348502,MSN,1129806,DFW,1717,6,1936,-4,4.030194512
7536,08/05/2018,20398,N531EG,3781,1385103,OKC,1393006,ORD,541,-1,744,-4,4.030194512
7537,08/05/2018,20398,N855AE,3783,1129806,DFW,1306106,LRD,1737,10,1853,10,4.030194512
7538,08/05/2018,20398,N855AE,3783,1306106,LRD,1129806,DFW,1910,-8,2057,5,4.030194512
7539,08/05/2018,20398,N858AE,3784,1327702,MGM,1129806,DFW,1009,252,1158,233,0
7540,08/05/2018,20398,N531EG,3785,1393006,ORD,1106606,CMH,1829,-1,2049,1,4.030194512
7541,08/05/2018,20398,N223NN,3786,1393006,ORD,1299206,LIT,954,-6,1140,-7,4.030194512
7542,08/05/2018,20397,N539EA,5471,1142306,DSM,1393006,ORD,1549,-4,1716,-6,4.030194512
7543,08/05/2018,20397,N539EA,5471,1393006,ORD,1142306,DSM,1328,-11,1447,-7,4.030194512
7544,08/05/2018,20397,N262PS,5472,1078105,BTR,1105703,CLT,1809,-10,2119,-13,4.030194512
7545,08/05/2018,20397,N262PS,5472,1105703,CLT,1078105,BTR,1628,-2,1734,-10,4.030194512
7546,08/05/2018,20397,N218PS,5473,1127805,DCA,1199603,GSP,1409,7,1539,8,4.030194512
7547,08/05/2018,20397,N218PS,5473,1199603,GSP,1127805,DCA,1642,-3,1830,11,4.030194512
7548,08/05/2018,20397,N592NN,5474,1329604,MHT,1105703,CLT,627,-4,844,-11,4.030194512
7549,08/05/2018,20397,N228PS,5475,1105703,CLT,1327702,MGM,2046,-3,2112,4,4.030194512
7550,08/05/2018,20397,N246PS,5477,1410005,PHL,1541205,TYS,1802,8,1941,-20,4.030194512
7551,08/05/2018,20397,N540EA,5478,1348502,MSN,1410005,PHL,604,-6,908,-22,4.030194512
7552,08/05/2018,20397,N712PS,5479,1078502,BTV,1105703,CLT,1848,132,2058,113,0
7553,08/05/2018,20397,N712PS,5479,1105703,CLT,1078502,BTV,1623,143,1814,132,0
7554,08/05/2018,20397,N245PS,5480,1126702,DAY,1295304,LGA,1114,-5,1251,-23,4.030194512
7555,08/05/2018,20397,N566NN,5482,1105703,CLT,1043405,AVP,2013,-2,2152,-4,4.030194512
7556,08/05/2018,20397,N563NN,5483,1105703,CLT,1232305,ILM,1958,-2,2045,-12,4.030194512
7557,08/05/2018,20397,N209PS,5484,1127805,DCA,1541205,TYS,2047,12,2219,9,4.030194512
7558,08/05/2018,20397,N575NN,5485,1387102,OMA,1105703,CLT,657,-8,1035,-8,4.030194512
7559,08/05/2018,20397,N517AE,5486,1199603,GSP,1410005,PHL,628,-3,808,-7,4.030194512
7560,08/05/2018,20397,N526EA,5488,1099005,CHO,1105703,CLT,1502,26,1602,10,4.030194512
7561,08/05/2018,20397,N526EA,5488,1105703,CLT,1099005,CHO,1319,18,1425,19,0
7562,08/05/2018,20397,N598NN,5489,1043105,AVL,1105703,CLT,729,-4,839,-12,4.030194512
7563,08/05/2018,20397,N583NN,5491,1105703,CLT,1106606,CMH,1553,-6,1705,-13,4.030194512
7564,08/05/2018,20397,N583NN,5491,1106606,CMH,1105703,CLT,1748,-1,1911,-9,4.030194512
7565,08/05/2018,20397,N572NN,5492,1104205,CLE,1105703,CLT,1659,2,1857,11,4.030194512
7566,08/05/2018,20397,N572NN,5492,1105703,CLT,1104205,CLE,1444,-1,1615,-6,4.030194512
7567,08/05/2018,20397,N213PS,5493,1105703,CLT,1222305,HTS,2004,4,2100,-7,4.030194512
7568,08/05/2018,20397,N526EA,5495,1087402,CAK,1105703,CLT,642,-1,820,0,4.030194512
7569,08/05/2018,20397,N595NN,5497,1125203,DAB,1105703,CLT,903,-3,1031,-15,4.030194512
7570,08/05/2018,20397,N530EA,5498,1105703,CLT,1294503,LEX,1554,-5,1657,-14,4.030194512
7571,08/05/2018,20397,N530EA,5498,1294503,LEX,1105703,CLT,1738,-3,1906,-5,4.030194512
7572,08/05/2018,20397,N568NN,5499,1105703,CLT,1086803,CAE,2029,-1,2103,-17,4.030194512
7573,08/05/2018,20397,N548NN,5500,1105703,CLT,1419306,PNS,1309,-3,1338,-15,4.030194512
7574,08/05/2018,20397,N548NN,5500,1419306,PNS,1105703,CLT,1419,-4,1659,-20,4.030194512
7575,08/05/2018,20397,N587NN,5501,1334207,MKE,1105703,CLT,547,-1,845,-9,4.030194512
7576,08/05/2018,20397,N502AE,5502,1233904,IND,1127805,DCA,1659,-4,1827,-15,4.030194512
7577,08/05/2018,20397,N260JS,5503,1295304,LGA,1126702,DAY,1825,5,2011,-17,4.030194512
7578,08/05/2018,20397,N719PS,5504,1105703,CLT,1294503,LEX,916,-3,1019,-11,4.030194512
7579,08/05/2018,20397,N719PS,5504,1294503,LEX,1105703,CLT,1052,-9,1218,-12,4.030194512
7580,08/05/2018,20397,N503AE,5507,1105703,CLT,1199603,GSP,2216,7,2259,8,4.030194512
7581,08/05/2018,20397,N242JS,5509,1327702,MGM,1105703,CLT,621,-3,853,-12,4.030194512
7582,08/05/2018,20397,N248PS,5510,1393102,ORF,1127805,DCA,1904,106,1959,99,0
7583,08/05/2018,20397,N705PS,5512,1127805,DCA,1233904,IND,1456,-3,1627,-12,4.030194512
7584,08/05/2018,20397,N513AE,5516,1105703,CLT,1226402,IAD,729,-1,840,-6,4.030194512
7585,08/05/2018,20397,N513AE,5516,1226402,IAD,1105703,CLT,911,-5,1034,-21,4.030194512
7586,08/05/2018,20397,N242JS,5519,1105703,CLT,1164102,FAY,2000,90,2039,75,0
7587,08/05/2018,20397,N242JS,5519,1164102,FAY,1105703,CLT,2054,65,2149,47,0
7588,08/05/2018,20397,N564NN,5521,1099402,CHS,1127805,DCA,1941,-4,2115,-3,4.030194512
7589,08/05/2018,20397,N591NN,5522,1105703,CLT,1387102,OMA,934,-6,1112,-10,4.030194512
7590,08/05/2018,20397,N591NN,5522,1387102,OMA,1105703,CLT,1147,-5,1529,-2,4.030194512
7591,08/05/2018,20397,N571NN,5523,1473003,SDF,1105703,CLT,647,-2,829,4,4.030194512
7592,08/05/2018,20397,N218PS,5524,1127805,DCA,1430705,PVD,958,-2,1115,-4,4.030194512
7593,08/05/2018,20397,N218PS,5524,1430705,PVD,1127805,DCA,1143,-1,1301,-14,4.030194512
7594,08/05/2018,20397,N565NN,5525,1105703,CLT,1468502,SAV,2246,26,2347,30,0
7595,08/05/2018,20397,N596NN,5526,1105703,CLT,1501606,STL,754,4,857,10,4.030194512
7596,08/05/2018,20397,N596NN,5526,1501606,STL,1105703,CLT,935,18,1226,10,4.030194512
7597,08/05/2018,20397,N565NN,5527,1127805,DCA,1143302,DTW,1258,9,1425,2,4.030194512
7598,08/05/2018,20397,N565NN,5527,1143302,DTW,1127805,DCA,1459,6,1642,12,4.030194512
7599,08/05/2018,20397,N564NN,5528,1059904,BHM,1127805,DCA,1016,1,1309,-4,4.030194512
7600,08/05/2018,20397,N564NN,5528,1127805,DCA,1059904,BHM,858,15,949,4,4.030194512
7601,08/05/2018,20397,N565NN,5529,1127805,DCA,1099402,CHS,1732,12,1858,0,4.030194512
7602,08/05/2018,20397,N705PS,5530,1127805,DCA,1473003,SDF,1009,-1,1231,36,0
7603,08/05/2018,20397,N705PS,5530,1473003,SDF,1127805,DCA,1305,36,1421,13,4.030194512
7604,08/05/2018,20397,N548NN,5531,1105703,CLT,1232305,ILM,1819,-1,1914,-9,4.030194512
7605,08/05/2018,20397,N548NN,5531,1232305,ILM,1105703,CLT,1953,-12,2109,-6,4.030194512
7606,08/05/2018,20397,N712PS,5533,1105703,CLT,1197302,GPT,2135,85,2218,80,0
7607,08/05/2018,20397,N588NN,5534,1105703,CLT,1468502,SAV,810,19,913,16,0
7608,08/05/2018,20397,N588NN,5534,1468502,SAV,1105703,CLT,943,7,1129,34,0
7609,08/05/2018,20397,N575NN,5535,1105703,CLT,1473003,SDF,1821,22,1948,19,0
7610,08/05/2018,20397,N575NN,5535,1473003,SDF,1105703,CLT,2018,4,2203,13,4.030194512
7611,08/05/2018,20397,N545PB,5536,1105703,CLT,1541205,TYS,2310,50,4,49,0
7612,08/05/2018,20397,N537EA,5538,1197302,GPT,1105703,CLT,712,-5,1014,-6,4.030194512
7613,08/05/2018,20397,N245PS,5541,1295304,LGA,1087402,CAK,1909,10,2025,-23,4.030194512
7614,08/05/2018,20397,N534EA,5543,1059904,BHM,1410005,PHL,1126,52,1421,31,0
7615,08/05/2018,20397,N534EA,5543,1410005,PHL,1059904,BHM,925,50,1031,29,0
7616,08/05/2018,20397,N551NN,5544,1105703,CLT,1104205,CLE,2038,13,2223,22,0
7617,08/05/2018,20397,N554NN,5545,1105703,CLT,1125203,DAB,1140,0,1310,2,4.030194512
7618,08/05/2018,20397,N706PS,5546,1393102,ORF,1410005,PHL,559,-1,654,-10,4.030194512
7619,08/05/2018,20397,N585NN,5547,1119302,CVG,1410005,PHL,1259,-5,1436,-9,4.030194512
7620,08/05/2018,20397,N585NN,5547,1410005,PHL,1119302,CVG,1037,2,1219,-14,4.030194512
7621,08/05/2018,20397,N221PS,5548,1105703,CLT,1379502,OAJ,728,-1,819,-4,4.030194512
7622,08/05/2018,20397,N221PS,5548,1379502,OAJ,1105703,CLT,847,-5,938,-42,4.030194512
7623,08/05/2018,20397,N572NN,5549,1105703,CLT,1468502,SAV,1953,3,2041,-5,4.030194512
7624,08/05/2018,20397,N248PS,5552,1126702,DAY,1105703,CLT,727,117,849,115,0
7625,08/05/2018,20397,N577NN,5553,1105703,CLT,1013505,ABE,2255,45,23,36,0
7626,08/05/2018,20397,N570NN,5554,1105703,CLT,1501606,STL,1445,-2,1538,-4,4.030194512
7627,08/05/2018,20397,N570NN,5554,1501606,STL,1105703,CLT,1611,-1,1913,3,4.030194512
7628,08/05/2018,20397,N250PS,5555,1025702,ALB,1410005,PHL,1354,-2,1458,-11,4.030194512
7629,08/05/2018,20397,N250PS,5555,1410005,PHL,1025702,ALB,1225,0,1324,-7,4.030194512
7630,08/05/2018,20397,N248PS,5556,1127805,DCA,1199502,GSO,2039,59,2152,63,0
7631,08/05/2018,20397,N564NN,5557,1127805,DCA,1430705,PVD,2216,-4,2334,-1,4.030194512
7632,08/05/2018,20397,N502AE,5559,1043105,AVL,1105703,CLT,855,-8,1012,-13,4.030194512
7633,08/05/2018,20397,N502AE,5559,1105703,CLT,1043105,AVL,738,-2,826,-4,4.030194512
7634,08/05/2018,20397,N551NN,5560,1105703,CLT,1323002,MDT,1131,1,1257,-7,4.030194512
7635,08/05/2018,20397,N551NN,5560,1323002,MDT,1105703,CLT,1515,100,1640,84,0
7636,08/05/2018,20397,N546FF,5562,1119302,CVG,1127805,DCA,1720,-4,1840,-20,4.030194512
7637,08/05/2018,20397,N546FF,5562,1127805,DCA,1119302,CVG,1503,3,1626,-7,4.030194512
7638,08/05/2018,20397,N500AE,5563,1199603,GSP,1410005,PHL,1250,131,1424,120,0
7639,08/05/2018,20397,N500AE,5563,1410005,PHL,1199603,GSP,1034,134,1209,122,0
7640,08/05/2018,20397,N579NN,5564,1105703,CLT,1562404,VPS,901,1,941,9,4.030194512
7641,08/05/2018,20397,N579NN,5564,1562404,VPS,1105703,CLT,1009,7,1249,3,4.030194512
7642,08/05/2018,20397,N228PS,5565,1222305,HTS,1105703,CLT,600,13,659,0,4.030194512
7643,08/05/2018,20397,N511AE,5567,1410005,PHL,1348502,MSN,1818,-2,1930,-35,4.030194512
7644,08/05/2018,20397,N251PS,5568,1126702,DAY,1105703,CLT,1203,-5,1322,-24,4.030194512
7645,08/05/2018,20397,N585NN,5570,1468502,SAV,1410005,PHL,739,-3,934,-7,4.030194512
7646,08/05/2018,20397,N570NN,5571,1105703,CLT,1324402,MEM,936,1,1016,-8,4.030194512
7647,08/05/2018,20397,N570NN,5571,1324402,MEM,1105703,CLT,1059,-6,1341,-17,4.030194512
7648,08/05/2018,20397,N590NN,5572,1104205,CLE,1105703,CLT,1201,-3,1343,-3,4.030194512
7649,08/05/2018,20397,N590NN,5572,1105703,CLT,1104205,CLE,950,0,1126,-5,4.030194512
7650,08/05/2018,20397,N518AE,5573,1105703,CLT,1473003,SDF,2224,-6,2359,2,4.030194512
7651,08/05/2018,20397,N560NN,5574,1199502,GSO,1105703,CLT,1740,12,1819,-17,4.030194512
7652,08/05/2018,20397,N583NN,5575,1164102,FAY,1105703,CLT,548,4,637,-3,4.030194512
7653,08/05/2018,20397,N229PS,5576,1105703,CLT,1087402,CAK,2246,36,26,50,0
7654,08/05/2018,20397,N590NN,5577,1468502,SAV,1105703,CLT,722,4,821,-12,4.030194512
7655,08/05/2018,20397,N248PS,5578,1105703,CLT,1164102,FAY,1304,4,1410,24,0
7656,08/05/2018,20397,N248PS,5578,1164102,FAY,1105703,CLT,1439,22,1615,50,0
7657,08/05/2018,20397,N519AE,5579,1105703,CLT,1164102,FAY,1959,-5,2037,-15,4.030194512
7658,08/05/2018,20397,N515AE,5580,1105703,CLT,1195302,GNV,2238,4,2348,-9,4.030194512
7659,08/05/2018,20397,N245PS,5581,1410005,PHL,1126702,DAY,852,-3,1037,-11,4.030194512
7660,08/05/2018,20397,N247JS,5582,1105703,CLT,1481402,SHV,1148,-7,1312,-11,4.030194512
7661,08/05/2018,20397,N247JS,5582,1481402,SHV,1105703,CLT,1343,-6,1658,-22,4.030194512
7662,08/05/2018,20397,N706PS,5583,1410005,PHL,1119302,CVG,1746,-3,1919,-32,4.030194512
7663,08/05/2018,20397,N720PS,5584,1524906,TLH,1105703,CLT,717,0,846,-4,4.030194512
7664,08/05/2018,20397,N215PS,5585,1105703,CLT,1481402,SHV,1918,58,2019,31,0
7665,08/05/2018,20397,N207PS,5586,1105703,CLT,1532305,TRI,1944,74,2026,58,0
7666,08/05/2018,20397,N530EA,5587,1105703,CLT,1379502,OAJ,2018,-2,2111,-5,4.030194512
7667,08/05/2018,20397,N505AE,5588,1105703,CLT,1043105,AVL,2235,-5,2320,-13,4.030194512
7668,08/05/2018,20397,N223JS,5589,1105703,CLT,1020803,AGS,2021,-4,2115,-3,4.030194512
7669,08/05/2018,20397,N567NN,5590,1105703,CLT,1100303,CID,2039,-1,2148,-6,4.030194512
7670,08/05/2018,20397,N588NN,5592,1105703,CLT,1299206,LIT,1222,27,1315,15,0
7671,08/05/2018,20397,N588NN,5592,1299206,LIT,1105703,CLT,1403,29,1700,15,0
7672,08/05/2018,20397,N723PS,5593,1348502,MSN,1410005,PHL,1240,-9,1546,-23,4.030194512
7673,08/05/2018,20397,N723PS,5593,1410005,PHL,1348502,MSN,1048,19,1151,-8,4.030194512
7674,08/05/2018,20397,N259PS,5594,1105703,CLT,1409803,PHF,2100,155,2209,146,0
7675,08/05/2018,20397,N259PS,5594,1409803,PHF,1105703,CLT,2232,143,2339,125,0
7676,08/05/2018,20397,N594NN,5595,1105703,CLT,1329604,MHT,1429,0,1632,2,4.030194512
7677,08/05/2018,20397,N594NN,5595,1329604,MHT,1105703,CLT,1726,23,1949,21,0
7678,08/05/2018,20397,N259PS,5596,1105703,CLT,1532305,TRI,8,118,59,122,0
7679,08/05/2018,20397,N514AE,5597,1127805,DCA,1524906,TLH,2131,91,2322,72,0
7680,08/05/2018,20397,N251PS,5598,1087402,CAK,1295304,LGA,710,-6,835,-18,4.030194512
7681,08/05/2018,20397,N709PS,5599,1127805,DCA,1468502,SAV,1932,-3,2106,-17,4.030194512
7682,08/05/2018,20397,N582NN,5601,1105703,CLT,1125203,DAB,1604,10,1722,7,4.030194512
7683,08/05/2018,20397,N582NN,5601,1125203,DAB,1105703,CLT,1809,24,1943,18,0
7684,08/05/2018,20397,N560NN,5605,1410005,PHL,1199502,GSO,1532,6,1701,3,4.030194512
7685,08/05/2018,20397,N257PS,5606,1105703,CLT,1219702,HPN,1450,5,1632,-10,4.030194512
7686,08/05/2018,20397,N546FF,5608,1127805,DCA,1199603,GSP,2004,4,2118,-13,4.030194512
7687,08/05/2018,20397,N703PS,5609,1164102,FAY,1105703,CLT,709,-8,802,-28,4.030194512
7688,08/05/2018,20397,N230PS,5610,1393102,ORF,1105703,CLT,1321,34,1435,20,0
7689,08/05/2018,20397,N591NN,5611,1099402,CHS,1105703,CLT,653,-2,804,-2,4.030194512
7690,08/05/2018,20397,N706PS,5614,1119302,CVG,1410005,PHL,1014,-4,1152,-8,4.030194512
7691,08/05/2018,20397,N706PS,5614,1410005,PHL,1119302,CVG,748,-6,921,-17,4.030194512
7692,08/05/2018,20397,N228PS,5615,1043105,AVL,1105703,CLT,1849,-9,1956,-10,4.030194512
7693,08/05/2018,20397,N228PS,5615,1105703,CLT,1043105,AVL,1633,3,1711,-16,4.030194512
7694,08/05/2018,20397,N595NN,5616,1105703,CLT,1334207,MKE,1155,-4,1258,-13,4.030194512
7695,08/05/2018,20397,N563NN,5303,1100303,CID,1105703,CLT,635,-9,947,-18,4.030194512
7696,08/05/2018,20397,N564NN,5304,1105703,CLT,1099402,CHS,1806,-3,1902,-7,4.030194512
7697,08/05/2018,20397,N218PS,5305,1127805,DCA,1087402,CAK,1939,-1,2044,-10,4.030194512
7698,08/05/2018,20397,N500AE,5306,1105703,CLT,1087402,CAK,1943,-1,2102,-6,4.030194512
7699,08/05/2018,20397,N577NN,5307,1099402,CHS,1105703,CLT,1632,37,1738,28,0
7700,08/05/2018,20397,N577NN,5307,1105703,CLT,1099402,CHS,1431,1,1527,2,4.030194512
7701,08/05/2018,20397,N573NN,5308,1105703,CLT,1591904,XNA,743,8,842,-7,4.030194512
7702,08/05/2018,20397,N573NN,5308,1591904,XNA,1105703,CLT,913,-6,1227,-6,4.030194512
7703,08/05/2018,20397,N249PS,5309,1098002,CHA,1127805,DCA,1226,5,1404,4,4.030194512
7704,08/05/2018,20397,N249PS,5309,1127805,DCA,1098002,CHA,853,-7,1038,-11,4.030194512
7705,08/05/2018,20397,N578NN,5310,1105703,CLT,1324402,MEM,1643,13,1721,-2,4.030194512
7706,08/05/2018,20397,N578NN,5310,1324402,MEM,1105703,CLT,1756,-8,2040,-14,4.030194512
7707,08/05/2018,20397,N716PS,5311,1105703,CLT,1357702,MYR,2241,389,2325,375,0
7708,08/05/2018,20397,N716PS,5311,1357702,MYR,1105703,CLT,2348,368,37,342,0
7709,08/05/2018,20397,N262PS,5312,1105703,CLT,1410803,PIA,1116,-3,1201,-15,4.030194512
7710,08/05/2018,20397,N262PS,5312,1410803,PIA,1105703,CLT,1237,-7,1538,-8,4.030194512
7711,08/05/2018,20397,N591NN,5313,1199502,GSO,1410005,PHL,1740,13,1851,-8,4.030194512
7712,08/05/2018,20397,N561NN,5314,1013505,ABE,1105703,CLT,1139,0,1336,-9,4.030194512
7713,08/05/2018,20397,N561NN,5314,1105703,CLT,1013505,ABE,926,1,1106,0,4.030194512
7714,08/05/2018,20397,N595NN,5315,1105703,CLT,1125203,DAB,1756,2,1922,1,4.030194512
7715,08/05/2018,20397,N526EA,5317,1105703,CLT,1226402,IAD,900,0,1014,0,4.030194512
7716,08/05/2018,20397,N526EA,5317,1226402,IAD,1105703,CLT,1111,26,1231,14,4.030194512
7717,08/05/2018,20397,N725PS,5319,1043105,AVL,1105703,CLT,1622,31,1722,18,0
7718,08/05/2018,20397,N725PS,5319,1105703,CLT,1043105,AVL,1509,37,1548,27,0
7719,08/05/2018,20397,N583NN,5320,1105703,CLT,1226402,IAD,1140,-5,1302,-8,4.030194512
7720,08/05/2018,20397,N583NN,5320,1226402,IAD,1105703,CLT,1335,-5,1455,-16,4.030194512
7721,08/05/2018,20397,N702PS,5321,1105703,CLT,1126702,DAY,1748,-3,1905,-13,4.030194512
7722,08/05/2018,20397,N702PS,5321,1126702,DAY,1105703,CLT,1948,-7,2113,-20,4.030194512
7723,08/05/2018,20397,N575NN,5323,1105703,CLT,1537002,TUL,1142,-3,1255,-18,4.030194512
7724,08/05/2018,20397,N575NN,5323,1537002,TUL,1105703,CLT,1337,-6,1701,-12,4.030194512
7725,08/05/2018,20397,N577NN,5324,1087402,CAK,1105703,CLT,1155,-1,1318,-17,4.030194512
7726,08/05/2018,20397,N577NN,5324,1105703,CLT,1087402,CAK,946,-4,1118,-8,4.030194512
7727,08/05/2018,20397,N518AE,5328,1105703,CLT,1591904,XNA,1633,13,1741,2,4.030194512
7728,08/05/2018,20397,N518AE,5328,1591904,XNA,1105703,CLT,1810,0,2125,0,4.030194512
7729,08/05/2018,20397,N599NN,5329,1105703,CLT,1195302,GNV,1603,-2,1723,-2,4.030194512
7730,08/05/2018,20397,N599NN,5329,1195302,GNV,1105703,CLT,1751,-5,1918,-12,4.030194512
7731,08/05/2018,20397,N509AE,5332,1059904,BHM,1105703,CLT,1909,26,2140,20,0
7732,08/05/2018,20397,N509AE,5332,1105703,CLT,1059904,BHM,1747,-2,1843,33,0
7733,08/05/2018,20397,N568NN,5333,1039707,ATL,1105703,CLT,1346,-2,1507,-7,4.030194512
7734,08/05/2018,20397,N568NN,5333,1105703,CLT,1039707,ATL,1158,3,1310,-4,4.030194512
7735,08/05/2018,20397,N505AE,5334,1105703,CLT,1498603,SRQ,744,-2,921,-12,4.030194512
7736,08/05/2018,20397,N505AE,5334,1498603,SRQ,1105703,CLT,955,-11,1144,-21,4.030194512
7737,08/05/2018,20397,N258PS,5337,1105703,CLT,1342202,MOB,947,2,1040,2,4.030194512
7738,08/05/2018,20397,N258PS,5337,1342202,MOB,1105703,CLT,1140,37,1408,14,4.030194512
7739,08/05/2018,20397,N259PS,5340,1105703,CLT,1313902,LYH,1254,6,1348,5,4.030194512
7740,08/05/2018,20397,N259PS,5340,1313902,LYH,1105703,CLT,1418,10,1531,11,4.030194512
7741,08/05/2018,20397,N202PS,5341,1114606,CRW,1105703,CLT,1211,-2,1330,-5,4.030194512
7742,08/05/2018,20397,N585NN,5342,1410005,PHL,1232305,ILM,1543,3,1708,-12,4.030194512
7743,08/05/2018,20397,N549NN,5343,1105703,CLT,1468502,SAV,916,-3,1019,2,4.030194512
7744,08/05/2018,20397,N549NN,5343,1468502,SAV,1105703,CLT,1041,-6,1202,-10,4.030194512
7745,08/05/2018,20397,N562NN,5344,1199603,GSP,1105703,CLT,558,-4,651,-7,4.030194512
7746,08/05/2018,20397,N553NN,5345,1105703,CLT,1385103,OKC,1122,-4,1245,-20,4.030194512
7747,08/05/2018,20397,N553NN,5345,1385103,OKC,1105703,CLT,1328,-11,1704,-16,4.030194512
7748,08/05/2018,20397,N598NN,5346,1105703,CLT,1106606,CMH,1423,3,1535,-5,4.030194512
7749,08/05/2018,20397,N598NN,5346,1106606,CMH,1105703,CLT,1619,9,1738,-3,4.030194512
7750,08/05/2018,20397,N226JS,5347,1020803,AGS,1105703,CLT,1946,296,2048,292,0
7751,08/05/2018,20397,N226JS,5347,1105703,CLT,1020803,AGS,1817,287,1914,289,0
7752,08/05/2018,20397,N508AE,5348,1043105,AVL,1105703,CLT,546,0,637,-7,4.030194512
7753,08/05/2018,20397,N519AE,5349,1105703,CLT,1199603,GSP,1256,1,1330,-9,4.030194512
7754,08/05/2018,20397,N519AE,5349,1199603,GSP,1105703,CLT,1416,1,1508,-12,4.030194512
7755,08/05/2018,20397,N574NN,5351,1105703,CLT,1125203,DAB,2226,-4,2345,-11,4.030194512
7756,08/05/2018,20397,N585NN,5352,1232305,ILM,1105703,CLT,1743,-8,1909,5,4.030194512
7757,08/05/2018,20397,N599NN,5353,1419306,PNS,1105703,CLT,558,-3,832,-13,4.030194512
7758,08/05/2018,20397,N516AE,5354,1039707,ATL,1105703,CLT,1825,39,1958,38,0
7759,08/05/2018,20397,N516AE,5354,1105703,CLT,1039707,ATL,1614,18,1756,42,0
7760,08/05/2018,20397,N216PS,5355,1069302,BNA,1127805,DCA,1302,-10,1540,-19,4.030194512
7761,08/05/2018,20397,N216PS,5355,1127805,DCA,1069302,BNA,1138,-2,1219,-14,4.030194512
7762,08/05/2018,20397,N580NN,5358,1105703,CLT,1357702,MYR,1543,74,1636,76,0
7763,08/05/2018,20397,N580NN,5358,1357702,MYR,1105703,CLT,1806,133,1907,119,0
7764,08/05/2018,20397,N202PS,5359,1244807,JAN,1127805,DCA,556,-4,918,-11,4.030194512
7765,08/05/2018,20397,N262PS,5360,1105703,CLT,1199603,GSP,739,-6,826,-9,4.030194512
7766,08/05/2018,20397,N262PS,5360,1199603,GSP,1105703,CLT,915,-12,1019,-18,4.030194512
7767,08/05/2018,20397,N600NN,5361,1105703,CLT,1126702,DAY,1141,-4,1259,-17,4.030194512
7768,08/05/2018,20397,N600NN,5361,1126702,DAY,1105703,CLT,1345,-5,1521,-4,4.030194512
7769,08/05/2018,20397,N597NN,5362,1105703,CLT,1323002,MDT,2035,15,2214,21,0
7770,08/05/2018,20397,N251PS,5367,1127805,DCA,1393102,ORF,1930,-5,2019,-10,4.030194512
7771,08/05/2018,20397,N574NN,5368,1099402,CHS,1105703,CLT,1132,12,1221,-11,4.030194512
7772,08/05/2018,20397,N574NN,5368,1105703,CLT,1099402,CHS,944,-1,1050,0,4.030194512
7773,08/05/2018,20397,N544AE,5369,1105703,CLT,1393102,ORF,1959,8,2104,5,4.030194512
7774,08/05/2018,20397,N553NN,5371,1087402,CAK,1105703,CLT,1949,5,2116,-4,4.030194512
7775,08/05/2018,20397,N553NN,5371,1105703,CLT,1087402,CAK,1747,1,1906,-8,4.030194512
7776,08/05/2018,20397,N502AE,5372,1195302,GNV,1105703,CLT,522,-2,640,-8,4.030194512
7777,08/05/2018,20397,N566NN,5373,1105703,CLT,1393102,ORF,919,-1,1021,-4,4.030194512
7778,08/05/2018,20397,N566NN,5373,1393102,ORF,1105703,CLT,1105,-2,1221,-10,4.030194512
7779,08/05/2018,20397,N563NN,5374,1105703,CLT,1412202,PIT,1512,-5,1631,-9,4.030194512
7780,08/05/2018,20397,N563NN,5374,1412202,PIT,1105703,CLT,1703,-9,1853,-2,4.030194512
7781,08/05/2018,20397,N202PS,5375,1127805,DCA,1114606,CRW,1004,-11,1105,-17,4.030194512
7782,08/05/2018,20397,N525EA,5376,1498603,SRQ,1105703,CLT,454,-11,635,-15,4.030194512
7783,08/05/2018,20397,N539EA,5377,1052906,BDL,1393006,ORD,1050,-4,1215,-19,4.030194512
7784,08/05/2018,20397,N539EA,5377,1393006,ORD,1052906,BDL,706,-9,1010,-9,4.030194512
7785,08/05/2018,20397,N245PS,5378,1106606,CMH,1295304,LGA,1617,-2,1837,25,0
7786,08/05/2018,20397,N245PS,5378,1295304,LGA,1106606,CMH,1357,-3,1528,-26,4.030194512
7787,08/05/2018,20397,N512AE,5379,1119302,CVG,1410005,PHL,1522,-7,1658,-16,4.030194512
7788,08/05/2018,20397,N512AE,5379,1410005,PHL,1119302,CVG,1310,-1,1442,-16,4.030194512
7789,08/05/2018,20397,N581NN,5380,1105703,CLT,1452401,RIC,1122,27,1227,29,0
7790,08/05/2018,20397,N581NN,5380,1452401,RIC,1105703,CLT,1252,23,1357,6,4.030194512
7791,08/05/2018,20397,N514AE,5381,1105703,CLT,1086803,CAE,1639,21,1730,19,0
7792,08/05/2018,20397,N581NN,5382,1105703,CLT,1498603,SRQ,2041,-4,2222,-2,4.030194512
7793,08/05/2018,20397,N596NN,5385,1105703,CLT,1357702,MYR,1341,32,1427,26,0
7794,08/05/2018,20397,N596NN,5385,1357702,MYR,1105703,CLT,1515,44,1633,48,0
7795,08/05/2018,20397,N505AE,5388,1161708,EWN,1105703,CLT,540,-2,644,-6,4.030194512
7796,08/05/2018,20397,N526EA,5390,1105703,CLT,1541205,TYS,1740,60,1829,44,0
7797,08/05/2018,20397,N526EA,5390,1541205,TYS,1105703,CLT,1909,54,2017,51,0
7798,08/05/2018,20397,N247JS,5392,1481402,SHV,1105703,CLT,711,-7,1030,-16,4.030194512
7799,08/05/2018,20397,N563NN,5393,1105703,CLT,1468502,SAV,1115,1,1212,-1,4.030194512
7800,08/05/2018,20397,N563NN,5393,1468502,SAV,1105703,CLT,1240,-7,1347,-16,4.030194512
7801,08/05/2018,20397,N512AE,5394,1410005,PHL,1199603,GSP,1753,-1,1942,-10,4.030194512
7802,08/05/2018,20397,N230PS,5395,1105703,CLT,1161206,EVV,2238,8,2318,11,4.030194512
7803,08/05/2018,20397,N570NN,5396,1105703,CLT,1126702,DAY,1956,-4,2108,-18,4.030194512
7804,08/05/2018,20397,N253PS,5397,1086803,CAE,1105703,CLT,2005,46,2103,42,13
7805,08/05/2018,20397,N253PS,5397,1105703,CLT,1086803,CAE,1821,22,1926,35,0
7806,08/05/2018,20397,N706PS,5398,1126702,DAY,1410005,PHL,1517,-12,1647,-22,4.030194512
7807,08/05/2018,20397,N706PS,5398,1410005,PHL,1126702,DAY,1303,-2,1425,-18,4.030194512
7808,08/05/2018,20397,N705PS,5399,1233904,IND,1105703,CLT,1701,-8,1859,-2,4.030194512
7809,08/05/2018,20397,N257PS,5401,1219702,HPN,1127805,DCA,1702,-8,1817,-20,4.030194512
7810,08/05/2018,20397,N562NN,5402,1105703,CLT,1445702,RAP,1137,-3,1328,19,0
7811,08/05/2018,20397,N562NN,5402,1445702,RAP,1105703,CLT,1414,26,1955,50,0
7812,08/05/2018,20397,N550NN,5404,1105703,CLT,1232305,ILM,1256,-3,1349,-4,4.030194512
7813,08/05/2018,20397,N550NN,5404,1232305,ILM,1105703,CLT,1425,-2,1542,-1,4.030194512
7814,08/05/2018,20397,N215PS,5410,1105703,CLT,1409205,PGV,754,4,854,1,4.030194512
7815,08/05/2018,20397,N215PS,5410,1409205,PGV,1105703,CLT,922,0,1025,-14,4.030194512
7816,08/05/2018,20397,N500AE,5417,1119302,CVG,1410005,PHL,805,134,955,141,0
7817,08/05/2018,20397,N251PS,5418,1105703,CLT,1126702,DAY,1449,-1,1613,-9,4.030194512
7818,08/05/2018,20397,N545PB,5419,1105703,CLT,1199502,GSO,1212,42,1252,36,0
7819,08/05/2018,20397,N545PB,5419,1199502,GSO,1105703,CLT,1315,28,1352,2,4.030194512
7820,08/05/2018,20397,N571NN,5420,1105703,CLT,1334207,MKE,911,-4,955,-21,4.030194512
7821,08/05/2018,20397,N571NN,5420,1334207,MKE,1105703,CLT,1034,-12,1335,-17,4.030194512
7822,08/05/2018,20397,N587NN,5421,1105703,CLT,1142306,DSM,957,7,1119,-1,4.030194512
7823,08/05/2018,20397,N587NN,5421,1142306,DSM,1105703,CLT,1226,32,1540,21,0
7824,08/05/2018,20397,N549NN,5422,1105703,CLT,1334207,MKE,2208,-3,2310,-4,4.030194512
7825,08/05/2018,20397,N261PS,5426,1087402,CAK,1105703,CLT,1510,-5,1631,-28,4.030194512
7826,08/05/2018,20397,N578NN,5429,1299206,LIT,1105703,CLT,711,-12,1026,-5,4.030194512
7827,08/05/2018,20397,N525EA,5431,1059904,BHM,1105703,CLT,929,-2,1216,5,4.030194512
7828,08/05/2018,20397,N525EA,5431,1105703,CLT,1059904,BHM,822,22,836,10,4.030194512
7829,08/05/2018,20397,N546FF,5434,1127805,DCA,1245102,JAX,932,-8,1137,0,4.030194512
7830,08/05/2018,20397,N546FF,5434,1245102,JAX,1127805,DCA,1217,-10,1418,-2,4.030194512
7831,08/05/2018,20397,N576NN,5435,1105703,CLT,1468502,SAV,1816,-4,1925,-1,4.030194512
7832,08/05/2018,20397,N576NN,5435,1468502,SAV,1105703,CLT,1954,-11,2111,-14,4.030194512
7833,08/05/2018,20397,N242JS,5436,1059904,BHM,1105703,CLT,1643,109,1915,100,0
7834,08/05/2018,20397,N242JS,5436,1105703,CLT,1059904,BHM,1558,107,1616,107,0
7835,08/05/2018,20397,N556NN,5437,1104205,CLE,1105703,CLT,538,11,701,1,4.030194512
7836,08/05/2018,20397,N588NN,5438,1105703,CLT,1226402,IAD,2225,0,2355,9,4.030194512
7837,08/05/2018,20397,N600NN,5439,1105703,CLT,1232305,ILM,1613,1,1702,-12,4.030194512
7838,08/05/2018,20397,N209PS,5440,1087402,CAK,1410005,PHL,822,-12,951,-3,4.030194512
7839,08/05/2018,20397,N509AE,5441,1105703,CLT,1473003,SDF,1313,-6,1433,-13,4.030194512
7840,08/05/2018,20397,N509AE,5441,1473003,SDF,1105703,CLT,1506,-10,1639,-21,4.030194512
7841,08/05/2018,20397,N559NN,5442,1104205,CLE,1105703,CLT,1955,-3,2132,-8,4.030194512
7842,08/05/2018,20397,N559NN,5442,1105703,CLT,1104205,CLE,1754,4,1919,-5,4.030194512
7843,08/05/2018,20397,N253PS,5443,1105703,CLT,1529502,TOL,2138,39,2313,39,0
7844,08/05/2018,20397,N578NN,5444,1105703,CLT,1498603,SRQ,1132,-3,1313,-8,4.030194512
7845,08/05/2018,20397,N578NN,5444,1498603,SRQ,1105703,CLT,1347,-7,1532,-15,4.030194512
7846,08/05/2018,20397,N709PS,5445,1119302,CVG,1127805,DCA,744,-5,901,-18,4.030194512
7847,08/05/2018,20397,N716PS,5446,1105703,CLT,1199603,GSP,111,312,141,297,0
7848,08/05/2018,20397,N248PS,5447,1105703,CLT,1393102,ORF,1739,169,1840,159,0
7849,08/05/2018,20397,N569NN,5448,1245102,JAX,1105703,CLT,640,-3,820,5,4.030194512
7850,08/05/2018,20397,N519AE,5449,1099005,CHO,1105703,CLT,543,0,658,12,4.030194512
7851,08/05/2018,20397,N260JS,5450,1126702,DAY,1295304,LGA,1528,-6,1707,-22,4.030194512
7852,08/05/2018,20397,N260JS,5450,1295304,LGA,1126702,DAY,1310,-1,1452,-16,4.030194512
7853,08/05/2018,20397,N244PS,5451,1105703,CLT,1410803,PIA,2204,94,2242,67,0
7854,08/05/2018,20397,N503AE,5452,1059904,BHM,1105703,CLT,726,-7,954,-21,4.030194512
7855,08/05/2018,20397,N600NN,5453,1357702,MYR,1105703,CLT,548,-9,648,-10,4.030194512
7856,08/05/2018,20397,N511AE,5454,1059904,BHM,1410005,PHL,1401,2,1706,-9,4.030194512
7857,08/05/2018,20397,N575NN,5455,1105703,CLT,1099005,CHO,2239,-1,2346,-2,4.030194512
7858,08/05/2018,20397,N718PS,5456,1126702,DAY,1393006,ORD,846,0,902,-8,4.030194512
7859,08/05/2018,20397,N249PS,5459,1025702,ALB,1127805,DCA,1703,-12,1837,-12,4.030194512
7860,08/05/2018,20397,N249PS,5459,1127805,DCA,1025702,ALB,1504,-5,1619,-12,4.030194512
7861,08/05/2018,20397,N508AE,5461,1105703,CLT,1409803,PHF,2329,59,29,47,0
7862,08/05/2018,20397,N525EA,5462,1099402,CHS,1127805,DCA,1430,1,1606,6,4.030194512
7863,08/05/2018,20397,N508AE,5462,1127805,DCA,1099402,CHS,1151,-9,1325,-12,4.030194512
7864,08/05/2018,20397,N705PS,5463,1105703,CLT,1419306,PNS,1943,123,2002,105,0
7865,08/05/2018,20397,N705PS,5463,1419306,PNS,1105703,CLT,2024,95,2251,72,0
7866,08/05/2018,20397,N241PS,5464,1541205,TYS,1410005,PHL,1523,-4,1711,-9,4.030194512
7867,08/05/2018,20397,N557NN,5465,1105703,CLT,1043105,AVL,2206,92,2241,77,0
7868,08/05/2018,20397,N261PS,5466,1126702,DAY,1410005,PHL,1032,-5,1203,-11,4.030194512
7869,08/05/2018,20397,N598NN,5468,1105703,CLT,1199502,GSO,1830,0,1938,16,0
7870,08/05/2018,20397,N598NN,5468,1199502,GSO,1105703,CLT,1959,-3,2056,-6,4.030194512
7871,08/05/2018,20397,N725PS,5470,1541205,TYS,1105703,CLT,524,-3,617,-13,4.030194512
7872,08/05/2018,20397,N259PS,5681,1342202,MOB,1105703,CLT,619,0,906,-9,4.030194512
7873,08/05/2018,20397,N512AE,5682,1501606,STL,1410005,PHL,852,-7,1156,-19,4.030194512
7874,08/05/2018,20397,N572NN,5683,1105703,CLT,1299206,LIT,913,-6,959,-14,4.030194512
7875,08/05/2018,20397,N572NN,5683,1299206,LIT,1105703,CLT,1057,-3,1404,-1,4.030194512
7876,08/05/2018,20397,N590NN,5684,1105703,CLT,1468502,SAV,1436,8,1544,18,0
7877,08/05/2018,20397,N590NN,5684,1468502,SAV,1105703,CLT,1622,26,1737,22,0
7878,08/05/2018,20397,N253PS,5685,1224402,HVN,1410005,PHL,1202,4,1253,-22,4.030194512
7879,08/05/2018,20397,N253PS,5685,1410005,PHL,1224402,HVN,1008,-2,1109,-19,4.030194512
7880,08/05/2018,20397,N579NN,5686,1105703,CLT,1299206,LIT,2231,-4,2333,-6,4.030194512
7881,08/05/2018,20397,N540EA,5687,1410005,PHL,1126702,DAY,1943,-6,2116,-15,4.030194512
7882,08/05/2018,20397,N576NN,5688,1105703,CLT,1164102,FAY,2230,6,2308,-4,4.030194512
7883,08/05/2018,20397,N253PS,5689,1410005,PHL,1114606,CRW,1402,-3,1527,1,4.030194512
7884,08/05/2018,20397,N561NN,5690,1105703,CLT,1348502,MSN,1427,0,1525,-8,4.030194512
7885,08/05/2018,20397,N561NN,5690,1348502,MSN,1105703,CLT,1601,-2,1908,-11,4.030194512
7886,08/05/2018,20397,N251PS,5691,1295304,LGA,1126702,DAY,930,1,1058,-37,4.030194512
7887,08/05/2018,20397,N534EA,5692,1410005,PHL,1393102,ORF,2042,-3,2156,0,4.030194512
7888,08/05/2018,20397,N501AE,5693,1199603,GSP,1410005,PHL,1535,-5,1718,-12,4.030194512
7889,08/05/2018,20397,N590NN,5694,1105703,CLT,1393102,ORF,1817,22,1929,23,0
7890,08/05/2018,20397,N590NN,5694,1393102,ORF,1105703,CLT,1959,15,2128,18,0
7891,08/05/2018,20397,N229PS,5695,1105703,CLT,1327702,MGM,1440,-2,1458,-7,4.030194512
7892,08/05/2018,20397,N229PS,5695,1327702,MGM,1105703,CLT,1523,-7,1817,5,4.030194512
7893,08/05/2018,20397,N593NN,5696,1105703,CLT,1562404,VPS,2242,2,2309,-10,4.030194512
7894,08/05/2018,20397,N259PS,5697,1086803,CAE,1105703,CLT,1108,-8,1216,-4,4.030194512
7895,08/05/2018,20397,N259PS,5697,1105703,CLT,1086803,CAE,954,-1,1040,-11,4.030194512
7896,08/05/2018,20397,N261PS,5698,1105703,CLT,1409205,PGV,1747,-13,1843,-19,4.030194512
7897,08/05/2018,20397,N223JS,5699,1105703,CLT,1409205,PGV,1634,27,1728,22,0
7898,08/05/2018,20397,N223JS,5699,1409205,PGV,1105703,CLT,1756,18,1907,6,4.030194512
7899,08/05/2018,20397,N598NN,5700,1105703,CLT,1329604,MHT,2205,-4,1,-9,4.030194512
7900,08/05/2018,20397,N553NN,5702,1323002,MDT,1105703,CLT,814,-8,941,-29,4.030194512
7901,08/05/2018,20397,N511AE,5703,1105703,CLT,1059904,BHM,1314,6,1332,3,4.030194512
7902,08/05/2018,20397,N574NN,5704,1105703,CLT,1119302,CVG,1806,16,1928,14,4.030194512
7903,08/05/2018,20397,N574NN,5704,1119302,CVG,1105703,CLT,2000,10,2128,-2,4.030194512
7904,08/05/2018,20397,N220PS,5706,1509602,SYR,1127805,DCA,625,-2,736,-14,4.030194512
7905,08/05/2018,20397,N718PS,5707,1324402,MEM,1393006,ORD,1237,13,1417,-2,4.030194512
7906,08/05/2018,20397,N718PS,5707,1393006,ORD,1324402,MEM,1013,-2,1158,4,4.030194512
7907,08/05/2018,20397,N586NN,5708,1226402,IAD,1105703,CLT,506,-6,629,-2,4.030194512
7908,08/05/2018,20397,N588NN,5709,1105703,CLT,1562404,VPS,1751,6,1815,-6,4.030194512
7909,08/05/2018,20397,N588NN,5709,1562404,VPS,1105703,CLT,1851,0,2133,-3,4.030194512
7910,08/05/2018,20304,N435SW,2950,1182304,FWA,1393006,ORD,614,-7,555,-29,4.030194512
7911,08/05/2018,20304,N877AS,2951,1393006,ORD,1182304,FWA,1930,26,2127,27,0
7912,08/05/2018,20304,N776SK,2952,1142306,DSM,1393006,ORD,1408,-10,1531,-14,4.030194512
7913,08/05/2018,20304,N776SK,2952,1393006,ORD,1142306,DSM,1208,-7,1330,-9,4.030194512
7914,08/05/2018,20304,N701SK,2953,1161802,EWR,1393006,ORD,1058,2,1232,-3,4.030194512
7915,08/05/2018,20304,N701SK,2953,1393006,ORD,1161802,EWR,711,1,1015,-5,4.030194512
7916,08/05/2018,20304,N715SK,2954,1537603,TUS,1289208,LAX,636,-9,848,6,4.030194512
7917,08/05/2018,20304,N746SK,2957,1163807,FAT,1289208,LAX,1605,-4,1728,0,4.030194512
7918,08/05/2018,20304,N746SK,2957,1289208,LAX,1163807,FAT,1435,10,1531,-1,4.030194512
7919,08/05/2018,20304,N748SK,2958,1169502,FLG,1410702,PHX,1808,-6,1900,-18,4.030194512
7920,08/05/2018,20304,N748SK,2958,1410702,PHX,1169502,FLG,1647,-5,1742,3,4.030194512
7921,08/05/2018,20304,N738SK,2959,1452401,RIC,1393006,ORD,639,-3,733,-22,4.030194512
7922,08/05/2018,20304,N703SK,2960,1289208,LAX,1467903,SAN,755,-5,854,-2,4.030194512
7923,08/05/2018,20304,N703SK,2960,1467903,SAN,1289208,LAX,922,-11,1032,0,4.030194512
7924,08/05/2018,20304,N710SK,2961,1393006,ORD,1069302,BNA,2203,-2,2338,4,4.030194512
7925,08/05/2018,20304,N712SK,2962,1393006,ORD,1087402,CAK,1853,2,2143,31,0
7926,08/05/2018,20304,N703SK,2963,1289208,LAX,1486903,SLC,1117,-6,1420,5,4.030194512
7927,08/05/2018,20304,N703SK,2963,1486903,SLC,1289208,LAX,1447,-1,1539,-9,4.030194512
7928,08/05/2018,20304,N776SK,2964,1393006,ORD,1110902,COS,2043,18,2238,33,0
7929,08/05/2018,20304,N705SK,2967,1621801,YUM,1410702,PHX,542,-8,633,-12,4.030194512
7930,08/05/2018,20304,N716SK,2968,1393006,ORD,1040805,ATW,2051,-4,2147,-5,4.030194512
7931,08/05/2018,20304,N740SK,2969,1056103,BFL,1410702,PHX,1206,-9,1341,-14,4.030194512
7932,08/05/2018,20304,N740SK,2969,1410702,PHX,1056103,BFL,959,-5,1142,1,4.030194512
7933,08/05/2018,20304,N751EV,2970,1129806,DFW,1538005,TVC,1118,8,1456,1,4.030194512
7934,08/05/2018,20304,N751EV,2970,1538005,TVC,1129806,DFW,1728,92,1919,84,0
7935,08/05/2018,20304,N708SK,2971,1448902,RDM,1289208,LAX,555,-5,835,11,4.030194512
7936,08/05/2018,20304,N716SK,2972,1199603,GSP,1393006,ORD,1009,-7,1058,-28,4.030194512
7937,08/05/2018,20304,N716SK,2972,1393006,ORD,1199603,GSP,656,-2,944,-2,4.030194512
7938,08/05/2018,20304,N877AS,2973,1393006,ORD,1393102,ORF,654,-5,1015,5,4.030194512
7939,08/05/2018,20304,N877AS,2973,1393102,ORF,1393006,ORD,1040,0,1144,-26,4.030194512
7940,08/05/2018,20304,N740SK,2974,1163807,FAT,1410702,PHX,607,-3,747,-5,4.030194512
7941,08/05/2018,20304,N752SK,2975,1142306,DSM,1393006,ORD,925,1,1054,5,4.030194512
7942,08/05/2018,20304,N752SK,2975,1393006,ORD,1142306,DSM,717,-3,825,-11,4.030194512
7943,08/05/2018,20304,N718SK,2976,1087402,CAK,1393006,ORD,1243,-7,1259,-24,4.030194512
7944,08/05/2018,20304,N718SK,2976,1393006,ORD,1087402,CAK,956,-4,1213,-7,4.030194512
7945,08/05/2018,20304,N701SK,2977,1069302,BNA,1393006,ORD,1926,-3,2109,-11,4.030194512
7946,08/05/2018,20304,N701SK,2977,1393006,ORD,1069302,BNA,1711,17,1855,30,0
7947,08/05/2018,20304,N748SK,2978,1410702,PHX,1621801,YUM,843,-5,947,-9,4.030194512
7948,08/05/2018,20304,N748SK,2978,1621801,YUM,1410702,PHX,1031,4,1115,-11,4.030194512
7949,08/05/2018,20304,N732SK,2979,1197705,GRB,1393006,ORD,1831,16,1939,10,4.030194512
7950,08/05/2018,20304,N732SK,2979,1393006,ORD,1197705,GRB,1717,32,1807,24,0
7951,08/05/2018,20304,N726SK,2980,1129806,DFW,1541205,TYS,2033,-2,2348,0,4.030194512
7952,08/05/2018,20304,N716SK,2981,1143302,DTW,1393006,ORD,549,-2,555,-20,4.030194512
7953,08/05/2018,20304,N713SK,2982,1410702,PHX,1448902,RDM,2012,-7,2241,-3,4.030194512
7954,08/05/2018,20304,N705SK,2983,1192102,GJT,1410702,PHX,1505,-5,1533,-23,4.030194512
7955,08/05/2018,20304,N705SK,2983,1410702,PHX,1192102,GJT,1207,-5,1425,-12,4.030194512
7956,08/05/2018,20304,N745SK,2984,1393006,ORD,1143302,DTW,1822,-2,2044,-3,4.030194512
7957,08/05/2018,20304,N705SK,2985,1410702,PHX,1621801,YUM,2152,-3,2239,-6,4.030194512
7958,08/05/2018,20304,N752SK,2986,1323002,MDT,1393006,ORD,1831,8,1912,-25,4.030194512
7959,08/05/2018,20304,N752SK,2986,1393006,ORD,1323002,MDT,1513,13,1752,3,4.030194512
7960,08/05/2018,20304,N715SK,2988,1410702,PHX,1621801,YUM,1539,19,1624,12,4.030194512
7961,08/05/2018,20304,N715SK,2988,1621801,YUM,1410702,PHX,1658,9,1747,0,4.030194512
7962,08/05/2018,20304,N862AS,2989,1393006,ORD,1529502,TOL,908,33,1113,35,0
7963,08/05/2018,20304,N862AS,2989,1529502,TOL,1393006,ORD,1136,32,1137,16,0
7964,08/05/2018,20304,N492SW,2990,1098002,CHA,1393006,ORD,1508,3,1553,-16,4.030194512
7965,08/05/2018,20304,N492SW,2990,1393006,ORD,1098002,CHA,1158,2,1445,5,4.030194512
7966,08/05/2018,20304,N752SK,2991,1393006,ORD,1473003,SDF,2108,28,2329,30,0
7967,08/05/2018,20304,N751SK,2993,1393006,ORD,1307605,LSE,2037,-3,2155,6,4.030194512
7968,08/05/2018,20304,N713SK,2994,1169502,FLG,1410702,PHX,1025,-12,1114,-15,4.030194512
7969,08/05/2018,20304,N713SK,2994,1410702,PHX,1169502,FLG,846,-4,943,-8,4.030194512
7970,08/05/2018,20304,N746SK,2995,1289208,LAX,1244102,JAC,1809,-11,2101,-29,4.030194512
7971,08/05/2018,20304,N702SK,2996,1289208,LAX,1160302,EUG,2254,164,56,155,0
7972,08/05/2018,20304,N755SK,2998,1143302,DTW,1393006,ORD,1043,-4,1051,-23,4.030194512
7973,08/05/2018,20304,N755SK,2998,1393006,ORD,1143302,DTW,746,21,1007,25,0
7974,08/05/2018,20304,N435SW,2999,1393006,ORD,1410803,PIA,40,240,139,242,0
7975,08/05/2018,20304,N728SK,3001,1100303,CID,1393006,ORD,2014,20,2115,5,4.030194512
7976,08/05/2018,20304,N728SK,3001,1393006,ORD,1100303,CID,1738,-2,1833,-11,4.030194512
7977,08/05/2018,20304,N745SK,3002,1104205,CLE,1393006,ORD,1019,-8,1034,-30,4.030194512
7978,08/05/2018,20304,N745SK,3002,1393006,ORD,1104205,CLE,710,-5,925,-9,4.030194512
7979,08/05/2018,20304,N776SK,3003,1486903,SLC,1393006,ORD,719,-5,1124,-21,4.030194512
7980,08/05/2018,20304,N417SW,3004,1177502,FSD,1393006,ORD,1222,4,1414,4,4.030194512
7981,08/05/2018,20304,N417SW,3004,1393006,ORD,1177502,FSD,1002,-8,1145,-8,4.030194512
7982,08/05/2018,20304,N758SK,3005,1087402,CAK,1393006,ORD,555,-5,613,-17,4.030194512
7983,08/05/2018,20304,N726SK,3006,1069302,BNA,1393006,ORD,1040,-4,1218,-22,4.030194512
7984,08/05/2018,20304,N703SK,3007,1289208,LAX,1467903,SAN,1633,-7,1725,-5,4.030194512
7985,08/05/2018,20304,N703SK,3007,1467903,SAN,1289208,LAX,1753,-13,1843,-21,4.030194512
7986,08/05/2018,20304,N435SW,3008,1393006,ORD,1473003,SDF,813,-3,1045,10,4.030194512
7987,08/05/2018,20304,N435SW,3008,1473003,SDF,1393006,ORD,1110,9,1134,-2,4.030194512
7988,08/05/2018,20304,N716SK,3009,1294503,LEX,1393006,ORD,1918,29,1937,8,4.030194512
7989,08/05/2018,20304,N716SK,3009,1393006,ORD,1294503,LEX,1632,31,1844,28,0
7990,08/05/2018,20304,N709SK,3010,1410702,PHX,1056103,BFL,2004,-8,2132,-8,4.030194512
7991,08/05/2018,20304,N492SW,3011,1177502,FSD,1393006,ORD,558,-1,811,23,0
7992,08/05/2018,20304,N712SK,3012,1393006,ORD,1463303,RST,810,-4,921,-5,4.030194512
7993,08/05/2018,20304,N712SK,3012,1463303,RST,1393006,ORD,952,-4,1104,-13,4.030194512
7994,08/05/2018,20304,N423SW,3013,1410803,PIA,1393006,ORD,606,-10,705,-20,4.030194512
7995,08/05/2018,20304,N864AS,3015,1393006,ORD,1161206,EVV,2215,-5,2332,0,4.030194512
7996,08/05/2018,20304,N955SW,3016,1393006,ORD,1463303,RST,1347,37,1526,61,0
7997,08/05/2018,20304,N955SW,3016,1463303,RST,1393006,ORD,1547,57,1701,45,0
7998,08/05/2018,20304,N753SK,3017,1219702,HPN,1393006,ORD,657,-7,805,-39,4.030194512
7999,08/05/2018,20304,N726SK,3018,1393006,ORD,1037205,ASE,1327,-4,1517,-5,4.030194512
8000,08/05/2018,20304,N712SK,3019,1219702,HPN,1393006,ORD,1620,-10,1740,-31,4.030194512
8001,08/05/2018,20304,N712SK,3019,1393006,ORD,1219702,HPN,1243,-2,1548,-3,4.030194512
8002,08/05/2018,20304,N719SK,3020,1393006,ORD,1323002,MDT,1910,-4,2159,1,4.030194512
8003,08/05/2018,20304,N710SK,3021,1126702,DAY,1393006,ORD,1906,-9,1917,-21,4.030194512
8004,08/05/2018,20304,N710SK,3021,1393006,ORD,1126702,DAY,1634,-1,1838,-4,4.030194512
8005,08/05/2018,20304,N464SW,3023,1348502,MSN,1393006,ORD,1236,1112,1341,1111,0
8006,08/05/2018,20304,N492SW,3023,1393006,ORD,1348502,MSN,1641,-2,1743,5,4.030194512
8007,08/05/2018,20304,N730SK,3024,1289208,LAX,1486903,SLC,1856,-4,2135,-13,4.030194512
8008,08/05/2018,20304,N710SK,3025,1393006,ORD,1541205,TYS,1141,-3,1416,-2,4.030194512
8009,08/05/2018,20304,N710SK,3025,1541205,TYS,1393006,ORD,1443,-8,1527,-20,4.030194512
8010,08/05/2018,20304,N909EV,3027,1087402,CAK,1393006,ORD,1501,-8,1544,-3,4.030194512
8011,08/05/2018,20304,N909EV,3027,1393006,ORD,1087402,CAK,1210,-5,1427,-15,4.030194512
8012,08/05/2018,20304,N753SK,3028,1221702,HSV,1393006,ORD,1040,3,1230,-14,4.030194512
8013,08/05/2018,20304,N753SK,3028,1393006,ORD,1221702,HSV,840,16,1009,5,4.030194512
8014,08/05/2018,20304,N909EV,3029,1393006,ORD,1463303,RST,1747,-8,1859,-11,4.030194512
8015,08/05/2018,20304,N909EV,3029,1463303,RST,1393006,ORD,1940,-12,2057,-23,4.030194512
8016,08/05/2018,20304,N423SW,3031,1126702,DAY,1393006,ORD,1057,-8,1059,-35,4.030194512
8017,08/05/2018,20304,N423SW,3031,1393006,ORD,1126702,DAY,822,-6,1028,-12,4.030194512
8018,08/05/2018,20304,N709SK,3034,1289208,LAX,1448902,RDM,1011,51,1219,49,0
8019,08/05/2018,20304,N464SW,3035,1393006,ORD,1098002,CHA,1843,-2,2126,-3,4.030194512
8020,08/05/2018,20304,N755SK,3036,1069302,BNA,1393006,ORD,457,-3,624,-19,4.030194512
8021,08/05/2018,20304,N751SK,3037,1040805,ATW,1393006,ORD,1311,-8,1426,-4,4.030194512
8022,08/05/2018,20304,N751SK,3037,1393006,ORD,1040805,ATW,1136,-9,1233,-7,4.030194512
8023,08/05/2018,20304,N750SK,3038,1056103,BFL,1410702,PHX,551,-10,712,-26,4.030194512
8024,08/05/2018,20304,N750SK,3041,1244102,JAC,1410702,PHX,1147,-7,1307,3,4.030194512
8025,08/05/2018,20304,N750SK,3041,1410702,PHX,1244102,JAC,815,-5,1116,-8,4.030194512
8026,08/05/2018,20304,N864AS,3042,1393006,ORD,1591904,XNA,1645,88,1822,69,0
8027,08/05/2018,20304,N864AS,3042,1591904,XNA,1393006,ORD,1844,70,2027,53,0
8028,08/05/2018,20304,N709SK,3043,1448902,RDM,1410702,PHX,1257,56,1515,46,0
8029,08/05/2018,20304,N732SK,3044,1110902,COS,1393006,ORD,1316,56,1640,43,0
8030,08/05/2018,20304,N732SK,3044,1393006,ORD,1110902,COS,1037,27,1242,52,0
8031,08/05/2018,20304,N754SK,3045,1393006,ORD,1219702,HPN,1841,-4,2208,13,4.030194512
8032,08/05/2018,20304,N703SK,3046,1289208,LAX,1537603,TUS,1951,-9,2119,-9,4.030194512
8033,08/05/2018,20304,N744SK,3047,1040805,ATW,1393006,ORD,514,-7,609,-16,4.030194512
8034,08/05/2018,20304,N417SW,3048,1348502,MSN,1393006,ORD,2128,67,2226,61,61
8035,08/05/2018,20304,N417SW,3048,1393006,ORD,1348502,MSN,1857,2,1942,-8,4.030194512
8036,08/05/2018,20304,N753SK,3049,1393006,ORD,1541205,TYS,2159,-11,28,-14,4.030194512
8037,08/05/2018,20304,N751EV,3050,1129806,DFW,1182304,FWA,1954,79,2312,67,0
8038,08/05/2018,20304,N732SK,3052,1233904,IND,1393006,ORD,944,14,941,-6,4.030194512
8039,08/05/2018,20304,N732SK,3052,1393006,ORD,1233904,IND,716,17,919,19,0
8040,08/05/2018,20304,N955SW,3053,1393006,ORD,1197705,GRB,2027,-2,2116,-13,4.030194512
8041,08/05/2018,20304,N748SK,3054,1410702,PHX,1163807,FAT,2011,-6,2137,-18,4.030194512
8042,08/05/2018,20304,N713SK,3055,1410702,PHX,1426204,PSP,1643,-2,1741,-7,4.030194512
8043,08/05/2018,20304,N713SK,3055,1426204,PSP,1410702,PHX,1804,-14,1916,-17,4.030194512
8044,08/05/2018,20304,N710SK,3056,1323002,MDT,1393006,ORD,734,-10,829,-26,4.030194512
8045,08/05/2018,20304,N707SK,3057,1307605,LSE,1393006,ORD,556,-8,702,-17,4.030194512
8046,08/05/2018,20304,N715SK,3058,1289208,LAX,1326403,MFR,927,-8,1132,-4,4.030194512
8047,08/05/2018,20304,N753SK,3059,1143302,DTW,1393006,ORD,2030,-11,2059,-11,4.030194512
8048,08/05/2018,20304,N753SK,3059,1393006,ORD,1143302,DTW,1740,41,1950,28,0
8049,08/05/2018,20304,N715SK,3060,1410702,PHX,1621801,YUM,1841,-3,1930,-10,4.030194512
8050,08/05/2018,20304,N715SK,3060,1621801,YUM,1410702,PHX,1956,-17,2041,-29,4.030194512
8051,08/05/2018,20304,N753SK,3061,1393006,ORD,1538005,TVC,1310,-5,1507,-18,4.030194512
8052,08/05/2018,20304,N753SK,3061,1538005,TVC,1393006,ORD,1635,6,1652,2,4.030194512
8053,08/05/2018,20304,N955SW,3062,1182304,FWA,1393006,ORD,1950,21,1935,-5,4.030194512
8054,08/05/2018,20304,N955SW,3062,1393006,ORD,1182304,FWA,1736,39,1931,32,0
8055,08/05/2018,20304,N705SK,3063,1056103,BFL,1410702,PHX,1911,-6,2036,-20,4.030194512
8056,08/05/2018,20304,N705SK,3063,1410702,PHX,1056103,BFL,1704,-6,1827,-9,4.030194512
8057,08/05/2018,20304,N776SK,3064,1393006,ORD,1541205,TYS,1605,55,1828,42,0
8058,08/05/2018,20304,N776SK,3064,1541205,TYS,1393006,ORD,1910,54,1943,24,0
8059,08/05/2018,20304,N708SK,3065,1160302,EUG,1410702,PHX,1155,-2,1430,0,4.030194512
8060,08/05/2018,20304,N909EV,3066,1393006,ORD,1529502,TOL,2304,64,106,67,0
8061,08/05/2018,20304,N745SK,3067,1393006,ORD,1393102,ORF,1223,-1,1535,-4,4.030194512
8062,08/05/2018,20304,N745SK,3067,1393102,ORF,1393006,ORD,1613,-2,1723,-21,4.030194512
8063,08/05/2018,20304,N713SK,3068,1014005,ABQ,1410702,PHX,1512,-8,1532,-13,4.030194512
8064,08/05/2018,20304,N713SK,3068,1410702,PHX,1014005,ABQ,1218,-7,1429,-12,4.030194512
8065,08/05/2018,20304,N708SK,3069,1410702,PHX,1537603,TUS,1521,-4,1607,-4,4.030194512
8066,08/05/2018,20304,N708SK,3069,1537603,TUS,1410702,PHX,1648,-6,1740,-5,4.030194512
8067,08/05/2018,20304,N909EV,3071,1529502,TOL,1393006,ORD,613,-3,629,0,4.030194512
8068,08/05/2018,20304,N732SK,3072,1393006,ORD,1463303,RST,2023,8,2208,37,0
8069,08/05/2018,20304,N707SK,3073,1307605,LSE,1393006,ORD,951,-8,1106,-6,4.030194512
8070,08/05/2018,20304,N707SK,3073,1393006,ORD,1307605,LSE,816,-5,926,-1,4.030194512
8071,08/05/2018,20304,N701SK,3076,1143302,DTW,1393006,ORD,1606,22,1627,14,4.030194512
8072,08/05/2018,20304,N701SK,3076,1393006,ORD,1143302,DTW,1316,26,1535,24,0
8073,08/05/2018,20304,N877AS,3077,1393006,ORD,1410803,PIA,1640,-5,1730,-8,4.030194512
8074,08/05/2018,20304,N877AS,3077,1410803,PIA,1393006,ORD,1800,-4,1902,-10,4.030194512
8075,08/05/2018,20304,N417SW,3078,1198603,GRR,1393006,ORD,904,-7,900,-20,4.030194512
8076,08/05/2018,20304,N417SW,3078,1393006,ORD,1198603,GRR,637,-9,840,-1,4.030194512
8077,08/05/2018,20304,N718SK,3079,1393006,ORD,1486903,SLC,1413,28,1652,32,0
8078,08/05/2018,20304,N718SK,3079,1486903,SLC,1393006,ORD,1728,27,2203,38,0
8079,08/05/2018,20304,N709SK,3081,1410702,PHX,1467402,SAF,1559,29,1831,42,0
8080,08/05/2018,20304,N709SK,3081,1467402,SAF,1410702,PHX,1857,25,1926,14,4.030194512
8081,08/05/2018,20304,N862AS,3082,1197705,GRB,1393006,ORD,623,-3,758,15,0
8082,08/05/2018,20304,N728SK,3083,1393006,ORD,1538005,TVC,2205,-5,22,9,4.030194512
8083,08/05/2018,20304,N738SK,3084,1393006,ORD,1079206,BUF,2206,-4,30,-12,4.030194512
8084,08/05/2018,20304,N760SK,3085,1410702,PHX,1426204,PSP,2033,20,2237,76,0
8085,08/05/2018,20304,N702SK,3086,1326403,MFR,1289208,LAX,2025,214,2222,204,0
8086,08/05/2018,20304,N423SW,3088,1393006,ORD,1172105,FNT,2247,26,45,18,0
8087,08/05/2018,20304,N908EV,3089,1161206,EVV,1393006,ORD,542,-2,706,-19,4.030194512
8088,08/05/2018,20304,N750SK,3090,1160302,EUG,1289208,LAX,1710,12,1923,3,4.030194512
8089,08/05/2018,20304,N715SK,3091,1326403,MFR,1410702,PHX,1211,5,1422,-8,4.030194512
8090,08/05/2018,20304,N742SK,3092,1014005,ABQ,1289208,LAX,1917,8,2019,4,4.030194512
8091,08/05/2018,20304,N742SK,3092,1289208,LAX,1014005,ABQ,1532,-3,1820,-15,4.030194512
8092,08/05/2018,20304,N724SK,3093,1143302,DTW,1393006,ORD,834,-10,851,-29,4.030194512
8093,08/05/2018,20304,N750SK,3094,1289208,LAX,1163807,FAT,1956,1,2059,-1,4.030194512
8094,08/05/2018,20304,N742SK,3095,1289208,LAX,1457002,RNO,1112,7,1237,2,4.030194512
8095,08/05/2018,20304,N742SK,3095,1457002,RNO,1289208,LAX,1315,6,1452,2,4.030194512
8096,08/05/2018,20304,N778SK,3096,1393006,ORD,1221702,HSV,1852,16,2049,28,0
8097,08/05/2018,20304,N726SK,3097,1037205,ASE,1129806,DFW,1545,-9,1839,-36,4.030194512
8098,08/05/2018,20304,N724SK,3098,1393006,ORD,1445702,RAP,942,-8,1100,-9,4.030194512
8099,08/05/2018,20304,N728SK,3098,1445702,RAP,1393006,ORD,1319,94,1631,91,0
8100,08/05/2018,20304,N707SK,3099,1393006,ORD,1486903,SLC,2013,-2,2249,-1,4.030194512
8101,08/05/2018,20304,N707SK,3101,1143302,DTW,1393006,ORD,1816,-1,1857,7,4.030194512
8102,08/05/2018,20304,N707SK,3101,1393006,ORD,1143302,DTW,1519,-3,1739,-5,4.030194512
8103,08/05/2018,20304,N716SK,3102,1393006,ORD,1473003,SDF,1211,-11,1426,-21,4.030194512
8104,08/05/2018,20304,N716SK,3102,1473003,SDF,1393006,ORD,1510,-9,1532,-22,4.030194512
8105,08/05/2018,20304,N713SK,3103,1426204,PSP,1410702,PHX,631,-9,750,-7,4.030194512
8106,08/05/2018,20304,N955SW,3104,1098002,CHA,1393006,ORD,734,-12,926,31,0
8107,08/05/2018,20304,N738SK,3105,1348502,MSN,1393006,ORD,958,-10,1049,-20,4.030194512
8108,08/05/2018,20304,N738SK,3105,1393006,ORD,1348502,MSN,835,-6,923,-12,4.030194512
8109,08/05/2018,20304,N706SK,3107,1129806,DFW,1182304,FWA,1030,3,1404,11,4.030194512
8110,08/05/2018,20304,N706SK,3107,1182304,FWA,1129806,DFW,1449,1,1615,-10,4.030194512
8111,08/05/2018,20304,N709SK,3108,1160302,EUG,1289208,LAX,558,-2,851,21,0
8112,08/05/2018,20304,N909EV,3109,1197705,GRB,1393006,ORD,956,-9,1100,-19,4.030194512
8113,08/05/2018,20304,N909EV,3109,1393006,ORD,1197705,GRB,835,-6,929,-11,4.030194512
8114,08/05/2018,20304,N902EV,3110,1099005,CHO,1393006,ORD,954,-12,1153,41,0
8115,08/05/2018,20304,N930EV,3111,1099005,CHO,1393006,ORD,1446,-17,1534,-35,4.030194512
8116,08/05/2018,20304,N930EV,3111,1393006,ORD,1099005,CHO,1137,-7,1424,-13,4.030194512
8117,08/05/2018,20304,N930EV,3113,1227805,ICT,1393006,ORD,523,-3,717,-14,4.030194512
8118,08/05/2018,20304,N930EV,3113,1393006,ORD,1334207,MKE,849,-1,932,-5,4.030194512
8119,08/05/2018,20304,N864AS,3114,1227805,ICT,1393006,ORD,1033,-11,1226,-24,4.030194512
8120,08/05/2018,20304,N864AS,3114,1393006,ORD,1227805,ICT,736,-4,934,1,4.030194512
8121,08/05/2018,20304,N464SW,3115,1227805,ICT,1393006,ORD,1523,-6,1716,-18,4.030194512
8122,08/05/2018,20304,N464SW,3115,1393006,ORD,1227805,ICT,1251,36,1446,30,0
8123,08/05/2018,20304,N864AS,3117,1334207,MKE,1393006,ORD,526,-2,615,-4,4.030194512
8124,08/05/2018,20304,N930EV,3118,1334207,MKE,1393006,ORD,1000,-6,1050,-15,4.030194512
8125,08/05/2018,20304,N930EV,3119,1334207,MKE,1393006,ORD,1713,58,1802,44,0
8126,08/05/2018,20304,N930EV,3119,1393006,ORD,1334207,MKE,1610,68,1650,61,0
8127,08/05/2018,20304,N862AS,3121,1393006,ORD,1334207,MKE,1852,-3,1952,12,4.030194512
8128,08/05/2018,20304,N652BR,3122,1393006,ORD,1099005,CHO,705,830,957,825,0
8129,08/05/2018,20304,N908EV,3124,1393006,ORD,1227805,ICT,2045,0,2259,13,4.030194512
8130,08/05/2018,20304,N652BR,3125,1324102,MEI,1129806,DFW,921,-12,1112,-25,4.030194512
8131,08/05/2018,20304,N652BR,3125,1410902,PIB,1324102,MEI,806,-19,848,-19,4.030194512
8132,08/05/2018,20304,N652BR,3127,1393006,ORD,1334207,MKE,2045,-5,2135,-5,4.030194512
8133,08/05/2018,20304,N652BR,3128,1129806,DFW,1410902,PIB,1215,-5,1347,-7,4.030194512
8134,08/05/2018,20304,N652BR,3128,1324102,MEI,1393006,ORD,1524,-2,1735,-21,4.030194512
8135,08/05/2018,20304,N652BR,3128,1410902,PIB,1324102,MEI,1405,-15,1444,-17,4.030194512
8136,08/05/2018,20304,N930EV,3129,1324102,MEI,1410902,PIB,2047,7,2120,3,4.030194512
8137,08/05/2018,20304,N930EV,3129,1393006,ORD,1324102,MEI,1836,33,2029,20,0
8138,08/05/2018,20304,N866AS,3131,1410702,PHX,1479405,SGU,2008,-7,2217,-4,4.030194512
8139,08/05/2018,20304,N866AS,3132,1479405,SGU,1410702,PHX,743,-7,744,-15,4.030194512
8140,08/05/2018,20304,N866AS,3133,1410702,PHX,1479405,SGU,956,-5,1202,-13,4.030194512
8141,08/05/2018,20304,N866AS,3133,1479405,SGU,1410702,PHX,1232,-10,1242,-13,4.030194512
8142,08/05/2018,20304,N876AS,3134,1334207,MKE,1393006,ORD,658,9,803,13,4.030194512
8143,08/05/2018,20304,N864AS,3135,1197705,GRB,1393006,ORD,1445,86,1554,79,0
8144,08/05/2018,20304,N864AS,3135,1393006,ORD,1197705,GRB,1330,98,1423,89,0
8145,08/05/2018,20304,N738SK,3136,1393006,ORD,1473003,SDF,1702,22,1920,24,0
8146,08/05/2018,20304,N738SK,3136,1473003,SDF,1393006,ORD,2021,-7,2037,-28,4.030194512
8147,08/05/2018,20304,N748SK,3137,1410702,PHX,1458804,ROW,1211,-6,1438,-17,4.030194512
8148,08/05/2018,20304,N748SK,3137,1458804,ROW,1410702,PHX,1513,-12,1606,-4,4.030194512
8149,08/05/2018,20304,N746SK,3139,1163807,FAT,1289208,LAX,1207,-6,1324,-1,4.030194512
8150,08/05/2018,20304,N746SK,3139,1289208,LAX,1163807,FAT,1029,-6,1143,0,4.030194512
8151,08/05/2018,20304,N705SK,3142,1410702,PHX,1426204,PSP,732,-10,846,-4,4.030194512
8152,08/05/2018,20304,N705SK,3142,1426204,PSP,1410702,PHX,939,-14,1052,-13,4.030194512
8153,08/05/2018,20304,N435SW,3143,1307605,LSE,1393006,ORD,1925,62,2034,54,0
8154,08/05/2018,20304,N435SW,3143,1393006,ORD,1307605,LSE,1804,79,1904,68,0
8155,08/05/2018,20304,N750SK,3144,1410702,PHX,1160302,EUG,1353,-1,1619,-9,4.030194512
8156,08/05/2018,20304,N719SK,3145,1104205,CLE,1393006,ORD,1748,-6,1803,-31,4.030194512
8157,08/05/2018,20304,N719SK,3145,1393006,ORD,1104205,CLE,1454,-1,1709,-7,4.030194512
8158,08/05/2018,20304,N754SK,3146,1163703,FAR,1393006,ORD,1546,-9,1809,12,4.030194512
8159,08/05/2018,20304,N754SK,3146,1393006,ORD,1163703,FAR,1322,-6,1514,-10,4.030194512
8160,08/05/2018,20304,N745SK,3147,1538005,TVC,1393006,ORD,558,-2,604,-11,4.030194512
8161,08/05/2018,20304,N708SK,3152,1289208,LAX,1160302,EUG,912,-3,1113,-14,4.030194512
8162,08/05/2018,20304,N955SW,3154,1393006,ORD,1410803,PIA,951,1,1040,-5,4.030194512
8163,08/05/2018,20304,N955SW,3154,1410803,PIA,1393006,ORD,1103,-7,1205,-15,4.030194512
8164,08/05/2018,20304,N701SK,3155,1393006,ORD,1143302,DTW,2155,-5,15,0,4.030194512
8165,08/05/2018,20304,N740SK,3157,1410702,PHX,1192102,GJT,1844,-7,2123,7,4.030194512
8166,08/05/2018,20304,N752SK,3159,1348502,MSN,1393006,ORD,1311,2,1422,13,4.030194512
8167,08/05/2018,20304,N752SK,3159,1393006,ORD,1348502,MSN,1148,2,1239,0,4.030194512
8168,08/05/2018,20304,N751SK,3161,1110902,COS,1393006,ORD,712,4,1042,-7,4.030194512
8169,08/05/2018,20304,N707SK,3162,1182304,FWA,1393006,ORD,1428,-2,1416,-20,4.030194512
8170,08/05/2018,20304,N707SK,3162,1393006,ORD,1182304,FWA,1151,-4,1345,-9,4.030194512
8171,08/05/2018,20304,N722EV,3163,1129806,DFW,1104902,CLL,2159,64,2251,62,0
8172,08/05/2018,20304,N751EV,3164,1104902,CLL,1129806,DFW,457,-3,608,-2,4.030194512
8173,08/05/2018,20304,N751EV,3165,1129806,DFW,1198202,GRK,704,-6,756,-9,4.030194512
8174,08/05/2018,20304,N751EV,3165,1198202,GRK,1129806,DFW,833,-2,939,-8,4.030194512
8175,08/05/2018,20304,N722EV,3166,1104902,CLL,1129806,DFW,1827,0,1946,6,4.030194512
8176,08/05/2018,20304,N722EV,3166,1129806,DFW,1104902,CLL,1701,-4,1806,9,4.030194512
8177,08/05/2018,20304,N719SK,3168,1037205,ASE,1393006,ORD,1025,-8,1425,1,4.030194512
8178,08/05/2018,20304,N760SK,3175,1192102,GJT,1410702,PHX,755,-15,836,-37,4.030194512
8179,08/05/2018,20304,N877AS,3176,1126702,DAY,1393006,ORD,1527,-5,1529,-27,4.030194512
8180,08/05/2018,20304,N877AS,3176,1393006,ORD,1126702,DAY,1243,-8,1456,-6,4.030194512
8181,08/05/2018,20304,N423SW,3177,1161206,EVV,1393006,ORD,1354,-16,1513,-30,4.030194512
8182,08/05/2018,20304,N423SW,3177,1393006,ORD,1161206,EVV,1215,-10,1319,-23,4.030194512
8183,08/05/2018,20304,N756SK,3179,1289208,LAX,1537603,TUS,809,-11,945,-8,4.030194512
8184,08/05/2018,20304,N756SK,3179,1537603,TUS,1289208,LAX,1016,-7,1150,-13,4.030194512
8185,08/05/2018,20304,N712SK,3186,1463303,RST,1393006,ORD,558,-2,730,8,4.030194512
8186,08/05/2018,20304,N732SK,3187,1079206,BUF,1393006,ORD,526,-1,601,-14,4.030194512
8187,08/05/2018,20304,N756SK,3196,1410702,PHX,1289208,LAX,554,-6,720,-18,4.030194512
8188,08/05/2018,20304,N435SW,3197,1062702,BIS,1393006,ORD,1520,-11,1727,-22,4.030194512
8189,08/05/2018,20304,N435SW,3197,1393006,ORD,1062702,BIS,1224,-9,1446,-15,4.030194512
8190,08/05/2018,20304,N755SK,3198,1233904,IND,1393006,ORD,1903,-10,1900,-29,4.030194512
8191,08/05/2018,20304,N755SK,3198,1393006,ORD,1233904,IND,1638,-2,1827,-13,4.030194512
8192,08/05/2018,20304,N730SK,3214,1037205,ASE,1289208,LAX,1641,-13,1743,-28,4.030194512
8193,08/05/2018,20304,N730SK,3214,1289208,LAX,1037205,ASE,1313,-7,1614,-8,4.030194512
8194,08/05/2018,20304,N755SK,3227,1393006,ORD,1069302,BNA,1943,84,2113,81,0
8195,08/05/2018,20304,N742SK,3228,1486903,SLC,1289208,LAX,846,11,951,11,4.030194512
8196,08/05/2018,20304,N778SK,3229,1473003,SDF,1393006,ORD,825,-5,919,14,4.030194512
8197,08/05/2018,20304,N744SK,3233,1219702,HPN,1393006,ORD,1220,-6,1326,-29,4.030194512
8198,08/05/2018,20304,N744SK,3233,1393006,ORD,1219702,HPN,823,2,1132,5,4.030194512
8199,08/05/2018,20304,N908EV,3236,1172105,FNT,1393006,ORD,1046,-5,1050,-25,4.030194512
8200,08/05/2018,20304,N908EV,3236,1393006,ORD,1172105,FNT,816,-3,1017,-7,4.030194512
8201,08/05/2018,20304,N703SK,3239,1163807,FAT,1289208,LAX,556,-4,708,-5,4.030194512
8202,08/05/2018,20304,N701SK,3242,1172105,FNT,1393006,ORD,554,-7,551,-23,4.030194512
8203,08/05/2018,20304,N778SK,3243,1319801,MCI,1393006,ORD,1637,34,1806,20,0
8204,08/05/2018,20304,N778SK,3243,1393006,ORD,1319801,MCI,1451,48,1610,37,0
8205,08/05/2018,20304,N755SK,3244,1393006,ORD,1457606,ROC,1200,-5,1449,2,4.030194512
8206,08/05/2018,20304,N755SK,3244,1457606,ROC,1393006,ORD,1519,2,1559,-19,4.030194512
8207,08/05/2018,20304,N740SK,3245,1080003,BUR,1410702,PHX,1620,-12,1756,-10,4.030194512
8208,08/05/2018,20304,N740SK,3245,1410702,PHX,1080003,BUR,1426,-9,1551,-9,4.030194512
8209,08/05/2018,20304,N744SK,3246,1069302,BNA,1393006,ORD,1643,14,1839,17,0
8210,08/05/2018,20304,N744SK,3246,1393006,ORD,1069302,BNA,1444,15,1614,15,0
8211,08/05/2018,20304,N862AS,3247,1100303,CID,1393006,ORD,1421,53,1536,52,0
8212,08/05/2018,20304,N862AS,3247,1393006,ORD,1100303,CID,1226,29,1350,48,0
8213,08/05/2018,20304,N492SW,3248,1233904,IND,1393006,ORD,1113,7,1130,7,4.030194512
8214,08/05/2018,20304,N492SW,3248,1393006,ORD,1233904,IND,840,5,1053,13,4.030194512
8215,08/05/2018,20304,N862AS,3249,1393006,ORD,1529502,TOL,1603,44,1755,31,0
8216,08/05/2018,20304,N862AS,3249,1529502,TOL,1393006,ORD,1812,22,1820,10,4.030194512
8217,08/05/2018,20304,N719SK,3250,1129806,DFW,1037205,ASE,846,-4,956,-5,4.030194512
8218,08/05/2018,20304,N748SK,3251,1169502,FLG,1410702,PHX,648,-7,751,-1,4.030194512
8219,08/05/2018,20304,N751SK,3252,1393006,ORD,1457606,ROC,1508,-2,1754,3,4.030194512
8220,08/05/2018,20304,N751SK,3252,1457606,ROC,1393006,ORD,1825,-4,1917,-17,4.030194512
8221,08/05/2018,20304,N754SK,3253,1393006,ORD,1452401,RIC,815,-5,1109,-8,4.030194512
8222,08/05/2018,20304,N754SK,3253,1452401,RIC,1393006,ORD,1146,-1,1232,-31,4.030194512
8223,08/05/2018,20304,N876AS,3254,1393006,ORD,1177502,FSD,2036,6,2257,44,0
8224,08/05/2018,20304,N778SK,3255,1348702,MSP,1393006,ORD,1239,25,1414,25,0
8225,08/05/2018,20304,N778SK,3255,1393006,ORD,1348702,MSP,1009,-1,1206,24,0
8226,08/05/2018,20304,N702SK,3256,1410702,PHX,1326403,MFR,1513,71,2001,,4.030194512
8227,08/05/2018,20304,N718SK,3257,1393006,ORD,1233904,IND,2235,35,26,27,0
8228,08/05/2018,20304,N742SK,3258,1289208,LAX,1410702,PHX,2112,-3,2242,3,4.030194512
8229,08/05/2018,20304,N719SK,3259,1541205,TYS,1129806,DFW,631,-4,753,-11,4.030194512
8230,08/05/2018,20304,N752SK,3260,1233904,IND,1393006,ORD,606,-7,608,-14,4.030194512
8231,08/05/2018,20304,N730SK,3261,1244102,JAC,1289208,LAX,954,68,1127,73,0
8232,08/05/2018,20304,N417SW,3262,1393006,ORD,1473003,SDF,1511,26,1727,21,0
8233,08/05/2018,20304,N417SW,3262,1473003,SDF,1393006,ORD,1759,27,1828,15,0
8234,08/05/2018,20304,N715SK,3263,1410702,PHX,1169502,FLG,2145,-5,2224,-13,4.030194512
8235,08/05/2018,20304,N744SK,3264,1393006,ORD,1452401,RIC,1922,20,2215,15,0
8236,08/05/2018,20304,N186SY,3300,1483106,SJC,1042302,AUS,926,-12,1503,-11,4.030194512
8237,08/05/2018,20304,N184SY,3301,1042302,AUS,1483106,SJC,1443,-1,1622,-13,4.030194512
8238,08/05/2018,20304,N173SY,3302,1474703,SEA,1405702,PDX,849,-11,946,-9,4.030194512
8239,08/05/2018,20304,N400SY,3303,1537603,TUS,1483106,SJC,700,-5,908,-17,4.030194512
8240,08/05/2018,20304,N403SY,3304,1483106,SJC,1537603,TUS,1752,-2,1947,-3,4.030194512
8241,08/05/2018,20304,N192SY,3305,1125903,DAL,1467903,SAN,2303,104,2350,80,0
8242,08/05/2018,20304,N196SY,3306,1467903,SAN,1125903,DAL,745,-7,1259,-1,4.030194512
8243,08/05/2018,20304,N176SY,3308,1405702,PDX,1125903,DAL,558,-2,1133,-17,4.030194512
8244,08/05/2018,20304,N181SY,3309,1125903,DAL,1405702,PDX,1926,-11,2129,-16,4.030194512
8245,08/05/2018,20304,N194SY,3310,1289208,LAX,1483106,SJC,1950,-8,2117,-15,4.030194512
8246,08/05/2018,20304,N187SY,3311,1483106,SJC,1289208,LAX,621,-4,829,36,0
8247,08/05/2018,20304,N187SY,3312,1289208,LAX,1483106,SJC,858,13,1014,4,4.030194512
8248,08/05/2018,20304,N194SY,3315,1483106,SJC,1289208,LAX,1043,-7,1210,-8,4.030194512
8249,08/05/2018,20304,N183SY,3316,1289208,LAX,1483106,SJC,1159,-1,1323,-11,4.030194512
8250,08/05/2018,20304,N198SY,3317,1483106,SJC,1289208,LAX,1454,-2,1618,-6,4.030194512
8251,08/05/2018,20304,N194SY,3318,1289208,LAX,1483106,SJC,1510,-5,1624,-25,4.030194512
8252,08/05/2018,20304,N194SY,3319,1483106,SJC,1289208,LAX,1736,-9,1906,-7,4.030194512
8253,08/05/2018,20304,N181SY,3322,1125903,DAL,1295304,LGA,1016,-8,1437,-18,4.030194512
8254,08/05/2018,20304,N177SY,3323,1295304,LGA,1125903,DAL,1113,-7,1410,-19,4.030194512
8255,08/05/2018,20304,N176SY,3324,1125903,DAL,1295304,LGA,1224,-6,1647,-12,4.030194512
8256,08/05/2018,20304,N181SY,3325,1295304,LGA,1125903,DAL,1536,-9,1840,-14,4.030194512
8257,08/05/2018,20304,N196SY,3326,1125903,DAL,1295304,LGA,1649,-11,2121,-10,4.030194512
8258,08/05/2018,20304,N176SY,3327,1295304,LGA,1125903,DAL,1756,-3,2036,-32,4.030194512
8259,08/05/2018,20304,N183SY,3328,1483106,SJC,1125903,DAL,1824,52,7,69,0
8260,08/05/2018,20304,N177SY,3329,1125903,DAL,1483106,SJC,1451,-18,1646,-28,4.030194512
8261,08/05/2018,20304,N188SY,3330,1125903,DAL,1127805,DCA,608,-7,1001,-5,4.030194512
8262,08/05/2018,20304,N192SY,3332,1125903,DAL,1127805,DCA,1552,132,1952,141,0
8263,08/05/2018,20304,N188SY,3333,1127805,DCA,1125903,DAL,1138,-7,1341,-29,4.030194512
8264,08/05/2018,20304,N195SY,3334,1125903,DAL,1127805,DCA,1828,5,2226,12,4.030194512
8265,08/05/2018,20304,N192SY,3335,1127805,DCA,1125903,DAL,2024,129,2234,115,0
8266,08/05/2018,20304,N184SY,3336,1467903,SAN,1042302,AUS,905,-2,1406,7,4.030194512
8267,08/05/2018,20304,N199SY,3338,1467903,SAN,1387102,OMA,847,23,1420,9,4.030194512
8268,08/05/2018,20304,N199SY,3339,1387102,OMA,1467903,SAN,1457,6,1643,2,4.030194512
8269,08/05/2018,20304,N195SY,3340,1467903,SAN,1489302,SMF,612,-3,803,4,4.030194512
8270,08/05/2018,20304,N175SY,3341,1467903,SAN,1486903,SLC,1523,-5,1815,-9,4.030194512
8271,08/05/2018,20304,N400SY,3342,1467903,SAN,1489302,SMF,1211,-9,1335,-22,4.030194512
8272,08/05/2018,20304,N400SY,3343,1489302,SMF,1467903,SAN,1433,-9,1601,-15,4.030194512
8273,08/05/2018,20304,N199SY,3344,1467903,SAN,1489302,SMF,1715,-8,1852,-10,4.030194512
8274,08/05/2018,20304,N199SY,3345,1489302,SMF,1467903,SAN,1924,-21,2054,-23,4.030194512
8275,08/05/2018,20304,N402SY,3348,1474703,SEA,1071302,BOI,1312,-3,1539,2,4.030194512
8276,08/05/2018,20304,N185SY,3352,1467903,SAN,1501606,STL,918,0,1450,0,4.030194512
8277,08/05/2018,20304,N183SY,3353,1071302,BOI,1486903,SLC,817,-11,922,-17,4.030194512
8278,08/05/2018,20304,N196SY,3354,1486903,SLC,1467903,SAN,600,-10,710,6,4.030194512
8279,08/05/2018,20304,N175SY,3355,1486903,SLC,1071302,BOI,1903,-7,2014,-11,4.030194512
8280,08/05/2018,20304,N171SY,3356,1483106,SJC,1467903,SAN,707,7,834,5,4.030194512
8281,08/05/2018,20304,N184SY,3357,1467903,SAN,1483106,SJC,2042,-8,2205,-10,4.030194512
8282,08/05/2018,20304,N188SY,3358,1474703,SEA,1405702,PDX,1736,-9,1833,-6,4.030194512
8283,08/05/2018,20304,N195SY,3359,1489302,SMF,1474703,SEA,843,4,1042,-12,4.030194512
8284,08/05/2018,20304,N192SY,3360,1474703,SEA,1125903,DAL,915,-7,1525,5,4.030194512
8285,08/05/2018,20304,N189SY,3367,1227805,ICT,1474703,SEA,1954,-5,2201,16,0
8286,08/05/2018,20304,N170SY,3373,1062003,BIL,1474703,SEA,1903,-5,2021,-8,4.030194512
8287,08/05/2018,20304,N182SY,3376,1477104,SFO,1014005,ABQ,1103,-7,1435,4,4.030194512
8288,08/05/2018,20304,N182SY,3377,1014005,ABQ,1477104,SFO,1516,-4,1642,-20,4.030194512
8289,08/05/2018,20304,N193SY,3378,1405702,PDX,1389101,ONT,854,9,1109,2,4.030194512
8290,08/05/2018,20304,N188SY,3379,1125903,DAL,1474703,SEA,1438,-12,1704,4,4.030194512
8291,08/05/2018,20304,N191SY,3380,1474703,SEA,1062003,BIL,1154,9,1453,4,4.030194512
8292,08/05/2018,20304,N191SY,3383,1489302,SMF,1405702,PDX,2016,-12,2149,-18,4.030194512
8293,08/05/2018,20304,N179SY,3384,1405702,PDX,1348702,MSP,950,-3,1525,7,4.030194512
8294,08/05/2018,20304,N179SY,3385,1348702,MSP,1405702,PDX,1603,0,1748,-9,4.030194512
8295,08/05/2018,20304,N179SY,3386,1405702,PDX,1387102,OMA,1952,70,54,62,0
8296,08/05/2018,20304,N179SY,3387,1387102,OMA,1405702,PDX,613,-2,748,-7,4.030194512
8297,08/05/2018,20304,N173SY,3391,1062003,BIL,1474703,SEA,645,-5,750,-21,4.030194512
8298,08/05/2018,20304,N178SY,3392,1502305,STS,1405702,PDX,1434,-8,1605,-17,4.030194512
8299,08/05/2018,20304,N191SY,3393,1062003,BIL,1405702,PDX,1532,3,1629,-19,4.030194512
8300,08/05/2018,20304,N400SY,3396,1483106,SJC,1467903,SAN,956,-9,1119,-15,4.030194512
8301,08/05/2018,20304,N186SY,3397,1467903,SAN,1483106,SJC,656,-4,814,-19,4.030194512
8302,08/05/2018,20304,N183SY,3398,1483106,SJC,1467903,SAN,1406,-8,1535,-5,4.030194512
8303,08/05/2018,20304,N198SY,3399,1467903,SAN,1483106,SJC,1222,-3,1338,-15,4.030194512
8304,08/05/2018,20304,N174SY,3401,1486903,SLC,1405702,PDX,1302,24,1352,9,4.030194512
8305,08/05/2018,20304,N193SY,3403,1389101,ONT,1405702,PDX,1147,-3,1357,-6,4.030194512
8306,08/05/2018,20304,N191SY,3406,1405702,PDX,1489302,SMF,1805,-5,1929,-19,4.030194512
8307,08/05/2018,20304,N183SY,3407,1467903,SAN,1483106,SJC,1618,-6,1747,-1,4.030194512
8308,08/05/2018,20304,N184SY,3408,1483106,SJC,1467903,SAN,1838,-1,2002,-3,4.030194512
8309,08/05/2018,20304,N187SY,3410,1483106,SJC,1490803,SNA,1438,-9,1557,-13,4.030194512
8310,08/05/2018,20304,N187SY,3411,1490803,SNA,1483106,SJC,1645,-5,1757,-9,4.030194512
8311,08/05/2018,20304,N187SY,3412,1483106,SJC,1490803,SNA,1840,-12,2001,-13,4.030194512
8312,08/05/2018,20304,N187SY,3413,1490803,SNA,1483106,SJC,2042,-12,2156,-15,4.030194512
8313,08/05/2018,20304,N175SY,3417,1467903,SAN,1347605,MRY,728,-2,849,-5,4.030194512
8314,08/05/2018,20304,N402SY,3419,1071302,BOI,1474703,SEA,1617,-7,1641,-19,4.030194512
8315,08/05/2018,20304,N186SY,3421,1042302,AUS,1467903,SAN,1548,-11,1630,-30,4.030194512
8316,08/05/2018,20304,N175SY,3422,1467903,SAN,1163807,FAT,1122,-9,1238,-5,4.030194512
8317,08/05/2018,20304,N189SY,3424,1474703,SEA,1227805,ICT,1332,-8,1905,0,4.030194512
8318,08/05/2018,20304,N197SY,3425,1319801,MCI,1477104,SFO,1804,-1,2019,14,4.030194512
8319,08/05/2018,20304,N197SY,3426,1477104,SFO,1319801,MCI,1153,6,1726,6,4.030194512
8320,08/05/2018,20304,N402SY,3427,1405702,PDX,1474703,SEA,1055,-5,1153,-6,4.030194512
8321,08/05/2018,20304,N170SY,3428,1474703,SEA,1062003,BIL,2144,-9,39,-18,4.030194512
8322,08/05/2018,20304,N191SY,3431,1405702,PDX,1474703,SEA,945,10,1054,26,0
8323,08/05/2018,20304,N400SY,3433,1467903,SAN,1502305,STS,1651,-9,1824,-25,4.030194512
8324,08/05/2018,20304,N182SY,3437,1486903,SLC,1477104,SFO,854,-16,1004,-1,4.030194512
8325,08/05/2018,20304,N171SY,3438,1467903,SAN,1163807,FAT,913,-7,1023,-8,4.030194512
8326,08/05/2018,20304,N171SY,3440,1163807,FAT,1405702,PDX,1109,-9,1251,-13,4.030194512
8327,08/05/2018,20304,N174SY,3441,1405702,PDX,1163807,FAT,1436,7,1627,0,4.030194512
8328,08/05/2018,20304,N187SY,3442,1483106,SJC,1080003,BUR,1106,-6,1213,-12,4.030194512
8329,08/05/2018,20304,N191SY,3443,1486903,SLC,1405702,PDX,801,11,905,19,0
8330,08/05/2018,20304,N400SY,3444,1502305,STS,1467903,SAN,1915,-15,2039,-36,4.030194512
8331,08/05/2018,20304,N189SY,3445,1125903,DAL,1474703,SEA,954,-11,1238,21,0
8332,08/05/2018,20304,N174SY,3448,1405702,PDX,1486903,SLC,855,-5,1159,9,4.030194512
8333,08/05/2018,20304,N189SY,3449,1474703,SEA,1489302,SMF,2240,5,31,-2,4.030194512
8334,08/05/2018,20304,N182SY,3450,1477104,SFO,1486903,SLC,1746,-7,2027,-8,4.030194512
8335,08/05/2018,20304,N184SY,3451,1319801,MCI,1467903,SAN,656,-4,815,-12,4.030194512
8336,08/05/2018,20304,N178SY,3452,1405702,PDX,1502305,STS,1220,-3,1354,-8,4.030194512
8337,08/05/2018,20304,N185SY,3453,1501606,STL,1467903,SAN,1530,-5,1717,-15,4.030194512
8338,08/05/2018,20304,N193SY,3454,1405702,PDX,1389101,ONT,1606,-8,1825,-14,4.030194512
8339,08/05/2018,20304,N181SY,3455,1405702,PDX,1474703,SEA,2224,-6,2307,-18,4.030194512
8340,08/05/2018,20304,N195SY,3456,1474703,SEA,1125903,DAL,1142,-3,1800,17,0
8341,08/05/2018,20304,N198SY,3457,1289208,LAX,1486903,SLC,1701,-9,1943,-19,4.030194512
8342,08/05/2018,20304,N186SY,3458,1467903,SAN,1319801,MCI,1738,-4,2254,-3,4.030194512
8343,08/05/2018,20304,N175SY,3459,1163807,FAT,1467903,SAN,1310,-17,1418,-25,4.030194512
8344,08/05/2018,20304,N173SY,3463,1457002,RNO,1405702,PDX,1251,-9,1416,-22,4.030194512
8345,08/05/2018,20304,N404SY,3464,1071302,BOI,1405702,PDX,550,-10,613,-2,4.030194512
8346,08/05/2018,20304,N171SY,3465,1405702,PDX,1334207,MKE,1348,-10,1946,1,4.030194512
8347,08/05/2018,20304,N402SY,3467,1334207,MKE,1405702,PDX,700,0,925,-2,4.030194512
8348,08/05/2018,20304,N178SY,3468,1474703,SEA,1405702,PDX,859,-6,1001,1,4.030194512
8349,08/05/2018,20304,N192SY,3469,1405702,PDX,1474703,SEA,653,-7,741,-12,4.030194512
8350,08/05/2018,20304,N183SY,3470,1486903,SLC,1289208,LAX,1012,-12,1126,11,4.030194512
8351,08/05/2018,20304,N174SY,3471,1163807,FAT,1467903,SAN,1703,-4,1812,-11,4.030194512
8352,08/05/2018,20304,N174SY,3472,1467903,SAN,1163807,FAT,1948,-6,2100,-6,4.030194512
8353,08/05/2018,20304,N185SY,3477,1163807,FAT,1467903,SAN,703,-14,814,-26,4.030194512
8354,08/05/2018,20304,N173SY,3479,1405702,PDX,1071302,BOI,2200,-2,4,-6,4.030194512
8355,08/05/2018,20304,N187SY,3481,1080003,BUR,1483106,SJC,1250,-15,1358,-17,4.030194512
8356,08/05/2018,20304,N188SY,3482,1405702,PDX,1486903,SLC,1924,-8,2214,-9,4.030194512
8357,08/05/2018,20304,N185SY,3483,1467903,SAN,1071302,BOI,1758,-17,2111,-18,4.030194512
8358,08/05/2018,20304,N198SY,3484,1071302,BOI,1467903,SAN,1013,-2,1129,-8,4.030194512
8359,08/05/2018,20304,N193SY,3485,1389101,ONT,1405702,PDX,1907,-12,2126,-10,4.030194512
8360,08/05/2018,20304,N175SY,3486,1347605,MRY,1467903,SAN,926,-8,1046,-5,4.030194512
8361,08/05/2018,20304,N170SY,3488,1405702,PDX,1062003,BIL,1525,1,1813,-12,4.030194512
8362,08/05/2018,20304,N178SY,3489,1163807,FAT,1474703,SEA,609,0,817,-6,4.030194512
8363,08/05/2018,20304,N402SY,3490,1474703,SEA,1163807,FAT,1740,-5,1947,-16,4.030194512
8364,08/05/2018,20304,N178SY,3492,1405702,PDX,1071302,BOI,1731,-4,1949,0,4.030194512
8365,08/05/2018,20304,N199SY,3493,1489302,SMF,1467903,SAN,559,-1,743,6,4.030194512
8366,08/05/2018,20304,N170SY,3494,1405702,PDX,1080003,BUR,902,-3,1126,6,4.030194512
8367,08/05/2018,20304,N170SY,3495,1071302,BOI,1405702,PDX,755,-5,811,-6,4.030194512
8368,08/05/2018,20304,N173SY,3496,1405702,PDX,1080003,BUR,1542,-13,1752,-18,4.030194512
8369,08/05/2018,20304,N170SY,3497,1080003,BUR,1405702,PDX,1156,-4,1413,-4,4.030194512
8370,08/05/2018,20304,N173SY,3498,1405702,PDX,1457002,RNO,1044,-1,1211,-9,4.030194512
8371,08/05/2018,20304,N173SY,3499,1080003,BUR,1405702,PDX,1839,-11,2053,-15,4.030194512
8372,08/05/2018,20304,N274SY,3520,1069302,BNA,1295304,LGA,1052,-8,1410,-10,4.030194512
8373,08/05/2018,20304,N256SY,3521,1486903,SLC,1489302,SMF,1527,-1,1612,-3,4.030194512
8374,08/05/2018,20304,N256SY,3521,1489302,SMF,1486903,SLC,1650,5,1924,1,4.030194512
8375,08/05/2018,20304,N273SY,3522,1449202,RDU,1295304,LGA,1124,204,1251,182,0
8376,08/05/2018,20304,N252SY,3523,1457002,RNO,1486903,SLC,1651,-4,1905,-18,4.030194512
8377,08/05/2018,20304,N252SY,3523,1486903,SLC,1457002,RNO,1539,-1,1614,5,4.030194512
8378,08/05/2018,20304,N246SY,3524,1129202,DEN,1486903,SLC,1924,-6,2109,2,4.030194512
8379,08/05/2018,20304,N246SY,3524,1486903,SLC,1129202,DEN,1711,6,1851,13,4.030194512
8380,08/05/2018,20304,N447SW,3525,1348702,MSP,1463303,RST,1634,-7,1712,-19,4.030194512
8381,08/05/2018,20304,N447SW,3525,1463303,RST,1348702,MSP,1751,-5,1847,-7,4.030194512
8382,08/05/2018,20304,N608SK,3526,1348702,MSP,1501606,STL,1520,16,1655,17,0
8383,08/05/2018,20304,N608SK,3526,1501606,STL,1348702,MSP,1722,9,1853,-1,4.030194512
8384,08/05/2018,20304,N272SY,3527,1393006,ORD,1247805,JFK,2140,163,100,147,0
8385,08/05/2018,20304,N244SY,3528,1486903,SLC,1129202,DEN,2158,70,2321,65,0
8386,08/05/2018,20304,N896SK,3529,1143302,DTW,1245102,JAX,2012,-3,2237,-2,4.030194512
8387,08/05/2018,20304,N814SK,3530,1071302,BOI,1486903,SLC,1303,-2,1422,3,4.030194512
8388,08/05/2018,20304,N814SK,3530,1486903,SLC,1071302,BOI,1113,-2,1230,2,4.030194512
8389,08/05/2018,20304,N452SW,3531,1018502,AEX,1039707,ATL,1817,38,2122,53,38
8390,08/05/2018,20304,N452SW,3531,1039707,ATL,1018502,AEX,1621,-5,1657,-17,4.030194512
8391,08/05/2018,20304,N254SY,3532,1490803,SNA,1288903,LAS,749,-6,910,-2,4.030194512
8392,08/05/2018,20304,N824SK,3533,1129806,DFW,1348702,MSP,1145,0,1412,3,4.030194512
8393,08/05/2018,20304,N824SK,3533,1348702,MSP,1129806,DFW,827,-3,1103,-7,4.030194512
8394,08/05/2018,20304,N979EV,3534,1302902,LNK,1348702,MSP,721,34,834,19,0
8395,08/05/2018,20304,N912EV,3535,1302902,LNK,1348702,MSP,1045,-3,1156,-19,4.030194512
8396,08/05/2018,20304,N912EV,3535,1348702,MSP,1302902,LNK,902,12,1017,-6,4.030194512
8397,08/05/2018,20304,N868AS,3536,1302902,LNK,1348702,MSP,1702,-7,1813,-29,4.030194512
8398,08/05/2018,20304,N868AS,3536,1348702,MSP,1302902,LNK,1510,-5,1639,-5,4.030194512
8399,08/05/2018,20304,N912EV,3537,1348702,MSP,1302902,LNK,1932,-3,2056,-2,4.030194512
8400,08/05/2018,20304,N170PQ,3538,1483106,SJC,1486903,SLC,1824,-6,2111,-11,4.030194512
8401,08/05/2018,20304,N170PQ,3538,1486903,SLC,1483106,SJC,1648,-7,1743,-9,4.030194512
8402,08/05/2018,20304,N247SY,3539,1405702,PDX,1474703,SEA,1859,-4,1949,-21,4.030194512
8403,08/05/2018,20304,N247SY,3539,1474703,SEA,1405702,PDX,1705,4,1801,0,4.030194512
8404,08/05/2018,20304,N241SY,3540,1457002,RNO,1486903,SLC,1834,-11,2056,-16,4.030194512
8405,08/05/2018,20304,N241SY,3540,1486903,SLC,1457002,RNO,1714,-6,1802,10,4.030194512
8406,08/05/2018,20304,N763SK,3541,1198603,GRR,1348702,MSP,1001,-2,1030,-9,4.030194512
8407,08/05/2018,20304,N763SK,3541,1348702,MSP,1198603,GRR,651,-4,928,0,4.030194512
8408,08/05/2018,20304,N773SK,3542,1323202,MDW,1348702,MSP,1942,-4,2104,-16,4.030194512
8409,08/05/2018,20304,N773SK,3542,1348702,MSP,1323202,MDW,1726,-4,1846,-25,4.030194512
8410,08/05/2018,20304,N764SK,3543,1348702,MSP,1119302,CVG,1312,-3,1558,-15,4.030194512
8411,08/05/2018,20304,N608SK,3544,1348702,MSP,1591904,XNA,1936,-4,2116,-23,4.030194512
8412,08/05/2018,20304,N771SK,3545,1143302,DTW,1334207,MKE,2209,9,2217,5,4.030194512
8413,08/05/2018,20304,N161PQ,3546,1143302,DTW,1385103,OKC,2012,17,2133,7,4.030194512
8414,08/05/2018,20304,N641CA,3547,1393006,ORD,1348702,MSP,613,-4,738,-11,4.030194512
8415,08/05/2018,20304,N692CA,3548,1129202,DEN,1486903,SLC,709,-1,843,-4,4.030194512
8416,08/05/2018,20304,N259SY,3549,1281902,KTN,1474703,SEA,1331,11,1638,10,4.030194512
8417,08/05/2018,20304,N259SY,3549,1474703,SEA,1281902,KTN,1121,0,1225,-25,4.030194512
8418,08/05/2018,20304,N779CA,3550,1039707,ATL,1295106,LFT,1619,-3,1703,-9,4.030194512
8419,08/05/2018,20304,N779CA,3550,1295106,LFT,1039707,ATL,1827,50,2109,40,40
8420,08/05/2018,20304,N554CA,3551,1215605,HLN,1348702,MSP,543,-2,914,-1,4.030194512
8421,08/05/2018,20304,N810SK,3552,1348702,MSP,1161802,EWR,1247,-3,1629,-10,4.030194512
8422,08/05/2018,20304,N810SK,3553,1425202,PSC,1348702,MSP,650,-10,1149,-13,4.030194512
8423,08/05/2018,20304,N452SW,3554,1039707,ATL,1327702,MGM,1316,-3,1302,-13,4.030194512
8424,08/05/2018,20304,N452SW,3554,1327702,MGM,1039707,ATL,1333,-7,1531,-12,4.030194512
8425,08/05/2018,20304,N773SK,3555,1323202,MDW,1348702,MSP,1506,-4,1627,-22,4.030194512
8426,08/05/2018,20304,N773SK,3555,1348702,MSP,1323202,MDW,1301,-2,1435,0,4.030194512
8427,08/05/2018,20304,N822SK,3556,1143302,DTW,1324402,MEM,1009,-1,1119,10,4.030194512
8428,08/05/2018,20304,N822SK,3556,1324402,MEM,1143302,DTW,1150,5,1439,-4,4.030194512
8429,08/05/2018,20304,N468CA,3557,1046902,AZO,1348702,MSP,1626,6,1658,-2,4.030194512
8430,08/05/2018,20304,N468CA,3557,1348702,MSP,1046902,AZO,1335,9,1551,-4,4.030194512
8431,08/05/2018,20304,N816SK,3558,1486903,SLC,1129806,DFW,1103,-7,1445,-7,4.030194512
8432,08/05/2018,20304,N944SW,3559,1227805,ICT,1348702,MSP,556,-9,735,-21,4.030194512
8433,08/05/2018,20304,N549CA,3560,1348702,MSP,1069302,BNA,2010,-5,2214,-16,4.030194512
8434,08/05/2018,20304,N812SK,3561,1486903,SLC,1385103,OKC,2023,-2,2358,7,4.030194512
8435,08/05/2018,20304,N953SW,3562,1039707,ATL,1337702,MLU,2037,-3,2100,-14,4.030194512
8436,08/05/2018,20304,N824SK,3563,1040805,ATW,1348702,MSP,554,2,714,14,4.030194512
8437,08/05/2018,20304,N445SW,3564,1046902,AZO,1143302,DTW,1005,-10,1051,-20,4.030194512
8438,08/05/2018,20304,N953SW,3565,1039707,ATL,1337702,MLU,1030,-7,1057,-13,4.030194512
8439,08/05/2018,20304,N953SW,3565,1337702,MLU,1039707,ATL,1123,-12,1401,-13,4.030194512
8440,08/05/2018,20304,N460SW,3566,1039707,ATL,1337702,MLU,1648,-8,1719,-17,4.030194512
8441,08/05/2018,20304,N460SW,3566,1337702,MLU,1039707,ATL,1749,-13,2026,-18,4.030194512
8442,08/05/2018,20304,N771SK,3567,1385103,OKC,1143302,DTW,1821,32,2134,13,4.030194512
8443,08/05/2018,20304,N254SY,3568,1288903,LAS,1490803,SNA,2004,-11,2118,-4,4.030194512
8444,08/05/2018,20304,N689CA,3569,1449202,RDU,1530402,TPA,858,-2,1044,-11,4.030194512
8445,08/05/2018,20304,N689CA,3569,1530402,TPA,1449202,RDU,1130,-5,1321,-3,4.030194512
8446,08/05/2018,20304,N633SK,3570,1143302,DTW,1430705,PVD,1215,-5,1413,1,4.030194512
8447,08/05/2018,20304,N633SK,3570,1430705,PVD,1143302,DTW,1446,-7,1645,-9,4.030194512
8448,08/05/2018,20304,N910EV,3571,1039707,ATL,1043105,AVL,1054,64,1142,50,0
8449,08/05/2018,20304,N910EV,3571,1043105,AVL,1039707,ATL,1219,52,1316,41,0
8450,08/05/2018,20304,N246SY,3572,1486903,SLC,1501606,STL,937,-3,1330,-5,4.030194512
8451,08/05/2018,20304,N246SY,3572,1501606,STL,1486903,SLC,1406,1,1636,21,0
8452,08/05/2018,20304,N161PQ,3573,1143302,DTW,1334207,MKE,1006,-4,1014,-9,4.030194512
8453,08/05/2018,20304,N161PQ,3573,1334207,MKE,1143302,DTW,1052,-6,1254,-18,4.030194512
8454,08/05/2018,20304,N807SK,3574,1143302,DTW,1233904,IND,1419,26,1519,17,0
8455,08/05/2018,20304,N807SK,3574,1233904,IND,1143302,DTW,1557,18,1657,0,4.030194512
8456,08/05/2018,20304,N633SK,3575,1294503,LEX,1143302,DTW,926,-4,1040,-10,4.030194512
8457,08/05/2018,20304,N874AS,3576,1393006,ORD,1119302,CVG,2028,28,2236,22,0
8458,08/05/2018,20304,N247SY,3577,1319801,MCI,1474703,SEA,704,-1,913,13,4.030194512
8459,08/05/2018,20304,N802SK,3578,1468305,SAT,1486903,SLC,1520,60,1714,65,0
8460,08/05/2018,20304,N802SK,3578,1486903,SLC,1468305,SAT,1105,75,1446,61,0
8461,08/05/2018,20304,N824SK,3579,1348702,MSP,1129806,DFW,1754,14,2033,16,0
8462,08/05/2018,20304,N679CA,3580,1119302,CVG,1348702,MSP,1112,91,1154,69,0
8463,08/05/2018,20304,N448SW,3581,1348702,MSP,1227805,ICT,1930,-5,2117,-11,4.030194512
8464,08/05/2018,20304,N953SW,3582,1130802,DHN,1039707,ATL,647,-8,901,-3,4.030194512
8465,08/05/2018,20304,N264SY,3583,1295304,LGA,1069302,BNA,1625,0,1741,-29,4.030194512
8466,08/05/2018,20304,N432SW,3584,1039707,ATL,1195302,GNV,1555,-4,1710,-8,4.030194512
8467,08/05/2018,20304,N432SW,3584,1195302,GNV,1039707,ATL,1926,101,2036,82,82
8468,08/05/2018,20304,N259SY,3585,1474703,SEA,1319801,MCI,1717,2,2241,-4,4.030194512
8469,08/05/2018,20304,N267SY,3586,1072102,BOS,1099402,CHS,1645,350,1908,334,0
8470,08/05/2018,20304,N170PQ,3587,1393006,ORD,1486903,SLC,834,44,1058,36,0
8471,08/05/2018,20304,N896SK,3588,1348702,MSP,1226603,IAH,1128,-2,1413,-25,4.030194512
8472,08/05/2018,20304,N805SK,3589,1324402,MEM,1348702,MSP,600,0,814,1,4.030194512
8473,08/05/2018,20304,N625CA,3590,1486903,SLC,1037205,ASE,1105,0,1235,15,0
8474,08/05/2018,20304,N187PQ,3591,1119302,CVG,1069302,BNA,1852,-3,1851,-14,4.030194512
8475,08/05/2018,20304,N259SY,3592,1405702,PDX,1474703,SEA,915,-6,1020,-21,4.030194512
8476,08/05/2018,20304,N259SY,3592,1474703,SEA,1405702,PDX,739,-1,832,-13,4.030194512
8477,08/05/2018,20304,N825SK,3593,1245102,JAX,1143302,DTW,657,-3,924,4,4.030194512
8478,08/05/2018,20304,N820SK,3594,1348702,MSP,1226603,IAH,1820,40,2117,37,0
8479,08/05/2018,20304,N440SW,3595,1100303,CID,1143302,DTW,1737,58,2022,67,0
8480,08/05/2018,20304,N440SW,3595,1143302,DTW,1100303,CID,1631,56,1712,58,0
8481,08/05/2018,20304,N258SY,3596,1289208,LAX,1288903,LAS,1459,-6,1606,-27,4.030194512
8482,08/05/2018,20304,N601XJ,3597,1560702,VLD,1039707,ATL,607,-8,708,-10,4.030194512
8483,08/05/2018,20304,N431SW,3598,1039707,ATL,1560702,VLD,1510,-5,1621,0,4.030194512
8484,08/05/2018,20304,N431SW,3598,1560702,VLD,1039707,ATL,1645,-1,1758,-7,4.030194512
8485,08/05/2018,20304,N692CA,3599,1226603,IAH,1348702,MSP,1436,25,1726,26,0
8486,08/05/2018,20304,N899SK,3600,1129806,DFW,1348702,MSP,756,-4,1036,1,4.030194512
8487,08/05/2018,20304,N604SK,3601,1025702,ALB,1143302,DTW,1723,-10,1906,-18,4.030194512
8488,08/05/2018,20304,N604SK,3601,1143302,DTW,1025702,ALB,1516,-3,1647,-11,4.030194512
8489,08/05/2018,20304,N802SK,3603,1486903,SLC,1393006,ORD,1759,54,2156,37,0
8490,08/05/2018,20304,N257SY,3604,1319801,MCI,1486903,SLC,1803,6,1943,7,4.030194512
8491,08/05/2018,20304,N257SY,3604,1486903,SLC,1319801,MCI,1354,-1,1730,3,4.030194512
8492,08/05/2018,20304,N772SK,3605,1537002,TUL,1143302,DTW,556,-4,919,2,4.030194512
8493,08/05/2018,20304,N613SK,3606,1226603,IAH,1348702,MSP,1105,245,1334,219,0
8494,08/05/2018,20304,N267SY,3607,1069302,BNA,1072102,BOS,1239,369,1610,365,0
8495,08/05/2018,20304,N689CA,3608,1143302,DTW,1040805,ATW,2003,-6,2015,-13,4.030194512
8496,08/05/2018,20304,N257SY,3609,1288903,LAS,1486903,SLC,624,-1,859,9,4.030194512
8497,08/05/2018,20304,N252SY,3610,1486903,SLC,1501606,STL,2010,-6,1,-7,4.030194512
8498,08/05/2018,20304,N768SK,3611,1040805,ATW,1143302,DTW,700,-5,912,-11,4.030194512
8499,08/05/2018,20304,N689CA,3612,1161802,EWR,1143302,DTW,1655,-8,1827,-42,4.030194512
8500,08/05/2018,20304,N632SK,3613,1348702,MSP,1393006,ORD,2008,-3,2133,-14,4.030194512
8501,08/05/2018,20304,N926EV,3614,1463303,RST,1348702,MSP,624,-6,715,0,4.030194512
8502,08/05/2018,20304,N274SY,3615,1295304,LGA,1105703,CLT,1457,-3,1704,-25,4.030194512
8503,08/05/2018,20304,N868AS,3617,1288403,LAN,1348702,MSP,723,-6,811,-4,4.030194512
8504,08/05/2018,20304,N921EV,3619,1288403,LAN,1348702,MSP,1316,5,1348,-2,4.030194512
8505,08/05/2018,20304,N459SW,3620,1143302,DTW,1288403,LAN,1726,-4,1812,-3,4.030194512
8506,08/05/2018,20304,N457SW,3623,1227805,ICT,1348702,MSP,1834,71,2003,46,0
8507,08/05/2018,20304,N457SW,3623,1348702,MSP,1227805,ICT,1616,71,1806,68,0
8508,08/05/2018,20304,N915EV,3627,1143302,DTW,1157706,ERI,1725,-5,1832,6,4.030194512
8509,08/05/2018,20304,N915EV,3627,1157706,ERI,1143302,DTW,1851,-4,1959,-5,4.030194512
8510,08/05/2018,20304,N629BR,3630,1348702,MSP,1172105,FNT,1514,14,1753,11,4.030194512
8511,08/05/2018,20304,N912EV,3640,1172105,FNT,1348702,MSP,718,-12,807,-3,4.030194512
8512,08/05/2018,20304,N875AS,3642,1348702,MSP,1172105,FNT,2043,18,2325,13,4.030194512
8513,08/05/2018,20304,N629BR,3643,1172105,FNT,1348702,MSP,1822,12,1853,-1,4.030194512
8514,08/05/2018,20304,N463SW,3647,1143302,DTW,1157706,ERI,1313,63,1356,49,0
8515,08/05/2018,20304,N463SW,3647,1157706,ERI,1143302,DTW,1416,43,1505,23,0
8516,08/05/2018,20304,N427SW,3651,1039707,ATL,1295106,LFT,1400,15,1436,1,4.030194512
8517,08/05/2018,20304,N427SW,3651,1295106,LFT,1039707,ATL,1459,-1,1802,11,4.030194512
8518,08/05/2018,20304,N457SW,3654,1348702,MSP,1288403,LAN,2036,-4,2312,-8,4.030194512
8519,08/05/2018,20304,N440SW,3658,1143302,DTW,1157706,ERI,2152,-3,2247,-3,4.030194512
8520,08/05/2018,20304,N459SW,3660,1288403,LAN,1143302,DTW,1838,-2,1920,-5,4.030194512
8521,08/05/2018,20304,N915EV,3661,1143302,DTW,1288403,LAN,2200,-5,2241,-7,4.030194512
8522,08/05/2018,20304,N8828D,3662,1288403,LAN,1143302,DTW,617,-3,704,0,4.030194512
8523,08/05/2018,20304,N440SW,3666,1157706,ERI,1143302,DTW,1158,98,1254,85,0
8524,08/05/2018,20304,N822SK,3671,1348702,MSP,1387102,OMA,2220,14,2327,10,4.030194512
8525,08/05/2018,20304,N679CA,3672,1069302,BNA,1119302,CVG,831,96,1037,92,0
8526,08/05/2018,20304,N689CA,3673,1449202,RDU,1161802,EWR,1405,6,1541,2,4.030194512
8527,08/05/2018,20304,N820SK,3674,1319801,MCI,1348702,MSP,1629,55,1744,44,0
8528,08/05/2018,20304,N820SK,3674,1348702,MSP,1319801,MCI,1427,55,1556,57,0
8529,08/05/2018,20304,N8968E,3675,1342202,MOB,1039707,ATL,707,-8,918,-17,4.030194512
8530,08/05/2018,20304,N255SY,3676,1474703,SEA,1071302,BOI,1550,30,1815,23,0
8531,08/05/2018,20304,N810SK,3678,1161802,EWR,1449202,RDU,1707,-7,1854,-28,4.030194512
8532,08/05/2018,20304,N922EV,3679,1098002,CHA,1143302,DTW,1856,-9,2045,-11,4.030194512
8533,08/05/2018,20304,N807SK,3680,1143302,DTW,1129806,DFW,1953,-5,2136,-14,4.030194512
8534,08/05/2018,20304,N269SY,3681,1247805,JFK,1393006,ORD,702,-3,817,-33,4.030194512
8535,08/05/2018,20304,N162PQ,3682,1069302,BNA,1449202,RDU,1127,-3,1403,-1,4.030194512
8536,08/05/2018,20304,N258SY,3683,1244102,JAC,1289208,LAX,1252,-7,1418,-5,4.030194512
8537,08/05/2018,20304,N258SY,3683,1289208,LAX,1244102,JAC,903,-2,1210,-11,4.030194512
8538,08/05/2018,20304,N445SW,3684,1143302,DTW,1323002,MDT,1555,-5,1723,-4,4.030194512
8539,08/05/2018,20304,N445SW,3684,1323002,MDT,1143302,DTW,1749,-3,1922,-3,4.030194512
8540,08/05/2018,20304,N548CA,3685,1449202,RDU,1069302,BNA,2023,3,2104,4,4.030194512
8541,08/05/2018,20304,N692CA,3686,1486903,SLC,1226603,IAH,1001,31,1402,26,0
8542,08/05/2018,20304,N897SK,3687,1104205,CLE,1348702,MSP,951,-9,1053,-12,4.030194512
8543,08/05/2018,20304,N461SW,3688,1105703,CLT,1119302,CVG,1446,16,1609,5,4.030194512
8544,08/05/2018,20304,N461SW,3688,1119302,CVG,1105703,CLT,1249,19,1410,10,4.030194512
8545,08/05/2018,20304,N261SY,3689,1072102,BOS,1245102,JAX,746,-4,1037,-3,4.030194512
8546,08/05/2018,20304,N910EV,3690,1039707,ATL,1560702,VLD,2105,-10,2208,-12,4.030194512
8547,08/05/2018,20304,N548CA,3691,1072102,BOS,1412202,PIT,1230,-5,1428,-3,4.030194512
8548,08/05/2018,20304,N265SY,3692,1247805,JFK,1393006,ORD,1622,12,1801,-20,4.030194512
8549,08/05/2018,20304,N641CA,3693,1501606,STL,1348702,MSP,2026,40,2200,40,0
8550,08/05/2018,20304,N269SY,3694,1393006,ORD,1247805,JFK,930,0,1242,-9,4.030194512
8551,08/05/2018,20304,N641CA,3695,1348702,MSP,1501606,STL,1816,46,1951,45,0
8552,08/05/2018,20304,N261SY,3696,1072102,BOS,1069302,BNA,1514,34,1717,41,0
8553,08/05/2018,20304,N494CA,3697,1143302,DTW,1098002,CHA,1952,-3,2132,-11,4.030194512
8554,08/05/2018,20304,N261SY,3699,1069302,BNA,1247805,JFK,1749,-6,2134,4,4.030194512
8555,08/05/2018,20304,N921EV,3700,1143302,DTW,1288403,LAN,1156,-4,1241,-5,4.030194512
8556,08/05/2018,20304,N261SY,3702,1247805,JFK,1432105,PWM,2211,1,2338,-11,4.030194512
8557,08/05/2018,20304,N926EV,3704,1348702,MSP,1288403,LAN,1247,152,1523,150,0
8558,08/05/2018,20304,N446SW,3705,1143302,DTW,1199502,GSO,2010,-7,2150,-10,4.030194512
8559,08/05/2018,20304,N906SW,3706,1143302,DTW,1288403,LAN,835,-6,919,-9,4.030194512
8560,08/05/2018,20304,N906SW,3706,1288403,LAN,1143302,DTW,1001,-4,1046,-4,4.030194512
8561,08/05/2018,20304,N821SK,3707,1143302,DTW,1198603,GRR,1639,47,1727,38,0
8562,08/05/2018,20304,N821SK,3707,1198603,GRR,1143302,DTW,1801,31,1902,36,0
8563,08/05/2018,20304,N804SK,3709,1486903,SLC,1489302,SMF,1655,-1,1749,3,4.030194512
8564,08/05/2018,20304,N804SK,3709,1489302,SMF,1486903,SLC,1829,2,2052,-18,4.030194512
8565,08/05/2018,20304,N262SY,3710,1069302,BNA,1295304,LGA,1031,120,1327,97,0
8566,08/05/2018,20304,N926EV,3712,1288403,LAN,1143302,DTW,1552,132,1639,132,0
8567,08/05/2018,20304,N463SW,3713,1143302,DTW,1221702,HSV,1956,1,2034,-12,4.030194512
8568,08/05/2018,20304,N882AS,3714,1197705,GRB,1348702,MSP,1541,-10,1654,-6,4.030194512
8569,08/05/2018,20304,N882AS,3714,1348702,MSP,1197705,GRB,1403,-5,1502,-14,4.030194512
8570,08/05/2018,20304,N896SK,3717,1226603,IAH,1143302,DTW,1511,-4,1856,-16,4.030194512
8571,08/05/2018,20304,N468CA,3718,1197705,GRB,1348702,MSP,1140,-10,1304,3,4.030194512
8572,08/05/2018,20304,N468CA,3718,1348702,MSP,1197705,GRB,959,0,1103,-9,4.030194512
8573,08/05/2018,20304,N273SY,3719,1295304,LGA,1393006,ORD,1403,-12,1522,-35,4.030194512
8574,08/05/2018,20304,N448SW,3720,1288403,LAN,1348702,MSP,1806,-1,1841,-8,4.030194512
8575,08/05/2018,20304,N448SW,3720,1348702,MSP,1288403,LAN,1503,-2,1736,-4,4.030194512
8576,08/05/2018,20304,N594SW,3721,1199502,GSO,1143302,DTW,717,-2,853,-11,4.030194512
8577,08/05/2018,20304,N631SK,3723,1197705,GRB,1348702,MSP,1713,-7,1821,-16,4.030194512
8578,08/05/2018,20304,N631SK,3723,1348702,MSP,1197705,GRB,1530,-6,1628,-16,4.030194512
8579,08/05/2018,20304,N269SY,3726,1295304,LGA,1412202,PIT,2103,7,2230,-5,4.030194512
8580,08/05/2018,20304,N261SY,3727,1245102,JAX,1072102,BOS,1153,38,1426,26,0
8581,08/05/2018,20304,N256SY,3728,1014005,ABQ,1486903,SLC,1154,-2,1329,-3,4.030194512
8582,08/05/2018,20304,N256SY,3728,1486903,SLC,1014005,ABQ,929,-6,1112,-8,4.030194512
8583,08/05/2018,20304,N461SW,3729,1119302,CVG,1449202,RDU,856,-4,1010,-15,4.030194512
8584,08/05/2018,20304,N461SW,3729,1449202,RDU,1119302,CVG,1049,-1,1212,-16,4.030194512
8585,08/05/2018,20304,N243SY,3730,1474703,SEA,1486903,SLC,2045,0,2333,-13,4.030194512
8586,08/05/2018,20304,N459SW,3731,1143302,DTW,1199603,GSP,829,-6,1011,-11,4.030194512
8587,08/05/2018,20304,N459SW,3731,1199603,GSP,1143302,DTW,1100,-10,1242,-17,4.030194512
8588,08/05/2018,20304,N608SK,3732,1072102,BOS,1119302,CVG,959,9,1203,-9,4.030194512
8589,08/05/2018,20304,N8933B,3733,1172105,FNT,1348702,MSP,1302,-4,1341,-8,4.030194512
8590,08/05/2018,20304,N8933B,3733,1348702,MSP,1172105,FNT,955,-4,1230,-8,4.030194512
8591,08/05/2018,20304,N262SY,3734,1295304,LGA,1393006,ORD,1931,196,2055,175,0
8592,08/05/2018,20304,N276SY,3736,1393006,ORD,1295304,LGA,1713,43,2025,45,0
8593,08/05/2018,20304,N693CA,3737,1143302,DTW,1299206,LIT,2039,8,2136,-3,4.030194512
8594,08/05/2018,20304,N494CA,3738,1143302,DTW,1323002,MDT,952,-6,1122,2,4.030194512
8595,08/05/2018,20304,N494CA,3738,1323002,MDT,1143302,DTW,1249,64,1410,55,53
8596,08/05/2018,20304,N766SK,3740,1059904,BHM,1143302,DTW,1132,-5,1436,-6,4.030194512
8597,08/05/2018,20304,N766SK,3740,1143302,DTW,1059904,BHM,958,-7,1055,-7,4.030194512
8598,08/05/2018,20304,N815SK,3741,1143302,DTW,1334207,MKE,1751,8,1756,0,4.030194512
8599,08/05/2018,20304,N633SK,3743,1143302,DTW,1294503,LEX,1731,-4,1842,-8,4.030194512
8600,08/05/2018,20304,N633SK,3743,1294503,LEX,1143302,DTW,1924,-1,2037,-6,4.030194512
8601,08/05/2018,20304,N805SK,3744,1143302,DTW,1294503,LEX,2159,-6,2306,-15,4.030194512
8602,08/05/2018,20304,N919EV,3746,1039707,ATL,1327702,MGM,858,-4,853,-8,4.030194512
8603,08/05/2018,20304,N919EV,3746,1327702,MGM,1039707,ATL,920,-6,1125,-4,4.030194512
8604,08/05/2018,20304,N771SK,3748,1143302,DTW,1226402,IAD,1034,-1,1157,-7,4.030194512
8605,08/05/2018,20304,N771SK,3748,1226402,IAD,1143302,DTW,1302,2,1429,-11,4.030194512
8606,08/05/2018,20304,N607SK,3750,1334207,MKE,1143302,DTW,852,-8,1055,-17,4.030194512
8607,08/05/2018,20304,N813SK,3751,1449202,RDU,1072102,BOS,1446,8,1703,18,3
8608,08/05/2018,20304,N689CA,3753,1052906,BDL,1449202,RDU,627,-3,812,-6,4.030194512
8609,08/05/2018,20304,N805SK,3755,1348702,MSP,1468305,SAT,905,0,1147,-22,4.030194512
8610,08/05/2018,20304,N548CA,3757,1072102,BOS,1449202,RDU,1731,3,1945,0,4.030194512
8611,08/05/2018,20304,N810SK,3758,1449202,RDU,1530402,TPA,1955,-4,2145,-11,4.030194512
8612,08/05/2018,20304,N267SY,3759,1099402,CHS,1072102,BOS,1943,328,2205,322,0
8613,08/05/2018,20304,N265SY,3763,1393006,ORD,1295304,LGA,1834,4,2145,0,4.030194512
8614,08/05/2018,20304,N604SK,3765,1348702,MSP,1323202,MDW,1002,3,1137,-3,4.030194512
8615,08/05/2018,20304,N633SK,3766,1143302,DTW,1046902,AZO,2205,-2,2249,-9,4.030194512
8616,08/05/2018,20304,N260SY,3767,1326403,MFR,1474703,SEA,1630,0,1751,1,4.030194512
8617,08/05/2018,20304,N260SY,3767,1474703,SEA,1326403,MFR,1341,-4,1455,-17,4.030194512
8618,08/05/2018,20304,N429SW,3769,1143302,DTW,1469608,SBN,1659,64,1743,44,10
8619,08/05/2018,20304,N944SW,3769,1469608,SBN,1143302,DTW,1720,-5,1818,-9,4.030194512
8620,08/05/2018,20304,N549CA,3770,1226603,IAH,1348702,MSP,1113,12,1345,-5,4.030194512
8621,08/05/2018,20304,N822SK,3772,1143302,DTW,1468305,SAT,1544,4,1747,-2,4.030194512
8622,08/05/2018,20304,N805SK,3774,1468305,SAT,1143302,DTW,1237,-7,1644,-10,4.030194512
8623,08/05/2018,20304,N8968E,3775,1039707,ATL,1195302,GNV,1316,6,1424,-6,4.030194512
8624,08/05/2018,20304,N8968E,3775,1195302,GNV,1039707,ATL,1450,-5,1602,-22,4.030194512
8625,08/05/2018,20304,N873AS,3776,1143302,DTW,1199502,GSO,1025,-5,1157,-13,4.030194512
8626,08/05/2018,20304,N873AS,3776,1199502,GSO,1143302,DTW,1254,-6,1446,-2,4.030194512
8627,08/05/2018,20304,N8932C,3777,1143302,DTW,1473003,SDF,816,-4,927,-15,4.030194512
8628,08/05/2018,20304,N8932C,3777,1473003,SDF,1143302,DTW,956,-11,1109,-21,4.030194512
8629,08/05/2018,20304,N8884E,3778,1039707,ATL,1327702,MGM,1459,-4,1452,-9,4.030194512
8630,08/05/2018,20304,N8884E,3778,1327702,MGM,1039707,ATL,1517,-9,1714,-17,4.030194512
8631,08/05/2018,20304,N873AS,3779,1143302,DTW,1473003,SDF,1547,-4,1707,-9,4.030194512
8632,08/05/2018,20304,N873AS,3779,1473003,SDF,1143302,DTW,1739,-3,1902,-7,4.030194512
8633,08/05/2018,20304,N857AS,3780,1039707,ATL,1337702,MLU,1318,-6,1339,-11,4.030194512
8634,08/05/2018,20304,N857AS,3780,1337702,MLU,1039707,ATL,1409,-6,1638,-20,4.030194512
8635,08/05/2018,20304,N805SK,3781,1143302,DTW,1473003,SDF,1731,-4,1850,-6,4.030194512
8636,08/05/2018,20304,N805SK,3781,1473003,SDF,1143302,DTW,1924,-7,2041,-17,4.030194512
8637,08/05/2018,20304,N554CA,3782,1324402,MEM,1348702,MSP,1724,-1,1940,-4,4.030194512
8638,08/05/2018,20304,N554CA,3782,1348702,MSP,1324402,MEM,1447,-4,1653,3,4.030194512
8639,08/05/2018,20304,N244SY,3783,1468305,SAT,1486903,SLC,1816,5,2000,-2,4.030194512
8640,08/05/2018,20304,N244SY,3783,1486903,SLC,1468305,SAT,1348,-3,1740,-1,4.030194512
8641,08/05/2018,20304,N823SK,3784,1348502,MSN,1348702,MSP,1954,-1,2101,-5,4.030194512
8642,08/05/2018,20304,N442SW,3786,1410803,PIA,1143302,DTW,1151,-9,1413,-18,4.030194512
8643,08/05/2018,20304,N897SK,3787,1143302,DTW,1104205,CLE,819,-6,912,-13,4.030194512
8644,08/05/2018,20304,N824SK,3789,1348502,MSN,1348702,MSP,1617,30,1719,19,0
8645,08/05/2018,20304,N824SK,3789,1348702,MSP,1348502,MSN,1448,40,1552,40,37
8646,08/05/2018,20304,N455CA,3793,1039707,ATL,1115005,CSG,1338,-2,1415,-13,4.030194512
8647,08/05/2018,20304,N455CA,3793,1115005,CSG,1039707,ATL,1447,-6,1534,-11,4.030194512
8648,08/05/2018,20304,N448SW,3794,1189802,GFK,1348702,MSP,454,-6,553,-18,4.030194512
8649,08/05/2018,20304,N807SK,3795,1104205,CLE,1143302,DTW,1219,-1,1300,-15,4.030194512
8650,08/05/2018,20304,N773SK,3796,1348702,MSP,1189802,GFK,2152,-6,2301,-13,4.030194512
8651,08/05/2018,20304,N258SY,3798,1071302,BOI,1289208,LAX,702,-2,809,-16,4.030194512
8652,08/05/2018,20304,N240SY,3803,1474703,SEA,1071302,BOI,1217,-3,1500,5,4.030194512
8653,08/05/2018,20304,N255SY,3804,1405702,PDX,1474703,SEA,1426,72,1512,55,0
8654,08/05/2018,20304,N255SY,3804,1474703,SEA,1405702,PDX,1146,11,1246,8,4.030194512
8655,08/05/2018,20304,N878AS,3809,1126702,DAY,1143302,DTW,1816,-4,1913,-12,4.030194512
8656,08/05/2018,20304,N889AS,3812,1143302,DTW,1294503,LEX,1155,-5,1308,-8,4.030194512
8657,08/05/2018,20304,N889AS,3812,1294503,LEX,1143302,DTW,1338,-3,1458,-2,4.030194512
8658,08/05/2018,20304,N693CA,3814,1143302,DTW,1412202,PIT,805,12,925,29,0
8659,08/05/2018,20304,N243SY,3816,1486903,SLC,1071302,BOI,1346,-1,1450,-11,4.030194512
8660,08/05/2018,20304,N693CA,3820,1412202,PIT,1348702,MSP,956,25,1102,17,0
8661,08/05/2018,20304,N856AS,3824,1221702,HSV,1143302,DTW,623,-6,916,-9,4.030194512
8662,08/05/2018,20304,N899SK,3825,1348702,MSP,1348502,MSN,1737,7,1835,-7,4.030194512
8663,08/05/2018,20304,N807SK,3828,1348702,MSP,1104205,CLE,842,-4,1134,-11,4.030194512
8664,08/05/2018,20304,N259SY,3829,1326403,MFR,1474703,SEA,536,-4,655,-2,4.030194512
8665,08/05/2018,20304,N813SK,3831,1449202,RDU,1072102,BOS,911,-2,1117,0,4.030194512
8666,08/05/2018,20304,N161PQ,3833,1432105,PWM,1143302,DTW,540,0,742,-7,4.030194512
8667,08/05/2018,20304,N162PQ,3836,1449202,RDU,1052906,BDL,2221,90,2355,79,0
8668,08/05/2018,20304,N693CA,3837,1106606,CMH,1143302,DTW,1908,24,2005,14,4.030194512
8669,08/05/2018,20304,N825SK,3838,1143302,DTW,1432105,PWM,1019,2,1224,14,4.030194512
8670,08/05/2018,20304,N825SK,3838,1432105,PWM,1143302,DTW,1254,7,1455,0,4.030194512
8671,08/05/2018,20304,N604SK,3839,1143302,DTW,1537002,TUL,2022,-3,2131,-16,4.030194512
8672,08/05/2018,20304,N162PQ,3840,1449202,RDU,1530402,TPA,1555,0,1847,58,0
8673,08/05/2018,20304,N162PQ,3840,1530402,TPA,1449202,RDU,1958,94,2145,89,31
8674,08/05/2018,20304,N825SK,3841,1143302,DTW,1432105,PWM,2006,3,2200,1,4.030194512
8675,08/05/2018,20304,N825SK,3842,1143302,DTW,1509602,SYR,1631,51,1745,38,0
8676,08/05/2018,20304,N825SK,3842,1509602,SYR,1143302,DTW,1818,36,1929,16,0
8677,08/05/2018,20304,N170PQ,3845,1080003,BUR,1486903,SLC,1259,-1,1556,1,4.030194512
8678,08/05/2018,20304,N170PQ,3845,1486903,SLC,1080003,BUR,1130,15,1219,1,4.030194512
8679,08/05/2018,20304,N264SY,3846,1295304,LGA,1412202,PIT,1117,2,1241,-23,4.030194512
8680,08/05/2018,20304,N548CA,3847,1412202,PIT,1072102,BOS,1504,-5,1653,5,4.030194512
8681,08/05/2018,20304,N979EV,3848,1348702,MSP,1100303,CID,906,11,1013,-1,4.030194512
8682,08/05/2018,20304,N264SY,3849,1412202,PIT,1295304,LGA,1350,-6,1513,-17,4.030194512
8683,08/05/2018,20304,N614SK,3850,1037205,ASE,1289208,LAX,1601,66,1710,64,0
8684,08/05/2018,20304,N768SK,3853,1143302,DTW,1219702,HPN,2005,-5,2159,3,4.030194512
8685,08/05/2018,20304,N813SK,3854,1072102,BOS,1449202,RDU,1155,-2,1408,5,4.030194512
8686,08/05/2018,20304,N253SY,3855,1504102,SUN,1486903,SLC,1250,-12,1354,-12,4.030194512
8687,08/05/2018,20304,N625CA,3856,1037205,ASE,1486903,SLC,1300,5,1418,8,4.030194512
8688,08/05/2018,20304,N241SY,3857,1504102,SUN,1486903,SLC,1517,-7,1619,-11,4.030194512
8689,08/05/2018,20304,N554CA,3859,1348702,MSP,1473003,SDF,950,0,1241,-7,4.030194512
8690,08/05/2018,20304,N554CA,3859,1473003,SDF,1348702,MSP,1316,-7,1411,-14,4.030194512
8691,08/05/2018,20304,N774SK,3860,1486903,SLC,1385103,OKC,1419,27,1718,4,4.030194512
8692,08/05/2018,20304,N907SW,3862,1486903,SLC,1445702,RAP,2026,6,2216,14,4.030194512
8693,08/05/2018,20304,N915EV,3863,1039707,ATL,1182304,FWA,1342,-4,1519,-17,4.030194512
8694,08/05/2018,20304,N437SW,3864,1143302,DTW,1410803,PIA,1006,-4,1022,-12,4.030194512
8695,08/05/2018,20304,N659BR,3865,1348702,MSP,1469608,SBN,1923,-7,2146,-19,4.030194512
8696,08/05/2018,20304,N763SK,3867,1348702,MSP,1463303,RST,1405,25,1443,18,0
8697,08/05/2018,20304,N607SK,3868,1143302,DTW,1040805,ATW,1203,-7,1224,-14,4.030194512
8698,08/05/2018,20304,N692CA,3869,1348702,MSP,1324402,MEM,1800,14,2011,10,4.030194512
8699,08/05/2018,20304,N442SW,3872,1039707,ATL,1410803,PIA,959,-6,1047,-11,4.030194512
8700,08/05/2018,20304,N629BR,3874,1143302,DTW,1100303,CID,1247,37,1319,31,0
8701,08/05/2018,20304,N764SK,3876,1452401,RIC,1348702,MSP,617,2,758,-12,4.030194512
8702,08/05/2018,20304,N442SW,3877,1143302,DTW,1126702,DAY,1545,-5,1636,-17,4.030194512
8703,08/05/2018,20304,N247SY,3878,1474703,SEA,1326403,MFR,2044,-11,2202,-15,4.030194512
8704,08/05/2018,20304,N800SK,3882,1348702,MSP,1501606,STL,939,-1,1107,-5,4.030194512
8705,08/05/2018,20304,N800SK,3882,1501606,STL,1348702,MSP,1147,0,1314,-4,4.030194512
8706,08/05/2018,20304,N244SY,3883,1080003,BUR,1486903,SLC,1010,-8,1259,-12,4.030194512
8707,08/05/2018,20304,N244SY,3883,1486903,SLC,1080003,BUR,832,-4,937,-5,4.030194512
8708,08/05/2018,20304,N631SK,3886,1299206,LIT,1143302,DTW,754,-6,1054,-11,4.030194512
8709,08/05/2018,20304,N773SK,3887,1348702,MSP,1387102,OMA,911,11,1025,0,4.030194512
8710,08/05/2018,20304,N773SK,3887,1387102,OMA,1348702,MSP,1057,-3,1206,-8,4.030194512
8711,08/05/2018,20304,N806SK,3889,1486903,SLC,1334207,MKE,1405,-5,1800,-7,4.030194512
8712,08/05/2018,20304,N916EV,3890,1348702,MSP,1445702,RAP,1116,-4,1154,-20,4.030194512
8713,08/05/2018,20304,N771SK,3892,1143302,DTW,1385103,OKC,1537,-3,1703,-16,4.030194512
8714,08/05/2018,20304,N822SK,3893,1468305,SAT,1348702,MSP,1831,7,2122,6,4.030194512
8715,08/05/2018,20304,N875AS,3894,1143302,DTW,1100303,CID,817,-3,854,-5,4.030194512
8716,08/05/2018,20304,N603SK,3896,1037205,ASE,1486903,SLC,720,-10,831,-17,4.030194512
8717,08/05/2018,20304,N806SK,3899,1334207,MKE,1143302,DTW,1840,-10,2048,-11,4.030194512
8718,08/05/2018,20304,N271SY,4110,1247805,JFK,1449202,RDU,806,1,945,-11,4.030194512
8719,08/05/2018,20304,N265SY,4111,1247805,JFK,1449202,RDU,1123,-2,1300,-12,4.030194512
8720,08/05/2018,20304,N271SY,4112,1247805,JFK,1105703,CLT,1244,-3,1437,-30,4.030194512
8721,08/05/2018,20304,N269SY,4113,1247805,JFK,1105703,CLT,1501,6,1729,2,4.030194512
8722,08/05/2018,20304,N253SY,4115,1501606,STL,1486903,SLC,810,-5,1026,1,4.030194512
8723,08/05/2018,20304,N549CA,4116,1062003,BIL,1348702,MSP,1612,-3,1910,-8,4.030194512
8724,08/05/2018,20304,N549CA,4116,1348702,MSP,1062003,BIL,1430,0,1536,-4,4.030194512
8725,08/05/2018,20304,N265SY,4120,1069302,BNA,1247805,JFK,659,-6,1020,-14,4.030194512
8726,08/05/2018,20304,N773SK,4122,1294503,LEX,1348702,MSP,635,-10,805,6,4.030194512
8727,08/05/2018,20304,N899SK,4123,1348502,MSN,1486903,SLC,1913,-4,2128,3,4.030194512
8728,08/05/2018,20304,N913EV,4124,1469608,SBN,1143302,DTW,751,-8,858,-6,4.030194512
8729,08/05/2018,20304,N601XJ,4125,1481402,SHV,1039707,ATL,1859,4,2151,12,4.030194512
8730,08/05/2018,20304,N609SK,4126,1198603,GRR,1348702,MSP,1315,17,1406,39,0
8731,08/05/2018,20304,N609SK,4126,1348702,MSP,1198603,GRR,946,-4,1240,17,0
8732,08/05/2018,20304,N900EV,4127,1126702,DAY,1348702,MSP,1600,-3,1650,-10,4.030194512
8733,08/05/2018,20304,N900EV,4127,1348702,MSP,1126702,DAY,1248,3,1535,-3,4.030194512
8734,08/05/2018,20304,N253SY,4128,1486903,SLC,1537603,TUS,1457,-3,1557,-1,4.030194512
8735,08/05/2018,20304,N253SY,4128,1537603,TUS,1486903,SLC,1632,-3,1914,-16,4.030194512
8736,08/05/2018,20304,N641CA,4131,1062003,BIL,1348702,MSP,1424,44,1720,39,0
8737,08/05/2018,20304,N641CA,4131,1348702,MSP,1062003,BIL,1244,74,1402,78,0
8738,08/05/2018,20304,N922EV,4133,1039707,ATL,1098002,CHA,1357,-3,1447,-6,4.030194512
8739,08/05/2018,20304,N922EV,4133,1098002,CHA,1039707,ATL,1511,-7,1600,-17,4.030194512
8740,08/05/2018,20304,N920EV,4135,1039707,ATL,1379502,OAJ,1202,-6,1328,-8,4.030194512
8741,08/05/2018,20304,N920EV,4135,1379502,OAJ,1039707,ATL,1356,-5,1528,-14,4.030194512
8742,08/05/2018,20304,N274SY,4141,1247805,JFK,1072102,BOS,2102,-3,2229,-9,4.030194512
8743,08/05/2018,20304,N271SY,4143,1072102,BOS,1247805,JFK,549,-1,715,2,4.030194512
8744,08/05/2018,20304,N768SK,4147,1143302,DTW,1430705,PVD,1005,-5,1201,-1,4.030194512
8745,08/05/2018,20304,N768SK,4147,1430705,PVD,1143302,DTW,1231,-6,1425,-11,4.030194512
8746,08/05/2018,20304,N262SY,4153,1295304,LGA,1334207,MKE,1416,106,1513,62,0
8747,08/05/2018,20304,N806SK,4154,1486903,SLC,1489302,SMF,856,-3,941,-6,4.030194512
8748,08/05/2018,20304,N806SK,4154,1489302,SMF,1486903,SLC,1024,-6,1302,-9,4.030194512
8749,08/05/2018,20304,N250SY,4156,1228002,IDA,1486903,SLC,1228,-6,1336,6,4.030194512
8750,08/05/2018,20304,N161PQ,4158,1143302,DTW,1430705,PVD,1413,-2,1618,11,4.030194512
8751,08/05/2018,20304,N161PQ,4158,1430705,PVD,1143302,DTW,1653,-7,1844,-15,4.030194512
8752,08/05/2018,20304,N439SW,4159,1039707,ATL,1295106,LFT,940,-4,1023,-3,4.030194512
8753,08/05/2018,20304,N439SW,4159,1295106,LFT,1039707,ATL,1052,-5,1329,-14,4.030194512
8754,08/05/2018,20304,N630SK,4160,1324402,MEM,1348702,MSP,1207,26,1413,26,0
8755,08/05/2018,20304,N630SK,4160,1348702,MSP,1324402,MEM,935,45,1138,32,0
8756,08/05/2018,20304,N274SY,4161,1099402,CHS,1295304,LGA,558,-2,752,-3,4.030194512
8757,08/05/2018,20304,N276SY,4162,1295304,LGA,1099402,CHS,2052,0,2250,-20,4.030194512
8758,08/05/2018,20304,N269SY,4163,1105703,CLT,1295304,LGA,1805,8,2023,11,4.030194512
8759,08/05/2018,20304,N455SW,4164,1143302,DTW,1469608,SBN,1742,-3,1843,0,4.030194512
8760,08/05/2018,20304,N607SK,4165,1040805,ATW,1348702,MSP,1307,-6,1415,-14,4.030194512
8761,08/05/2018,20304,N823SK,4166,1129806,DFW,1486903,SLC,1326,43,1506,36,0
8762,08/05/2018,20304,N823SK,4166,1486903,SLC,1129806,DFW,836,11,1228,20,0
8763,08/05/2018,20304,N766SK,4167,1046902,AZO,1143302,DTW,806,-9,858,-17,4.030194512
8764,08/05/2018,20304,N262SY,4169,1334207,MKE,1295304,LGA,1552,71,1849,51,0
8765,08/05/2018,20304,N763SK,4170,1348702,MSP,1294503,LEX,1808,18,2052,0,4.030194512
8766,08/05/2018,20304,N914EV,4171,1098002,CHA,1039707,ATL,819,-1,914,-10,4.030194512
8767,08/05/2018,20304,N431SW,4172,1039707,ATL,1098002,CHA,1203,-2,1254,-1,4.030194512
8768,08/05/2018,20304,N431SW,4172,1098002,CHA,1039707,ATL,1321,0,1432,7,4.030194512
8769,08/05/2018,20304,N857AS,4173,1177801,FSM,1039707,ATL,604,-6,852,-13,4.030194512
8770,08/05/2018,20304,N857AS,4174,1039707,ATL,1098002,CHA,2330,-5,8,-17,4.030194512
8771,08/05/2018,20304,N601XJ,4176,1039707,ATL,1481402,SHV,1743,-2,1836,6,4.030194512
8772,08/05/2018,20304,N613SK,4177,1348702,MSP,1452401,RIC,1410,85,1746,84,0
8773,08/05/2018,20304,N613SK,4177,1452401,RIC,1348702,MSP,1813,76,1950,56,0
8774,08/05/2018,20304,N919EV,4178,1457405,ROA,1039707,ATL,557,-3,721,-5,4.030194512
8775,08/05/2018,20304,N910EV,4180,1039707,ATL,1481402,SHV,1537,-3,1625,-5,4.030194512
8776,08/05/2018,20304,N764SK,4181,1119302,CVG,1129806,DFW,1656,-4,1814,-15,4.030194512
8777,08/05/2018,20304,N764SK,4181,1129806,DFW,1119302,CVG,1901,-4,2219,-7,4.030194512
8778,08/05/2018,20304,N263SY,4183,1295304,LGA,1449202,RDU,2110,161,2245,130,0
8779,08/05/2018,20304,N917EV,4184,1143302,DTW,1046902,AZO,1958,-2,2041,-11,4.030194512
8780,08/05/2018,20304,N767SK,4187,1387102,OMA,1486903,SLC,1334,15,1518,28,0
8781,08/05/2018,20304,N767SK,4187,1486903,SLC,1387102,OMA,929,-1,1238,-6,4.030194512
8782,08/05/2018,20304,N922EV,4189,1039707,ATL,1098002,CHA,1730,-10,1811,-25,4.030194512
8783,08/05/2018,20304,N881AS,4191,1039707,ATL,1115005,CSG,1946,-4,2033,-7,4.030194512
8784,08/05/2018,20304,N263SY,4193,1412202,PIT,1295304,LGA,908,0,1038,-12,4.030194512
8785,08/05/2018,20304,N820SK,4195,1062003,BIL,1348702,MSP,1052,19,1350,22,0
8786,08/05/2018,20304,N820SK,4195,1348702,MSP,1062003,BIL,854,4,1028,30,0
8787,08/05/2018,20304,N875AS,4197,1227805,ICT,1348702,MSP,1342,0,1527,-3,4.030194512
8788,08/05/2018,20304,N875AS,4197,1348702,MSP,1227805,ICT,1117,-3,1315,-2,4.030194512
8789,08/05/2018,20304,N268SY,4198,1295304,LGA,1393006,ORD,1921,426,2102,425,0
8790,08/05/2018,20304,N265SY,4199,1449202,RDU,1247805,JFK,1345,3,1546,17,0
8791,08/05/2018,20304,N594SW,4200,1336705,MLI,1348702,MSP,1710,-5,1843,6,4.030194512
8792,08/05/2018,20304,N498CA,4201,1110902,COS,1486903,SLC,1343,318,1521,303,0
8793,08/05/2018,20304,N900EV,4202,1336705,MLI,1348702,MSP,633,-8,807,-3,4.030194512
8794,08/05/2018,20304,N442SW,4203,1348702,MSP,1336705,MLI,2058,-2,2209,-9,4.030194512
8795,08/05/2018,20304,N594SW,4206,1143302,DTW,1336705,MLI,1544,-11,1603,-24,4.030194512
8796,08/05/2018,20304,N928EV,4207,1486903,SLC,1538902,TWF,1341,-4,1432,-8,4.030194512
8797,08/05/2018,20304,N928EV,4207,1538902,TWF,1486903,SLC,1456,-9,1544,-21,4.030194512
8798,08/05/2018,20304,N449SW,4208,1411302,PIH,1486903,SLC,1522,2,1622,2,4.030194512
8799,08/05/2018,20304,N449SW,4208,1486903,SLC,1411302,PIH,1421,31,1508,18,0
8800,08/05/2018,20304,N951SW,4211,1486903,SLC,1192102,GJT,2034,14,2142,22,0
8801,08/05/2018,20304,N889AS,4212,1143302,DTW,1336705,MLI,2108,53,2148,61,0
8802,08/05/2018,20304,N702BR,4213,1348702,MSP,1336705,MLI,1503,-7,1623,-3,4.030194512
8803,08/05/2018,20304,N438SW,4214,1486903,SLC,1110902,COS,2027,-3,2202,-7,4.030194512
8804,08/05/2018,20304,N675BR,4223,1233502,IMT,1348702,MSP,1042,-17,1147,-24,4.030194512
8805,08/05/2018,20304,N430SW,4224,1233502,IMT,1143302,DTW,1646,-6,1853,-21,4.030194512
8806,08/05/2018,20304,N506CA,4225,1486903,SLC,1589702,WYS,942,-3,1111,10,4.030194512
8807,08/05/2018,20304,N506CA,4225,1589702,WYS,1486903,SLC,1124,-2,1241,5,4.030194512
8808,08/05/2018,20304,N438SW,4226,1486903,SLC,1589702,WYS,1416,29,1511,22,0
8809,08/05/2018,20304,N438SW,4226,1589702,WYS,1486903,SLC,1529,14,1634,14,4.030194512
8810,08/05/2018,20304,N455SW,4248,1013505,ABE,1143302,DTW,1149,349,1314,325,0
8811,08/05/2018,20304,N913EV,4249,1013505,ABE,1143302,DTW,1804,28,1935,13,4.030194512
8812,08/05/2018,20304,N913EV,4249,1143302,DTW,1013505,ABE,1533,-2,1713,2,4.030194512
8813,08/05/2018,20304,N445SW,4251,1143302,DTW,1013505,ABE,2018,-5,2144,-15,4.030194512
8814,08/05/2018,20304,N498CA,4252,1110902,COS,1486903,SLC,1757,22,2003,42,0
8815,08/05/2018,20304,N498CA,4253,1486903,SLC,1110902,COS,1557,42,1732,36,0
8816,08/05/2018,20304,N928EV,4254,1112205,CPR,1486903,SLC,613,-7,739,-7,4.030194512
8817,08/05/2018,20304,N629BR,4255,1143302,DTW,1182304,FWA,1006,-2,1058,-6,4.030194512
8818,08/05/2018,20304,N629BR,4255,1182304,FWA,1143302,DTW,1123,-12,1224,-12,4.030194512
8819,08/05/2018,20304,N856AS,4256,1013505,ABE,1143302,DTW,1228,-2,1401,-15,4.030194512
8820,08/05/2018,20304,N856AS,4256,1143302,DTW,1013505,ABE,1030,0,1156,-5,4.030194512
8821,08/05/2018,20304,N906SW,4257,1143302,DTW,1182304,FWA,1544,-6,1641,-7,4.030194512
8822,08/05/2018,20304,N8903A,4258,1143302,DTW,1182304,FWA,1950,-5,2039,-12,4.030194512
8823,08/05/2018,20304,N429SW,4259,1182304,FWA,1143302,DTW,713,33,814,34,0
8824,08/05/2018,20304,N915EV,4260,1182304,FWA,1143302,DTW,1552,-9,1644,-16,4.030194512
8825,08/05/2018,20304,N702BR,4269,1336705,MLI,1143302,DTW,1651,0,1919,-5,4.030194512
8826,08/05/2018,20304,N675BR,4270,1336705,MLI,1143302,DTW,627,-3,857,-9,4.030194512
8827,08/05/2018,20304,N913EV,4277,1143302,DTW,1471105,SCE,1154,-6,1313,-1,4.030194512
8828,08/05/2018,20304,N913EV,4277,1471105,SCE,1143302,DTW,1334,-5,1501,1,4.030194512
8829,08/05/2018,20304,N856AS,4278,1143302,DTW,1471105,SCE,1537,-3,1650,-9,4.030194512
8830,08/05/2018,20304,N856AS,4278,1471105,SCE,1143302,DTW,1730,-4,1849,-4,4.030194512
8831,08/05/2018,20304,N8932C,4279,1471105,SCE,1143302,DTW,600,-10,706,-29,4.030194512
8832,08/05/2018,20304,N459SW,4280,1143302,DTW,1471105,SCE,2155,-5,2304,-13,4.030194512
8833,08/05/2018,20304,N879AS,4281,1143302,DTW,1507002,SWF,1156,-4,1339,-3,4.030194512
8834,08/05/2018,20304,N879AS,4281,1507002,SWF,1143302,DTW,1404,-3,1546,-9,4.030194512
8835,08/05/2018,20304,N8828D,4282,1143302,DTW,1507002,SWF,1531,1,1714,-1,4.030194512
8836,08/05/2018,20304,N8828D,4282,1507002,SWF,1143302,DTW,1740,0,1917,-8,4.030194512
8837,08/05/2018,20304,N809CA,4284,1109702,COD,1486903,SLC,1812,-8,1925,-15,4.030194512
8838,08/05/2018,20304,N809CA,4284,1486903,SLC,1109702,COD,1633,-2,1747,-8,4.030194512
8839,08/05/2018,20304,N675BR,4291,1143302,DTW,1233502,IMT,1002,-3,1017,-17,4.030194512
8840,08/05/2018,20304,N449SW,4292,1200305,GTF,1486903,SLC,1153,16,1330,15,0
8841,08/05/2018,20304,N449SW,4292,1486903,SLC,1200305,GTF,956,26,1131,19,0
8842,08/05/2018,20304,N8982A,4293,1200305,GTF,1486903,SLC,1745,-5,1905,-18,4.030194512
8843,08/05/2018,20304,N8982A,4293,1486903,SLC,1200305,GTF,1543,-2,1706,-15,4.030194512
8844,08/05/2018,20304,N453SW,4294,1307605,LSE,1348702,MSP,1109,-6,1149,-26,4.030194512
8845,08/05/2018,20304,N453SW,4294,1348702,MSP,1307605,LSE,948,-2,1029,-21,4.030194512
8846,08/05/2018,20304,N868CA,4295,1307605,LSE,1348702,MSP,1532,-12,1619,-30,4.030194512
8847,08/05/2018,20304,N868CA,4295,1348702,MSP,1307605,LSE,1416,-6,1505,-14,4.030194512
8848,08/05/2018,20304,N443SW,4296,1348702,MSP,1307605,LSE,2021,-5,2111,-18,4.030194512
8849,08/05/2018,20304,N548CA,4297,1072102,BOS,1334207,MKE,611,1,739,-18,4.030194512
8850,08/05/2018,20304,N607SK,4299,1348702,MSP,1537002,TUL,1458,-2,1650,-12,4.030194512
8851,08/05/2018,20304,N607SK,4299,1537002,TUL,1348702,MSP,1722,-15,1931,-11,4.030194512
8852,08/05/2018,20304,N609SK,4301,1348702,MSP,1473003,SDF,1459,-6,1753,-10,4.030194512
8853,08/05/2018,20304,N609SK,4301,1473003,SDF,1348702,MSP,1830,-8,1918,-27,4.030194512
8854,08/05/2018,20304,N548CA,4302,1334207,MKE,1072102,BOS,837,-3,1151,-4,4.030194512
8855,08/05/2018,20304,N813SK,4303,1334207,MKE,1072102,BOS,2010,20,2323,20,0
8856,08/05/2018,20304,N506CA,4305,1348602,MSO,1486903,SLC,1914,-11,2037,-19,4.030194512
8857,08/05/2018,20304,N506CA,4305,1486903,SLC,1348602,MSO,1705,-5,1853,7,4.030194512
8858,08/05/2018,20304,N250SY,4306,1486903,SLC,1228002,IDA,2021,-6,2115,-11,4.030194512
8859,08/05/2018,20304,N693CA,4307,1087402,CAK,1143302,DTW,625,0,710,-3,4.030194512
8860,08/05/2018,20304,N430SW,4309,1486903,SLC,1445702,RAP,931,-4,1117,-6,4.030194512
8861,08/05/2018,20304,N246SY,4312,1228002,IDA,1486903,SLC,748,-7,847,-10,4.030194512
8862,08/05/2018,20304,N256SY,4314,1326403,MFR,1486903,SLC,604,-6,855,3,4.030194512
8863,08/05/2018,20304,N241SY,4315,1486903,SLC,1326403,MFR,2200,-5,2242,-5,4.030194512
8864,08/05/2018,20304,N8968E,4316,1039707,ATL,1115005,CSG,1652,-7,1729,-19,4.030194512
8865,08/05/2018,20304,N922EV,4317,1115005,CSG,1039707,ATL,629,-1,711,-7,4.030194512
8866,08/05/2018,20304,N920EV,4319,1039707,ATL,1014602,ABY,2113,0,2202,-8,4.030194512
8867,08/05/2018,20304,N886AS,4322,1039707,ATL,1177801,FSM,1411,-3,1458,-7,4.030194512
8868,08/05/2018,20304,N886AS,4322,1177801,FSM,1039707,ATL,1526,-4,1832,12,4.030194512
8869,08/05/2018,20304,N906SW,4323,1039707,ATL,1098002,CHA,2011,7,2057,-3,4.030194512
8870,08/05/2018,20304,N8968E,4324,1115005,CSG,1039707,ATL,1805,-10,1925,17,0
8871,08/05/2018,20304,N439SW,4326,1039707,ATL,1098002,CHA,1837,-5,1920,-14,4.030194512
8872,08/05/2018,20304,N439SW,4326,1098002,CHA,1039707,ATL,1950,-9,2056,1,4.030194512
8873,08/05/2018,20304,N8884E,4328,1014602,ABY,1039707,ATL,625,-5,717,-12,4.030194512
8874,08/05/2018,20304,N881AS,4330,1039707,ATL,1481402,SHV,1350,-5,1433,-12,4.030194512
8875,08/05/2018,20304,N881AS,4330,1481402,SHV,1039707,ATL,1500,-10,1757,-6,4.030194512
8876,08/05/2018,20304,N625CA,4331,1486903,SLC,1501606,STL,1502,12,1838,0,4.030194512
8877,08/05/2018,20304,N625CA,4331,1501606,STL,1486903,SLC,1912,-1,2115,-9,4.030194512
8878,08/05/2018,20304,N431SW,4333,1098002,CHA,1039707,ATL,1025,-10,1110,-20,4.030194512
8879,08/05/2018,20304,N910EV,4334,1481402,SHV,1039707,ATL,1651,-4,1935,-10,4.030194512
8880,08/05/2018,20304,N431SW,4338,1039707,ATL,1177801,FSM,1954,25,2033,10,4.030194512
8881,08/05/2018,20304,N800SK,4439,1069302,BNA,1348702,MSP,1655,20,1923,35,4
8882,08/05/2018,20304,N800SK,4439,1348702,MSP,1069302,BNA,1354,-4,1616,16,0
8883,08/05/2018,20304,N614SK,4440,1537603,TUS,1289208,LAX,655,-7,850,-5,4.030194512
8884,08/05/2018,20304,N433SW,4443,1119302,CVG,1334207,MKE,1951,11,2001,1,4.030194512
8885,08/05/2018,20304,N461SW,4445,1105703,CLT,1119302,CVG,2020,21,2140,11,4.030194512
8886,08/05/2018,20304,N461SW,4445,1119302,CVG,1105703,CLT,1805,15,1956,28,0
8887,08/05/2018,20304,N8903A,4449,1143302,DTW,1318403,MBS,1547,-3,1646,0,4.030194512
8888,08/05/2018,20304,N8903A,4449,1318403,MBS,1143302,DTW,1727,-3,1810,-9,4.030194512
8889,08/05/2018,20304,N816SK,4450,1129202,DEN,1486903,SLC,859,13,1034,14,4.030194512
8890,08/05/2018,20304,N816SK,4450,1486903,SLC,1129202,DEN,648,8,830,21,0
8891,08/05/2018,20304,N814SK,4452,1486903,SLC,1226603,IAH,2014,-1,2354,-25,4.030194512
8892,08/05/2018,20304,N260SY,4453,1071302,BOI,1474703,SEA,810,-5,843,-11,4.030194512
8893,08/05/2018,20304,N274SY,4454,1295304,LGA,1069302,BNA,835,0,956,-26,4.030194512
8894,08/05/2018,20304,N255SY,4455,1071302,BOI,1486903,SLC,1846,19,1953,8,4.030194512
8895,08/05/2018,20304,N935SW,4456,1228002,IDA,1486903,SLC,1657,-3,1746,-13,4.030194512
8896,08/05/2018,20304,N935SW,4456,1486903,SLC,1228002,IDA,1543,28,1633,16,0
8897,08/05/2018,20304,N641CA,4457,1062702,BIS,1348702,MSP,1052,-3,1206,-14,4.030194512
8898,08/05/2018,20304,N641CA,4457,1348702,MSP,1062702,BIS,845,0,1023,3,4.030194512
8899,08/05/2018,20304,N8965E,4458,1062702,BIS,1348702,MSP,1701,1,1825,-7,4.030194512
8900,08/05/2018,20304,N8965E,4458,1348702,MSP,1062702,BIS,1510,35,1637,30,16
8901,08/05/2018,20304,N632SK,4460,1348702,MSP,1385103,OKC,1422,-5,1625,-10,4.030194512
8902,08/05/2018,20304,N632SK,4460,1385103,OKC,1348702,MSP,1703,-7,1911,-8,4.030194512
8903,08/05/2018,20304,N816SK,4461,1129806,DFW,1143302,DTW,1523,-7,1904,-10,4.030194512
8904,08/05/2018,20304,N813SK,4462,1072102,BOS,1334207,MKE,1745,20,1907,-8,4.030194512
8905,08/05/2018,20304,N675BR,4467,1348702,MSP,1445702,RAP,1749,-6,1836,-10,4.030194512
8906,08/05/2018,20304,N907SW,4468,1215605,HLN,1486903,SLC,1805,6,1933,6,4.030194512
8907,08/05/2018,20304,N907SW,4468,1486903,SLC,1215605,HLN,1613,18,1743,19,0
8908,08/05/2018,20304,N454SW,4469,1068502,BMI,1348702,MSP,1454,-7,1622,-19,4.030194512
8909,08/05/2018,20304,N454SW,4469,1348702,MSP,1068502,BMI,1259,-7,1430,-6,4.030194512
8910,08/05/2018,20304,N821SK,4470,1143302,DTW,1334207,MKE,1958,-6,2012,-8,4.030194512
8911,08/05/2018,20304,N240SY,4471,1071302,BOI,1486903,SLC,1533,8,1653,14,4.030194512
8912,08/05/2018,20304,N460SW,4472,1039707,ATL,1130802,DHN,1337,-3,1329,-14,4.030194512
8913,08/05/2018,20304,N460SW,4472,1130802,DHN,1039707,ATL,1357,-11,1558,-23,4.030194512
8914,08/05/2018,20304,N447SW,4473,1177502,FSD,1348702,MSP,1038,-12,1143,-19,4.030194512
8915,08/05/2018,20304,N447SW,4473,1348702,MSP,1177502,FSD,906,-4,1015,-10,4.030194512
8916,08/05/2018,20304,N263SY,4474,1295304,LGA,1069302,BNA,1157,18,1300,-23,4.030194512
8917,08/05/2018,20304,N886AS,4477,1039707,ATL,1327702,MGM,1104,-4,1057,-8,4.030194512
8918,08/05/2018,20304,N886AS,4477,1327702,MGM,1039707,ATL,1121,-9,1316,-17,4.030194512
8919,08/05/2018,20304,N631SK,4479,1143302,DTW,1323202,MDW,1207,-3,1221,-3,4.030194512
8920,08/05/2018,20304,N923EV,4481,1227805,ICT,1348702,MSP,1112,-12,1250,-21,4.030194512
8921,08/05/2018,20304,N923EV,4481,1348702,MSP,1227805,ICT,853,-7,1036,-21,4.030194512
8922,08/05/2018,20304,N916EV,4483,1469608,SBN,1348702,MSP,706,-8,742,-22,4.030194512
8923,08/05/2018,20304,N604SK,4486,1323202,MDW,1143302,DTW,1210,-5,1417,-16,4.030194512
8924,08/05/2018,20304,N878AS,4488,1126702,DAY,1348702,MSP,1314,-8,1403,-15,4.030194512
8925,08/05/2018,20304,N878AS,4488,1348702,MSP,1126702,DAY,953,-2,1237,-12,4.030194512
8926,08/05/2018,20304,N242SY,4489,1474703,SEA,1482805,SIT,1915,25,2054,33,0
8927,08/05/2018,20304,N260SY,4490,1474703,SEA,1071302,BOI,1850,-5,2102,-15,4.030194512
8928,08/05/2018,20304,N800SK,4491,1348702,MSP,1215605,HLN,1959,29,2117,5,4.030194512
8929,08/05/2018,20304,N554CA,4492,1348702,MSP,1104205,CLE,2030,-5,2349,9,4.030194512
8930,08/05/2018,20304,N693CA,4494,1348702,MSP,1106606,CMH,1552,47,1833,24,7
8931,08/05/2018,20304,N606SK,4495,1323202,MDW,1348702,MSP,858,-10,1031,-14,4.030194512
8932,08/05/2018,20304,N603SK,4498,1062003,BIL,1486903,SLC,1746,-4,1902,-14,4.030194512
8933,08/05/2018,20304,N603SK,4498,1486903,SLC,1062003,BIL,1537,-3,1653,-15,4.030194512
8934,08/05/2018,20304,N806SK,4499,1143302,DTW,1087402,CAK,2202,-3,2255,-6,4.030194512
8935,08/05/2018,20304,N273SY,4500,1393006,ORD,1295304,LGA,1558,208,1905,205,0
8936,08/05/2018,20304,N931EV,4501,1133703,DLH,1348702,MSP,515,-8,601,-18,4.030194512
8937,08/05/2018,20304,N253SY,4503,1486903,SLC,1071302,BOI,2014,-1,2118,-8,4.030194512
8938,08/05/2018,20304,N823SK,4504,1348702,MSP,1343302,MOT,2248,53,5,34,0
8939,08/05/2018,20304,N454SW,4505,1133703,DLH,1348702,MSP,1108,-6,1202,-13,4.030194512
8940,08/05/2018,20304,N454SW,4505,1348702,MSP,1133703,DLH,945,-5,1039,-10,4.030194512
8941,08/05/2018,20304,N814SK,4506,1226603,IAH,1486903,SLC,800,0,1015,8,4.030194512
8942,08/05/2018,20304,N240SY,4508,1071302,BOI,1474703,SEA,1047,-4,1136,-4,4.030194512
8943,08/05/2018,20304,N240SY,4508,1474703,SEA,1071302,BOI,737,-6,1008,-10,4.030194512
8944,08/05/2018,20304,N240SY,4509,1486903,SLC,1071302,BOI,1729,9,1840,10,4.030194512
8945,08/05/2018,20304,N549CA,4510,1143302,DTW,1226603,IAH,822,2,1021,-5,4.030194512
8946,08/05/2018,20304,N271SY,4511,1105703,CLT,1247805,JFK,1543,6,1742,2,4.030194512
8947,08/05/2018,20304,N659BR,4512,1189802,GFK,1348702,MSP,1310,-5,1420,-9,4.030194512
8948,08/05/2018,20304,N659BR,4512,1348702,MSP,1189802,GFK,1121,-4,1233,-14,4.030194512
8949,08/05/2018,20304,N896SK,4513,1106606,CMH,1348702,MSP,915,-5,1012,-15,4.030194512
8950,08/05/2018,20304,N931EV,4516,1100303,CID,1143302,DTW,1502,36,1723,24,0
8951,08/05/2018,20304,N768SK,4519,1040805,ATW,1143302,DTW,1651,-3,1911,2,4.030194512
8952,08/05/2018,20304,N768SK,4519,1143302,DTW,1040805,ATW,1549,4,1614,1,4.030194512
8953,08/05/2018,20304,N8903A,4520,1348702,MSP,1469608,SBN,956,-4,1243,3,4.030194512
8954,08/05/2018,20304,N443SW,4520,1469608,SBN,1348702,MSP,1324,16,1356,13,4.030194512
8955,08/05/2018,20304,N897SK,4521,1348702,MSP,1425202,PSC,1140,-5,1312,-2,4.030194512
8956,08/05/2018,20304,N897SK,4521,1425202,PSC,1348702,MSP,1346,-4,1849,-6,4.030194512
8957,08/05/2018,20304,N804SK,4522,1164802,FCA,1486903,SLC,1336,-5,1532,3,4.030194512
8958,08/05/2018,20304,N804SK,4522,1486903,SLC,1164802,FCA,1116,1,1259,-6,4.030194512
8959,08/05/2018,20304,N774SK,4524,1142306,DSM,1486903,SLC,604,-6,745,-3,4.030194512
8960,08/05/2018,20304,N906SW,4527,1182304,FWA,1039707,ATL,1710,-5,1940,27,0
8961,08/05/2018,20304,N549CA,4528,1334207,MKE,1143302,DTW,541,16,745,6,4.030194512
8962,08/05/2018,20304,N603SK,4529,1486903,SLC,1037205,ASE,2021,-4,2129,-12,4.030194512
8963,08/05/2018,20304,N432SW,4530,1039707,ATL,1469608,SBN,2118,71,2304,54,0
8964,08/05/2018,20304,N879AS,4531,1087402,CAK,1143302,DTW,1750,-5,1901,8,4.030194512
8965,08/05/2018,20304,N879AS,4531,1143302,DTW,1087402,CAK,1624,-6,1720,-7,4.030194512
8966,08/05/2018,20304,N772SK,4532,1143302,DTW,1219702,HPN,1355,-5,1542,-2,4.030194512
8967,08/05/2018,20304,N772SK,4532,1219702,HPN,1143302,DTW,1621,-8,1816,-16,4.030194512
8968,08/05/2018,20304,N439SW,4533,1182304,FWA,1039707,ATL,620,0,803,-7,4.030194512
8969,08/05/2018,20304,N897SK,4535,1323002,MDT,1143302,DTW,613,1,735,-9,4.030194512
8970,08/05/2018,20304,N900EV,4537,1163703,FAR,1348702,MSP,1102,12,1208,8,4.030194512
8971,08/05/2018,20304,N900EV,4537,1348702,MSP,1163703,FAR,901,-4,1010,-3,4.030194512
8972,08/05/2018,20304,N641CA,4538,1348702,MSP,1133703,DLH,730,564,819,557,0
8973,08/05/2018,20304,N251SY,4539,1537603,TUS,1486903,SLC,711,-9,959,-19,4.030194512
8974,08/05/2018,20304,N242SY,4540,1405702,PDX,1474703,SEA,1745,53,1842,47,0
8975,08/05/2018,20304,N242SY,4540,1474703,SEA,1405702,PDX,1608,48,1713,52,0
8976,08/05/2018,20304,N907SW,4541,1445702,RAP,1486903,SLC,805,-10,1013,1,4.030194512
8977,08/05/2018,20304,N8932C,4542,1143302,DTW,1469608,SBN,1218,2,1337,20,0
8978,08/05/2018,20304,N8903A,4542,1469608,SBN,1143302,DTW,1337,-6,1442,-8,4.030194512
8979,08/05/2018,20304,N250SY,4544,1071302,BOI,1486903,SLC,858,-8,1021,1,4.030194512
8980,08/05/2018,20304,N257SY,4545,1486903,SLC,1537603,TUS,2027,7,2140,19,0
8981,08/05/2018,20304,N603SK,4546,1385103,OKC,1486903,SLC,1318,-9,1453,1,4.030194512
8982,08/05/2018,20304,N603SK,4546,1486903,SLC,1385103,OKC,926,-4,1250,-2,4.030194512
8983,08/05/2018,20304,N821SK,4548,1219702,HPN,1143302,DTW,1336,61,1517,50,50
8984,08/05/2018,20304,N921EV,4550,1087402,CAK,1143302,DTW,954,-11,1051,-9,4.030194512
8985,08/05/2018,20304,N921EV,4550,1143302,DTW,1087402,CAK,835,-5,933,-5,4.030194512
8986,08/05/2018,20304,N632SK,4551,1100303,CID,1348702,MSP,620,0,742,-4,4.030194512
8987,08/05/2018,20304,N936SW,4552,1348702,MSP,1445702,RAP,1543,-2,1624,-12,4.030194512
8988,08/05/2018,20304,N936SW,4552,1445702,RAP,1348702,MSP,1651,-10,1921,-23,4.030194512
8989,08/05/2018,20304,N247SY,4553,1405702,PDX,1474703,SEA,1138,23,1226,1,4.030194512
8990,08/05/2018,20304,N247SY,4553,1474703,SEA,1405702,PDX,947,7,1054,14,4.030194512
8991,08/05/2018,20304,N455CA,4556,1039707,ATL,1379502,OAJ,1647,-5,1813,-12,4.030194512
8992,08/05/2018,20304,N455CA,4556,1379502,OAJ,1039707,ATL,1926,36,2050,20,20
8993,08/05/2018,20304,N594SW,4557,1348702,MSP,1318403,MBS,2025,-5,2323,9,4.030194512
8994,08/05/2018,20304,N8968E,4561,1039707,ATL,1182304,FWA,2112,46,2307,57,0
8995,08/05/2018,20304,N452SW,4562,1469608,SBN,1039707,ATL,557,-3,751,-7,4.030194512
8996,08/05/2018,20304,N857AS,4563,1039707,ATL,1342202,MOB,1832,14,1845,5,4.030194512
8997,08/05/2018,20304,N857AS,4563,1342202,MOB,1039707,ATL,1903,-2,2130,0,4.030194512
8998,08/05/2018,20304,N944SW,4564,1343302,MOT,1348702,MSP,1052,-11,1215,-19,4.030194512
8999,08/05/2018,20304,N944SW,4564,1348702,MSP,1343302,MOT,851,-4,1027,-11,4.030194512
9000,08/05/2018,20304,N774SK,4565,1385103,OKC,1486903,SLC,1822,27,1947,27,0
9001,08/05/2018,20304,N659BR,4566,1445702,RAP,1348702,MSP,758,-2,1032,-9,4.030194512
9002,08/05/2018,20304,N774SK,4567,1486903,SLC,1537603,TUS,930,35,1027,43,0
9003,08/05/2018,20304,N774SK,4567,1537603,TUS,1486903,SLC,1058,39,1338,26,0
9004,08/05/2018,20304,N274SY,4568,1105703,CLT,1247805,JFK,1754,-5,2017,3,4.030194512
9005,08/05/2018,20304,N630SK,4570,1537002,TUL,1348702,MSP,609,-1,808,-3,4.030194512
9006,08/05/2018,20304,N868CA,4571,1348702,MSP,1463303,RST,2211,11,2249,3,4.030194512
9007,08/05/2018,20304,N255SY,4572,1486903,SLC,1142306,DSM,2027,2,2340,-14,4.030194512
9008,08/05/2018,20304,N915EV,4574,1469608,SBN,1039707,ATL,759,-1,951,-7,4.030194512
9009,08/05/2018,20304,N874AS,4575,1119302,CVG,1393006,ORD,1954,54,1959,31,0
9010,08/05/2018,20304,N868CA,4576,1348702,MSP,1445702,RAP,853,-7,949,-1,4.030194512
9011,08/05/2018,20304,N868CA,4576,1445702,RAP,1348702,MSP,1016,1,1241,-10,4.030194512
9012,08/05/2018,20304,N268SY,4579,1105703,CLT,1295304,LGA,1558,328,1819,344,0
9013,08/05/2018,20304,N240SY,4581,1071302,BOI,1474703,SEA,1913,-2,1944,-2,4.030194512
9014,08/05/2018,20304,N457SW,4582,1163703,FAR,1348702,MSP,504,-6,556,-20,4.030194512
9015,08/05/2018,20304,N430SW,4584,1445702,RAP,1348702,MSP,1145,-3,1415,-14,4.030194512
9016,08/05/2018,20304,N823SK,4585,1486903,SLC,1348502,MSN,1545,15,1924,5,4.030194512
9017,08/05/2018,20304,N886AS,4586,1182304,FWA,1039707,ATL,807,-3,953,-10,4.030194512
9018,08/05/2018,20304,N919EV,4587,1039707,ATL,1161708,EWN,1254,-4,1416,-14,4.030194512
9019,08/05/2018,20304,N919EV,4587,1161708,EWN,1039707,ATL,1449,-6,1627,-8,4.030194512
9020,08/05/2018,20304,N251SY,4589,1295406,LGB,1486903,SLC,1311,-9,1551,-18,4.030194512
9021,08/05/2018,20304,N251SY,4589,1486903,SLC,1295406,LGB,1113,-7,1209,-7,4.030194512
9022,08/05/2018,20304,N273SY,4593,1295304,LGA,1069302,BNA,1959,69,2114,34,0
9023,08/05/2018,20304,N443SW,4594,1343302,MOT,1348702,MSP,1641,-4,1808,-10,4.030194512
9024,08/05/2018,20304,N443SW,4594,1348702,MSP,1343302,MOT,1435,4,1606,-4,4.030194512
9025,08/05/2018,20304,N815SK,4597,1348702,MSP,1040805,ATW,1250,-4,1344,-20,4.030194512
9026,08/05/2018,20304,N432SW,4598,1039707,ATL,1342202,MOB,1213,-3,1232,-1,4.030194512
9027,08/05/2018,20304,N432SW,4598,1342202,MOB,1039707,ATL,1254,-5,1511,-11,4.030194512
9028,08/05/2018,20304,N916EV,4599,1445702,RAP,1486903,SLC,1229,-10,1424,-6,4.030194512
9029,08/05/2018,20304,N857AS,4602,1014602,ABY,1039707,ATL,1137,-11,1228,-21,4.030194512
9030,08/05/2018,20304,N857AS,4602,1039707,ATL,1014602,ABY,1018,-7,1110,-13,4.030194512
9031,08/05/2018,20304,N804SK,4603,1385103,OKC,1486903,SLC,843,-8,1018,-2,4.030194512
9032,08/05/2018,20304,N258SY,4604,1288903,LAS,1289208,LAX,1709,0,1820,-12,4.030194512
9033,08/05/2018,20304,N460SW,4605,1018502,AEX,1039707,ATL,551,-9,843,-8,4.030194512
9034,08/05/2018,20304,N630SK,4606,1323202,MDW,1348702,MSP,1714,-5,1832,-23,4.030194512
9035,08/05/2018,20304,N630SK,4606,1348702,MSP,1323202,MDW,1507,-3,1636,-8,4.030194512
9036,08/05/2018,20304,N241SY,4607,1486903,SLC,1504102,SUN,1341,-4,1437,-17,4.030194512
9037,08/05/2018,20304,N253SY,4610,1486903,SLC,1504102,SUN,1108,-7,1211,-15,4.030194512
9038,08/05/2018,20304,N271SY,4618,1449202,RDU,1247805,JFK,1019,-7,1158,-9,4.030194512
9039,08/05/2018,20304,N685BR,4619,1228002,IDA,1486903,SLC,1516,-3,1614,-3,4.030194512
9040,08/05/2018,20304,N685BR,4619,1486903,SLC,1228002,IDA,1348,-2,1451,-3,4.030194512
9041,08/05/2018,20304,N8933B,4621,1348702,MSP,1062702,BIS,1733,-2,1909,-1,4.030194512
9042,08/05/2018,20304,N767SK,4624,1163807,FAT,1486903,SLC,601,-4,836,-11,4.030194512
9043,08/05/2018,20304,N779CA,4628,1039707,ATL,1457405,ROA,1208,-3,1332,-7,4.030194512
9044,08/05/2018,20304,N779CA,4628,1457405,ROA,1039707,ATL,1358,-7,1514,-26,4.030194512
9045,08/05/2018,20304,N252SY,4632,1348602,MSO,1486903,SLC,1306,-11,1432,-17,4.030194512
9046,08/05/2018,20304,N252SY,4632,1486903,SLC,1348602,MSO,1101,-4,1228,-18,4.030194512
9047,08/05/2018,20304,N240SY,4633,1071302,BOI,1474703,SEA,603,-2,637,-1,4.030194512
9048,08/05/2018,20304,N874AS,4634,1334207,MKE,1119302,CVG,839,-6,1056,-11,4.030194512
9049,08/05/2018,20304,N251SY,4635,1486903,SLC,1504102,SUN,2213,13,2305,11,4.030194512
9050,08/05/2018,20304,N772SK,4638,1106606,CMH,1143302,DTW,1153,-2,1255,-6,4.030194512
9051,08/05/2018,20304,N772SK,4638,1143302,DTW,1106606,CMH,1020,0,1113,-6,4.030194512
9052,08/05/2018,20304,N774SK,4641,1486903,SLC,1163807,FAT,2025,5,2106,-4,4.030194512
9053,08/05/2018,20304,N252SY,4643,1295406,LGB,1486903,SLC,719,-1,1001,-15,4.030194512
9054,08/05/2018,20304,N243SY,4644,1295406,LGB,1486903,SLC,1002,-9,1243,-19,4.030194512
9055,08/05/2018,20304,N243SY,4644,1486903,SLC,1295406,LGB,827,-8,920,-15,4.030194512
9056,08/05/2018,20304,N256SY,4645,1486903,SLC,1295406,LGB,2018,2,2121,5,4.030194512
9057,08/05/2018,20304,N250SY,4648,1387102,OMA,1486903,SLC,1750,-6,1920,-7,4.030194512
9058,08/05/2018,20304,N250SY,4648,1486903,SLC,1387102,OMA,1407,-5,1718,-8,4.030194512
9059,08/05/2018,20304,N242SY,4650,1474703,SEA,1489302,SMF,1115,75,1254,48,0
9060,08/05/2018,20304,N242SY,4650,1489302,SMF,1474703,SEA,1330,54,1530,52,0
9061,08/05/2018,20304,N631SK,4651,1348702,MSP,1385103,OKC,1946,21,2154,20,0
9062,08/05/2018,20304,N921EV,4653,1343302,MOT,1348702,MSP,1936,-8,2107,-11,4.030194512
9063,08/05/2018,20304,N921EV,4653,1348702,MSP,1343302,MOT,1727,-3,1906,-3,4.030194512
9064,08/05/2018,20304,N243SY,4654,1215605,HLN,1486903,SLC,627,-3,754,4,4.030194512
9065,08/05/2018,20304,N630SK,4657,1348702,MSP,1226603,IAH,1942,-3,2224,-16,4.030194512
9066,08/05/2018,20304,N454SW,4658,1177502,FSD,1348702,MSP,755,-5,904,-9,4.030194512
9067,08/05/2018,20304,N244SY,4660,1504102,SUN,1486903,SLC,655,-5,753,0,4.030194512
9068,08/05/2018,20304,N916EV,4661,1163807,FAT,1486903,SLC,1657,-3,1939,1,4.030194512
9069,08/05/2018,20304,N916EV,4661,1486903,SLC,1163807,FAT,1529,-1,1616,-5,4.030194512
9070,08/05/2018,20304,N257SY,4662,1129202,DEN,1486903,SLC,1143,1,1315,0,4.030194512
9071,08/05/2018,20304,N257SY,4662,1486903,SLC,1129202,DEN,934,-1,1110,-2,4.030194512
9072,08/05/2018,20304,N8828D,4668,1046902,AZO,1143302,DTW,1352,-7,1448,-11,4.030194512
9073,08/05/2018,20304,N8828D,4668,1143302,DTW,1046902,AZO,1236,16,1324,13,4.030194512
9074,08/05/2018,20304,N931EV,4669,1189802,GFK,1348702,MSP,1201,65,1308,53,53
9075,08/05/2018,20304,N931EV,4669,1348702,MSP,1189802,GFK,901,-9,1020,-11,4.030194512
9076,08/05/2018,20304,N272SY,4674,1069302,BNA,1295304,LGA,1538,99,1842,77,0
9077,08/05/2018,20304,N979EV,4675,1100303,CID,1143302,DTW,1038,-1,1309,-6,4.030194512
9078,08/05/2018,20304,N815SK,4676,1334207,MKE,1486903,SLC,1830,-2,2059,4,4.030194512
9079,08/05/2018,20304,N944SW,4682,1348702,MSP,1469608,SBN,1309,-6,1527,-22,4.030194512
9080,08/05/2018,20304,N8932C,4682,1469608,SBN,1348702,MSP,1603,-11,1624,-34,4.030194512
9081,08/05/2018,20304,N250SY,4687,1486903,SLC,1228002,IDA,1056,-4,1148,-16,4.030194512
9082,08/05/2018,20304,N267SY,4689,1072102,BOS,1069302,BNA,2240,225,19,207,0
9083,08/05/2018,20304,N187PQ,4693,1348702,MSP,1119302,CVG,1512,-4,1753,-26,4.030194512
9084,08/05/2018,20304,N442SW,4694,1337702,MLU,1039707,ATL,555,-5,825,-16,4.030194512
9085,08/05/2018,20304,N240SY,4698,1474703,SEA,1071302,BOI,2053,-5,2304,-22,4.030194512
9086,08/05/2018,20304,N675BR,4699,1445702,RAP,1348702,MSP,1448,33,1717,19,0
9087,08/05/2018,20304,N632SK,4702,1348702,MSP,1385103,OKC,854,-6,1111,2,4.030194512
9088,08/05/2018,20304,N632SK,4702,1385103,OKC,1348702,MSP,1137,-7,1339,-7,4.030194512
9089,08/05/2018,20304,N812SK,4703,1129806,DFW,1486903,SLC,604,-3,800,5,4.030194512
9090,08/05/2018,20304,N822SK,4705,1385103,OKC,1143302,DTW,548,-8,909,-16,4.030194512
9091,08/05/2018,20304,N763SK,4707,1040805,ATW,1348702,MSP,1229,51,1329,39,0
9092,08/05/2018,20304,N763SK,4707,1348702,MSP,1040805,ATW,1104,69,1201,58,0
9093,08/05/2018,20304,N917EV,4708,1143302,DTW,1323002,MDT,1205,-5,1336,3,4.030194512
9094,08/05/2018,20304,N917EV,4708,1323002,MDT,1143302,DTW,1404,4,1538,9,4.030194512
9095,08/05/2018,20304,N613SK,4713,1348702,MSP,1537002,TUL,2034,39,2231,30,0
9096,08/05/2018,20304,N770SK,4714,1040805,ATW,1348702,MSP,1836,63,1943,48,0
9097,08/05/2018,20304,N770SK,4714,1348702,MSP,1040805,ATW,1719,91,1815,77,0
9098,08/05/2018,20304,N868AS,4715,1348702,MSP,1238902,ISN,2037,-8,2236,-12,4.030194512
9099,08/05/2018,20304,N477CA,4716,1238902,ISN,1348702,MSP,603,-12,733,-32,4.030194512
9100,08/05/2018,20304,N440SW,4719,1143302,DTW,1318403,MBS,1347,97,1433,88,0
9101,08/05/2018,20304,N440SW,4719,1318403,MBS,1143302,DTW,1505,80,1559,82,0
9102,08/05/2018,20304,N442SW,4722,1126702,DAY,1348702,MSP,1720,-8,1757,-32,4.030194512
9103,08/05/2018,20304,N251SY,4723,1295406,LGB,1486903,SLC,1837,7,2118,1,4.030194512
9104,08/05/2018,20304,N251SY,4723,1486903,SLC,1295406,LGB,1709,9,1802,3,4.030194512
9105,08/05/2018,20304,N889AS,4724,1143302,DTW,1469608,SBN,902,22,947,6,4.030194512
9106,08/05/2018,20304,N889AS,4724,1469608,SBN,1143302,DTW,1010,0,1058,-17,4.030194512
9107,08/05/2018,20304,N609SK,4725,1189802,GFK,1348702,MSP,745,-5,905,-5,4.030194512
9108,08/05/2018,20304,N920EV,4726,1039707,ATL,1342202,MOB,1619,-8,1638,-12,4.030194512
9109,08/05/2018,20304,N920EV,4726,1342202,MOB,1039707,ATL,1826,71,2037,53,53
9110,08/05/2018,20304,N427SW,4727,1039707,ATL,1182304,FWA,1832,0,2013,-9,4.030194512
9111,08/05/2018,20304,N631SK,4729,1323202,MDW,1348702,MSP,1252,-7,1419,-11,4.030194512
9112,08/05/2018,20304,N629BR,4730,1100303,CID,1348702,MSP,1346,33,1447,17,0
9113,08/05/2018,20304,N494CA,4732,1143302,DTW,1199603,GSP,1440,25,1622,20,0
9114,08/05/2018,20304,N494CA,4732,1199603,GSP,1143302,DTW,1655,-5,1838,-16,4.030194512
9115,08/05/2018,20304,N820SK,4733,1069302,BNA,1348702,MSP,605,20,816,12,4.030194512
9116,08/05/2018,20304,N427SW,4734,1039707,ATL,1560702,VLD,1000,-5,1102,-13,4.030194512
9117,08/05/2018,20304,N427SW,4734,1560702,VLD,1039707,ATL,1137,-9,1248,-17,4.030194512
9118,08/05/2018,20304,N243SY,4737,1071302,BOI,1474703,SEA,1539,3,1608,0,4.030194512
9119,08/05/2018,20304,N8965E,4739,1348702,MSP,1133703,DLH,1934,4,2020,-4,4.030194512
9120,08/05/2018,20304,N437SW,4740,1039707,ATL,1130802,DHN,1945,5,1936,-7,4.030194512
9121,08/05/2018,20304,N913EV,4741,1143302,DTW,1410803,PIA,2022,0,2046,-1,4.030194512
9122,08/05/2018,20304,N920EV,4742,1098002,CHA,1039707,ATL,930,-5,1013,-17,4.030194512
9123,08/05/2018,20304,N263SY,4743,1393006,ORD,1295304,LGA,1719,169,2032,168,0
9124,08/05/2018,20304,N264SY,4744,1069302,BNA,1295304,LGA,1847,-11,2150,-35,4.030194512
9125,08/05/2018,20304,N766SK,4745,1143302,DTW,1323202,MDW,1552,-3,1609,-3,4.030194512
9126,08/05/2018,20304,N766SK,4745,1323202,MDW,1143302,DTW,1638,-9,1847,-12,4.030194512
9127,08/05/2018,20304,N477CA,4747,1177502,FSD,1348702,MSP,1417,-1,1525,2,4.030194512
9128,08/05/2018,20304,N477CA,4747,1348702,MSP,1177502,FSD,1245,0,1356,3,4.030194512
9129,08/05/2018,20304,N496CA,4750,1228002,IDA,1486903,SLC,1841,11,1949,15,0
9130,08/05/2018,20304,N496CA,4750,1486903,SLC,1228002,IDA,1658,-2,1818,14,4.030194512
9131,08/05/2018,20304,N659BR,4751,1189802,GFK,1348702,MSP,1713,-7,1828,-16,4.030194512
9132,08/05/2018,20304,N659BR,4751,1348702,MSP,1189802,GFK,1527,-2,1642,-13,4.030194512
9133,08/05/2018,20304,N812SK,4753,1389101,ONT,1486903,SLC,1012,-3,1240,-19,4.030194512
9134,08/05/2018,20304,N812SK,4753,1486903,SLC,1389101,ONT,841,-4,931,-3,4.030194512
9135,08/05/2018,20304,N931EV,4754,1143302,DTW,1469608,SBN,2020,-5,2117,-8,4.030194512
9136,08/05/2018,20304,N914EV,4755,1039707,ATL,1481402,SHV,1024,-6,1106,-13,4.030194512
9137,08/05/2018,20304,N914EV,4755,1481402,SHV,1039707,ATL,1201,-14,1445,-19,4.030194512
9138,08/05/2018,20304,N459SW,4756,1469608,SBN,1143302,DTW,640,-5,733,-17,4.030194512
9139,08/05/2018,20304,N812SK,4758,1486903,SLC,1537002,TUL,1346,-5,1701,-19,4.030194512
9140,08/05/2018,20304,N812SK,4758,1537002,TUL,1486903,SLC,1753,-2,1935,0,4.030194512
9141,08/05/2018,20304,N453SW,4759,1133703,DLH,1348702,MSP,1413,2,1507,-5,4.030194512
9142,08/05/2018,20304,N453SW,4759,1348702,MSP,1133703,DLH,1246,-4,1349,3,4.030194512
9143,08/05/2018,20304,N606SK,4761,1163703,FAR,1348702,MSP,1950,38,2044,25,0
9144,08/05/2018,20304,N606SK,4761,1348702,MSP,1163703,FAR,1826,56,1921,44,0
9145,08/05/2018,20304,N625CA,4762,1426204,PSP,1486903,SLC,609,4,908,12,4.030194512
9146,08/05/2018,20304,N767SK,4763,1486903,SLC,1426204,PSP,2025,0,2119,8,4.030194512
9147,08/05/2018,20304,N928EV,4764,1348602,MSO,1486903,SLC,1812,55,1937,51,0
9148,08/05/2018,20304,N928EV,4764,1486903,SLC,1348602,MSO,1623,78,1748,62,0
9149,08/05/2018,20304,N882AS,4765,1348702,MSP,1182304,FWA,2011,-4,2245,-16,4.030194512
9150,08/05/2018,20304,N8968E,4766,1039707,ATL,1115005,CSG,1030,-5,1117,-8,4.030194512
9151,08/05/2018,20304,N8968E,4766,1115005,CSG,1039707,ATL,1146,-4,1237,-5,4.030194512
9152,08/05/2018,20304,N702BR,4767,1182304,FWA,1348702,MSP,707,-4,805,-10,4.030194512
9153,08/05/2018,20304,N874AS,4768,1119302,CVG,1393006,ORD,1504,24,1519,13,4.030194512
9154,08/05/2018,20304,N874AS,4768,1393006,ORD,1119302,CVG,1558,27,1809,26,13
9155,08/05/2018,20304,N919EV,4769,1039707,ATL,1457405,ROA,2116,-5,2256,1,4.030194512
9156,08/05/2018,20304,N814SK,4773,1425202,PSC,1486903,SLC,1629,-1,1854,-13,4.030194512
9157,08/05/2018,20304,N814SK,4773,1486903,SLC,1425202,PSC,1520,10,1605,12,4.030194512
9158,08/05/2018,20304,N767SK,4775,1164802,FCA,1486903,SLC,1802,10,1937,2,4.030194512
9159,08/05/2018,20304,N767SK,4775,1486903,SLC,1164802,FCA,1554,24,1734,17,0
9160,08/05/2018,20304,N447SW,4778,1348702,MSP,1177502,FSD,1934,-1,2033,-7,4.030194512
9161,08/05/2018,20304,N433SW,4779,1119302,CVG,1319801,MCI,1511,6,1601,7,4.030194512
9162,08/05/2018,20304,N433SW,4779,1319801,MCI,1119302,CVG,1629,4,1918,10,4.030194512
9163,08/05/2018,20304,N882AS,4782,1348702,MSP,1463303,RST,1112,-3,1155,-13,4.030194512
9164,08/05/2018,20304,N882AS,4782,1463303,RST,1348702,MSP,1230,-5,1312,-14,4.030194512
9165,08/05/2018,20304,N246SY,4783,1486903,SLC,1215605,HLN,2216,21,2354,37,0
9166,08/05/2018,20304,N881AS,4786,1018502,AEX,1039707,ATL,1025,-5,1303,-15,4.030194512
9167,08/05/2018,20304,N881AS,4786,1039707,ATL,1018502,AEX,920,-4,949,-16,4.030194512
9168,08/05/2018,20304,N272SY,4789,1295304,LGA,1393006,ORD,1916,61,2058,58,0
9169,08/05/2018,20304,N807SK,4790,1133703,DLH,1348702,MSP,654,-6,752,-17,4.030194512
9170,08/05/2018,20304,N454SW,4791,1348702,MSP,1189802,GFK,1751,-1,1905,-7,4.030194512
9171,08/05/2018,20304,N614SK,4792,1289208,LAX,1537603,TUS,1949,4,2116,-3,4.030194512
9172,08/05/2018,20304,N800SK,4794,1226603,IAH,1348702,MSP,612,12,848,-2,4.030194512
9173,08/05/2018,20304,N468CA,4795,1348702,MSP,1046902,AZO,2044,-3,2321,0,4.030194512
9174,08/05/2018,20304,N772SK,4796,1143302,DTW,1318403,MBS,1952,-3,2040,-7,4.030194512
9175,08/05/2018,20304,N477CA,4800,1100303,CID,1348702,MSP,1826,51,1958,63,29
9176,08/05/2018,20304,N477CA,4800,1348702,MSP,1100303,CID,1617,19,1732,22,17
9177,08/05/2018,20304,N614SK,4803,1289208,LAX,1037205,ASE,1037,-18,1537,,4.030194512
9178,08/05/2018,20304,N258SY,4804,1289208,LAX,1071302,BOI,1934,-11,2232,-18,4.030194512
9179,08/05/2018,20304,N506CA,4807,1215605,HLN,1486903,SLC,1453,114,1625,115,0
9180,08/05/2018,20304,N506CA,4807,1486903,SLC,1215605,HLN,1316,136,1429,116,111
9181,08/05/2018,20304,N874AS,4813,1119302,CVG,1393006,ORD,1122,17,1202,31,0
9182,08/05/2018,20304,N897SK,4815,1348702,MSP,1425202,PSC,2027,28,2204,38,0
9183,08/05/2018,20304,N702BR,4816,1238902,ISN,1348702,MSP,1212,-15,1354,-23,4.030194512
9184,08/05/2018,20304,N702BR,4816,1348702,MSP,1238902,ISN,953,-7,1149,-13,4.030194512
9185,08/05/2018,20304,N437SW,4822,1039707,ATL,1469608,SBN,1431,-6,1612,-22,4.030194512
9186,08/05/2018,20304,N437SW,4822,1469608,SBN,1039707,ATL,1648,-11,1904,5,4.030194512
9187,08/05/2018,20304,N453SW,4823,1343302,MOT,1348702,MSP,614,-10,745,-9,4.030194512
9188,08/05/2018,20304,N8884E,4824,1039707,ATL,1469608,SBN,1805,-7,1942,-33,4.030194512
9189,08/05/2018,20304,N255SY,4828,1482805,SIT,1474703,SEA,716,16,1041,6,4.030194512
9190,08/05/2018,20304,N187PQ,4831,1226402,IAD,1348702,MSP,1306,19,1427,-3,4.030194512
9191,08/05/2018,20304,N187PQ,4831,1348702,MSP,1226402,IAD,912,27,1228,16,11
9192,08/05/2018,20304,N8933B,4833,1062702,BIS,1348702,MSP,617,-11,726,-28,4.030194512
9193,08/05/2018,20304,N457SW,4836,1343302,MOT,1348702,MSP,903,-7,1021,-23,4.030194512
9194,08/05/2018,20304,N878AS,4838,1348702,MSP,1126702,DAY,1457,-3,1753,-2,4.030194512
9195,08/05/2018,20304,N912EV,4839,1163703,FAR,1348702,MSP,1502,37,1601,28,2
9196,08/05/2018,20304,N912EV,4839,1348702,MSP,1163703,FAR,1249,-1,1426,26,0
9197,08/05/2018,20304,N923EV,4841,1189802,GFK,1348702,MSP,1524,-4,1631,-13,4.030194512
9198,08/05/2018,20304,N923EV,4841,1348702,MSP,1189802,GFK,1344,-2,1450,-13,4.030194512
9199,08/05/2018,20304,N601XJ,4842,1039707,ATL,1342202,MOB,2323,-7,2338,-6,4.030194512
9200,08/05/2018,20304,N8982A,4843,1426204,PSP,1486903,SLC,1212,-10,1445,-24,4.030194512
9201,08/05/2018,20304,N8982A,4843,1486903,SLC,1426204,PSP,1108,-2,1151,-6,4.030194512
9202,08/05/2018,20304,N606SK,4846,1161802,EWR,1348702,MSP,1549,49,1747,47,0
9203,08/05/2018,20304,N606SK,4846,1348702,MSP,1161802,EWR,1109,34,1451,27,0
9204,08/05/2018,20304,N882AS,4847,1062702,BIS,1348702,MSP,851,-9,1001,-28,4.030194512
9205,08/05/2018,20304,N766SK,4853,1143302,DTW,1100303,CID,2011,-5,2046,-10,4.030194512
9206,08/05/2018,20304,N912EV,4857,1133703,DLH,1348702,MSP,1746,11,1839,-5,4.030194512
9207,08/05/2018,20304,N912EV,4857,1348702,MSP,1133703,DLH,1634,23,1724,14,4.030194512
9208,08/05/2018,20304,N271SY,4858,1247805,JFK,1069302,BNA,1820,0,2008,1,4.030194512
9209,08/05/2018,20304,N919EV,4869,1039707,ATL,1130802,DHN,1711,-1,1710,-9,4.030194512
9210,08/05/2018,20304,N919EV,4869,1130802,DHN,1039707,ATL,1827,42,2031,32,32
9211,08/05/2018,20304,N907SW,4870,1163807,FAT,1486903,SLC,1317,47,1543,32,0
9212,08/05/2018,20304,N907SW,4870,1486903,SLC,1163807,FAT,1219,69,1254,49,0
9213,08/05/2018,20304,N8884E,4873,1039707,ATL,1195302,GNV,1020,-5,1139,-2,4.030194512
9214,08/05/2018,20304,N8884E,4873,1195302,GNV,1039707,ATL,1239,-6,1401,-13,4.030194512
9215,08/05/2018,20304,N923EV,4877,1348702,MSP,1410803,PIA,2125,50,2235,22,0
9216,08/05/2018,20304,N679CA,4878,1348702,MSP,1126702,DAY,2049,-2,2339,-1,4.030194512
9217,08/05/2018,20304,N457SW,4879,1348702,MSP,1343302,MOT,653,-5,830,-12,4.030194512
9218,08/05/2018,20304,N601XJ,4880,1039707,ATL,1379502,OAJ,852,-3,1034,8,4.030194512
9219,08/05/2018,20304,N601XJ,4880,1379502,OAJ,1039707,ATL,1100,9,1228,2,4.030194512
9220,08/05/2018,20304,N455CA,4881,1039707,ATL,1182304,FWA,851,-7,1029,-15,4.030194512
9221,08/05/2018,20304,N455CA,4881,1182304,FWA,1039707,ATL,1102,-7,1246,-18,4.030194512
9222,08/05/2018,20304,N931EV,4886,1348702,MSP,1100303,CID,1339,52,1438,37,0
9223,08/05/2018,20304,N452SW,4888,1039707,ATL,1457405,ROA,906,5,1029,-1,4.030194512
9224,08/05/2018,20304,N452SW,4888,1457405,ROA,1039707,ATL,1113,18,1239,18,0
9225,08/05/2018,20304,N8932C,4895,1177502,FSD,1348702,MSP,1914,-9,2010,-22,4.030194512
9226,08/05/2018,20304,N8932C,4895,1348702,MSP,1177502,FSD,1734,-1,1833,-18,4.030194512
9227,08/05/2018,20304,N254SY,4897,1288903,LAS,1490803,SNA,944,2,1038,-11,4.030194512
9228,08/05/2018,20304,N254SY,4897,1490803,SNA,1288903,LAS,1118,-2,1237,7,4.030194512
9229,08/05/2018,20304,N875AS,4899,1100303,CID,1348702,MSP,918,-7,1034,-10,4.030194512
9230,08/05/2018,20304,N675BR,4901,1348702,MSP,1445702,RAP,1343,43,1428,40,0
9231,08/05/2018,20304,N873AS,4903,1410803,PIA,1143302,DTW,625,-5,840,-26,4.030194512
9232,08/05/2018,20304,N601XJ,4907,1018502,AEX,1039707,ATL,1407,-5,1646,-19,4.030194512
9233,08/05/2018,20304,N601XJ,4907,1039707,ATL,1018502,AEX,1301,-3,1341,-6,4.030194512
9234,08/05/2018,20304,N460SW,4919,1039707,ATL,1410803,PIA,2121,-5,2207,-18,4.030194512
9235,08/05/2018,20304,N437SW,4925,1410803,PIA,1039707,ATL,1056,-4,1343,-12,4.030194512
9236,08/05/2018,20304,N953SW,4927,1039707,ATL,1410803,PIA,1454,-3,1541,-13,4.030194512
9237,08/05/2018,20304,N953SW,4927,1410803,PIA,1039707,ATL,1612,-7,1930,15,0
9238,08/05/2018,20304,N427SW,4928,1410803,PIA,1039707,ATL,600,-5,910,7,4.030194512
9239,08/05/2018,20304,N771SK,4929,1100303,CID,1143302,DTW,644,4,903,-16,4.030194512
9240,08/05/2018,20304,N254SY,4930,1288903,LAS,1490803,SNA,1310,10,1422,9,4.030194512
9241,08/05/2018,20304,N254SY,4930,1490803,SNA,1288903,LAS,1445,0,1545,-17,4.030194512
9242,08/05/2018,20304,N254SY,4931,1288903,LAS,1490803,SNA,1633,-2,1737,-8,4.030194512
9243,08/05/2018,20304,N254SY,4931,1490803,SNA,1288903,LAS,1813,-7,1928,-2,4.030194512
9244,08/05/2018,20304,N915EV,4932,1039707,ATL,1098002,CHA,1037,-5,1119,-14,4.030194512
9245,08/05/2018,20304,N915EV,4932,1098002,CHA,1039707,ATL,1155,-5,1243,-21,4.030194512
9246,08/05/2018,20304,N242SY,4933,1486903,SLC,1474703,SEA,714,-1,820,-9,4.030194512
9247,08/05/2018,20304,N936SW,4935,1343302,MOT,1348702,MSP,1330,-10,1454,-15,4.030194512
9248,08/05/2018,20304,N936SW,4935,1348702,MSP,1343302,MOT,1115,-5,1251,-13,4.030194512
9249,08/05/2018,20304,N460SW,4937,1039707,ATL,1130802,DHN,1019,-6,1018,-11,4.030194512
9250,08/05/2018,20304,N460SW,4937,1130802,DHN,1039707,ATL,1045,-9,1255,-10,4.030194512
9251,08/05/2018,20304,N447SW,4938,1062702,BIS,1348702,MSP,1438,-1,1601,-5,4.030194512
9252,08/05/2018,20304,N447SW,4938,1348702,MSP,1062702,BIS,1240,-5,1420,6,4.030194512
9253,08/05/2018,20304,N874AS,4948,1393006,ORD,1119302,CVG,1227,31,1431,26,0
9254,08/05/2018,20304,N914EV,4953,1014602,ABY,1039707,ATL,1921,82,2027,83,0
9255,08/05/2018,20304,N914EV,4953,1039707,ATL,1014602,ABY,1632,-3,1721,-13,4.030194512
9256,08/05/2018,20304,N439SW,4954,1039707,ATL,1342202,MOB,1420,-6,1431,-13,4.030194512
9257,08/05/2018,20304,N439SW,4954,1342202,MOB,1039707,ATL,1458,-11,1714,-26,4.030194512
9258,08/05/2018,20304,N187PQ,4955,1126702,DAY,1348702,MSP,656,-4,811,5,4.030194512
9259,08/05/2018,20304,N875AS,4956,1177502,FSD,1348702,MSP,1744,8,1900,9,4.030194512
9260,08/05/2018,20304,N875AS,4956,1348702,MSP,1177502,FSD,1601,-4,1720,9,4.030194512
9261,08/05/2018,20304,N439SW,4962,1039707,ATL,1018502,AEX,2126,-6,2201,-14,4.030194512
9262,08/05/2018,20304,N607SK,4966,1348702,MSP,1323202,MDW,2034,-1,2209,-3,4.030194512
9263,08/05/2018,20304,N606SK,4969,1348702,MSP,1100303,CID,2118,19,2208,-8,4.030194512
9264,08/05/2018,20304,N455CA,4970,1161708,EWN,1039707,ATL,556,-4,726,-9,4.030194512
9265,08/05/2018,20304,N917EV,4971,1046902,AZO,1143302,DTW,1729,-16,1816,-25,4.030194512
9266,08/05/2018,20304,N917EV,4971,1143302,DTW,1046902,AZO,1606,-4,1653,-7,4.030194512
9267,08/05/2018,20304,N763SK,4972,1463303,RST,1348702,MSP,1550,-2,1627,-23,4.030194512
9268,08/05/2018,20304,N764SK,4973,1323202,MDW,1348702,MSP,1123,20,1238,5,4.030194512
9269,08/05/2018,20304,N764SK,4973,1348702,MSP,1323202,MDW,928,38,1056,28,0
9270,08/05/2018,20304,N608SK,4977,1119302,CVG,1348702,MSP,1242,-8,1328,-22,4.030194512
9271,08/05/2018,20304,N8965E,4982,1177502,FSD,1348702,MSP,1308,-2,1432,14,4.030194512
9272,08/05/2018,20304,N8965E,4982,1348702,MSP,1177502,FSD,1124,-6,1242,-2,4.030194512
9273,08/05/2018,20304,N816SK,4983,1143302,DTW,1323002,MDT,2003,-3,2125,-8,4.030194512
9274,08/05/2018,20304,N453SW,4985,1163703,FAR,1348702,MSP,1723,-10,1830,-15,4.030194512
9275,08/05/2018,20304,N453SW,4985,1348702,MSP,1163703,FAR,1544,-4,1640,-17,4.030194512
9276,08/05/2018,20304,N241SY,4988,1457002,RNO,1486903,SLC,1020,-10,1238,-20,4.030194512
9277,08/05/2018,20304,N241SY,4988,1486903,SLC,1457002,RNO,850,-5,923,-3,4.030194512
9278,08/05/2018,20304,N886AS,4993,1039707,ATL,1161708,EWN,1947,-4,2122,-2,4.030194512
9279,08/05/2018,20304,N604SK,4996,1385103,OKC,1348702,MSP,733,29,928,9,4.030194512
9280,08/05/2018,20304,N448SW,4997,1062702,BIS,1348702,MSP,1307,-3,1428,-2,4.030194512
9281,08/05/2018,20304,N448SW,4997,1348702,MSP,1062702,BIS,1110,-5,1244,-1,4.030194512
9282,08/05/2018,20304,N815SK,4998,1040805,ATW,1143302,DTW,1433,-6,1648,-12,4.030194512
9283,08/05/2018,20304,N922EV,4999,1039707,ATL,1342202,MOB,1009,1,1022,-8,4.030194512
9284,08/05/2018,20304,N922EV,4999,1342202,MOB,1039707,ATL,1048,-7,1324,2,4.030194512
9285,08/05/2018,20304,N932SW,5001,1107602,CMX,1393006,ORD,1301,-4,1324,-15,4.030194512
9286,08/05/2018,20304,N901EV,5002,1043105,AVL,1393006,ORD,1223,-2,1303,-25,4.030194512
9287,08/05/2018,20304,N930SW,5003,1393006,ORD,1182304,FWA,1852,-2,2056,-3,4.030194512
9288,08/05/2018,20304,N925SW,5004,1147103,EAU,1393006,ORD,542,-3,702,-3,4.030194512
9289,08/05/2018,20304,N971SW,5007,1393006,ORD,1043105,AVL,640,-5,928,-10,4.030194512
9290,08/05/2018,20304,N929SW,5008,1129202,DEN,1479405,SGU,1858,-2,2041,-8,4.030194512
9291,08/05/2018,20304,N905SW,5009,1133703,DLH,1393006,ORD,1833,-12,2023,-2,4.030194512
9292,08/05/2018,20304,N967SW,5010,1129202,DEN,1109202,CNY,759,-6,938,22,0
9293,08/05/2018,20304,N912SW,5011,1393006,ORD,1182304,FWA,1435,10,1656,26,0
9294,08/05/2018,20304,N933EV,5012,1393006,ORD,1318403,MBS,1500,45,1707,41,0
9295,08/05/2018,20304,N927SW,5014,1312102,LWB,1480202,SHD,2016,55,2053,50,0
9296,08/05/2018,20304,N927SW,5014,1393006,ORD,1312102,LWB,1707,52,1946,55,0
9297,08/05/2018,20304,N927SW,5014,1480202,SHD,1226402,IAD,2110,35,2155,36,0
9298,08/05/2018,20304,N945SW,5015,1289902,LBF,1129202,DEN,640,0,644,-1,4.030194512
9299,08/05/2018,20304,N962SW,5016,1393006,ORD,1334402,MKG,802,-8,957,-15,4.030194512
9300,08/05/2018,20304,N905SW,5018,1312102,LWB,1393006,ORD,1516,5,1548,-12,4.030194512
9301,08/05/2018,20304,N905SW,5018,1480202,SHD,1312102,LWB,1346,-10,1435,-6,4.030194512
9302,08/05/2018,20304,N927SW,5021,1226402,IAD,1480202,SHD,2211,1,2313,7,4.030194512
9303,08/05/2018,20304,N929EV,5023,1225502,HYS,1129202,DEN,1543,125,1611,126,0
9304,08/05/2018,20304,N929EV,5023,1393006,ORD,1487706,SLN,1228,148,1407,133,0
9305,08/05/2018,20304,N929EV,5023,1487706,SLN,1225502,HYS,1426,121,1517,131,0
9306,08/05/2018,20304,N971SW,5024,1043105,AVL,1393006,ORD,1009,-8,1046,-34,4.030194512
9307,08/05/2018,20304,N963SW,5030,1393006,ORD,1133703,DLH,1059,109,1236,104,0
9308,08/05/2018,20304,N967SW,5031,1109202,CNY,1129202,DEN,955,5,1112,6,4.030194512
9309,08/05/2018,20304,N679SA,5032,1129202,DEN,1479405,SGU,1234,69,1425,71,0
9310,08/05/2018,20304,N934SW,5033,1147103,EAU,1393006,ORD,1330,0,1452,2,4.030194512
9311,08/05/2018,20304,N963SW,5034,1182304,FWA,1393006,ORD,655,-5,649,-16,4.030194512
9312,08/05/2018,20304,N912SW,5035,1182304,FWA,1393006,ORD,1722,22,1730,20,0
9313,08/05/2018,20304,N929SW,5036,1186502,GCC,1129202,DEN,545,-10,658,-11,4.030194512
9314,08/05/2018,20304,N952SW,5043,1102705,CKB,1393006,ORD,1405,-4,1447,-3,4.030194512
9315,08/05/2018,20304,N930SW,5044,1318403,MBS,1393006,ORD,1037,2,1048,3,4.030194512
9316,08/05/2018,20304,N933EV,5045,1318403,MBS,1393006,ORD,1732,36,1743,33,0
9317,08/05/2018,20304,N965SW,5046,1454302,RKS,1129202,DEN,1659,6,1810,3,4.030194512
9318,08/05/2018,20304,N952SW,5047,1226402,IAD,1102705,CKB,1226,-4,1337,-2,4.030194512
9319,08/05/2018,20304,N960SW,5048,1454302,RKS,1129202,DEN,545,-5,641,-11,4.030194512
9320,08/05/2018,20304,N943SW,5049,1393006,ORD,1182304,FWA,2100,-5,2257,-13,4.030194512
9321,08/05/2018,20304,N941SW,5051,1129202,DEN,1428805,PUB,1953,-7,2036,-16,4.030194512
9322,08/05/2018,20304,N941SW,5051,1428805,PUB,1290205,LBL,2114,-11,2301,-19,4.030194512
9323,08/05/2018,20304,N920SW,5058,1129202,DEN,1290205,LBL,1356,-4,1603,-11,4.030194512
9324,08/05/2018,20304,N961SW,5060,1393006,ORD,1043105,AVL,934,844,1315,892,0
9325,08/05/2018,20304,N909SW,5061,1393006,ORD,1107602,CMX,2250,105,106,92,0
9326,08/05/2018,20304,N934SW,5062,1393006,ORD,1147103,EAU,1146,16,1253,-5,4.030194512
9327,08/05/2018,20304,N930SW,5064,1393006,ORD,1318403,MBS,802,8,1019,14,4.030194512
9328,08/05/2018,20304,N679SA,5065,1428805,PUB,1129202,DEN,612,-8,706,-1,4.030194512
9329,08/05/2018,20304,N932SW,5066,1393006,ORD,1102705,CKB,1747,-3,2021,3,4.030194512
9330,08/05/2018,20304,N962SW,5067,1334402,MKG,1393006,ORD,1027,-16,1032,-12,4.030194512
9331,08/05/2018,20304,N952SW,5068,1102705,CKB,1226402,IAD,606,-4,657,-17,4.030194512
9332,08/05/2018,20304,N932SW,5069,1393006,ORD,1400602,PAH,1352,67,1518,69,0
9333,08/05/2018,20304,N905SW,5070,1393006,ORD,1400602,PAH,2112,-8,2233,-11,4.030194512
9334,08/05/2018,20304,N979SW,5071,1393006,ORD,1495203,SPI,740,-5,839,-12,4.030194512
9335,08/05/2018,20304,N919SW,5072,1393006,ORD,1495203,SPI,2219,44,2316,39,0
9336,08/05/2018,20304,N932SW,5073,1400602,PAH,1393006,ORD,1539,59,1721,62,0
9337,08/05/2018,20304,N932EV,5075,1129202,DEN,1454302,RKS,1851,-5,1954,-5,4.030194512
9338,08/05/2018,20304,N975SW,5076,1393006,ORD,1545405,UIN,2040,25,2150,23,0
9339,08/05/2018,20304,N975SW,5076,1545405,UIN,1096702,CGI,2208,-10,2301,-14,4.030194512
9340,08/05/2018,20304,N679SA,5077,1129202,DEN,1558203,VEL,1700,55,1822,69,0
9341,08/05/2018,20304,N679SA,5078,1558203,VEL,1129202,DEN,1846,56,1951,38,0
9342,08/05/2018,20304,N987SW,5079,1109202,CNY,1129202,DEN,1744,-11,1900,-11,4.030194512
9343,08/05/2018,20304,N979SW,5080,1096702,CGI,1393006,ORD,1316,13,1444,6,4.030194512
9344,08/05/2018,20304,N920SW,5084,1290205,LBL,1129202,DEN,1643,-1,1726,33,0
9345,08/05/2018,20304,N971SW,5085,1318403,MBS,1393006,ORD,556,-4,606,-4,4.030194512
9346,08/05/2018,20304,N924SW,5086,1055803,BFF,1129202,DEN,552,-8,646,-11,4.030194512
9347,08/05/2018,20304,N901EV,5087,1393006,ORD,1043105,AVL,859,-3,1158,3,4.030194512
9348,08/05/2018,20304,N962SW,5088,1393006,ORD,1545405,UIN,1536,-9,1648,-9,4.030194512
9349,08/05/2018,20304,N909SW,5089,1334402,MKG,1393006,ORD,1757,-13,1752,-24,4.030194512
9350,08/05/2018,20304,N987SW,5090,1129202,DEN,1109202,CNY,1603,8,1722,16,8
9351,08/05/2018,20304,N905SW,5095,1393006,ORD,1133703,DLH,1644,9,1813,-2,4.030194512
9352,08/05/2018,20304,N952SW,5096,1226402,IAD,1312102,LWB,846,11,955,6,4.030194512
9353,08/05/2018,20304,N979SW,5098,1495203,SPI,1393006,ORD,915,-6,1016,-9,4.030194512
9354,08/05/2018,20304,N952SW,5100,1312102,LWB,1226402,IAD,1049,29,1150,34,23
9355,08/05/2018,20304,N967SW,5101,1144705,DVL,1251902,JMS,452,-8,549,5,4.030194512
9356,08/05/2018,20304,N967SW,5101,1251902,JMS,1129202,DEN,614,-6,711,1,4.030194512
9357,08/05/2018,20304,N907EV,5102,1129202,DEN,1251902,JMS,1134,108,1408,91,0
9358,08/05/2018,20304,N907EV,5102,1144705,DVL,1129202,DEN,1538,78,1704,106,0
9359,08/05/2018,20304,N907EV,5102,1251902,JMS,1144705,DVL,1430,83,1507,79,0
9360,08/05/2018,20304,N946SW,5104,1129202,DEN,1251902,JMS,1951,-4,2238,-8,4.030194512
9361,08/05/2018,20304,N946SW,5104,1251902,JMS,1144705,DVL,2258,-20,2337,-22,4.030194512
9362,08/05/2018,20304,N938SW,5106,1129202,DEN,1288802,LAR,2213,-7,2252,-12,4.030194512
9363,08/05/2018,20304,N979SW,5109,1107602,CMX,1393006,ORD,559,-11,648,5,4.030194512
9364,08/05/2018,20304,N903SW,5112,1182304,FWA,1393006,ORD,914,-1,921,6,4.030194512
9365,08/05/2018,20304,N965SW,5113,1129202,DEN,1454302,RKS,1509,-1,1630,7,4.030194512
9366,08/05/2018,20304,N967SW,5114,1129202,DEN,1186502,GCC,2214,-6,2324,-8,4.030194512
9367,08/05/2018,20304,N979SW,5115,1393006,ORD,1096702,CGI,1052,-8,1209,-24,4.030194512
9368,08/05/2018,20304,N967SW,5117,1129202,DEN,1186502,GCC,1138,9,1258,8,4.030194512
9369,08/05/2018,20304,N960SW,5118,1289208,LAX,1479405,SGU,2008,-7,2224,-10,4.030194512
9370,08/05/2018,20304,N926SW,5119,1479405,SGU,1289208,LAX,605,-10,628,-16,4.030194512
9371,08/05/2018,20304,N962SW,5121,1545405,UIN,1393006,ORD,1717,-10,1838,-3,4.030194512
9372,08/05/2018,20304,N962SW,5122,1393006,ORD,1318403,MBS,2129,124,2341,125,0
9373,08/05/2018,20304,N963SW,5127,1133703,DLH,1393006,ORD,1259,97,1436,91,0
9374,08/05/2018,20304,N937SW,5128,1043105,AVL,1393006,ORD,1742,-4,1847,-2,4.030194512
9375,08/05/2018,20304,N917SW,5130,1129202,DEN,1055803,BFF,2005,-5,2051,-17,4.030194512
9376,08/05/2018,20304,N946SW,5131,1288802,LAR,1129202,DEN,557,-8,749,58,0
9377,08/05/2018,20304,N937SW,5136,1393006,ORD,1043105,AVL,1418,-5,1719,3,4.030194512
9378,08/05/2018,20304,N943SW,5137,1129202,DEN,1225502,HYS,1359,-1,1614,2,4.030194512
9379,08/05/2018,20304,N943SW,5137,1225502,HYS,1487706,SLN,1647,2,1747,23,0
9380,08/05/2018,20304,N943SW,5137,1487706,SLN,1393006,ORD,1805,2,2005,20,0
9381,08/05/2018,20304,N932SW,5141,1393006,ORD,1107602,CMX,1003,-5,1230,-4,4.030194512
9382,08/05/2018,20304,N963SW,5143,1393006,ORD,1147103,EAU,2058,42,2205,31,0
9383,08/05/2018,20304,N909SW,5145,1393006,ORD,1334402,MKG,1532,-6,1729,-11,4.030194512
9384,08/05/2018,20304,N465SW,5146,1393006,ORD,1495203,SPI,1649,-5,1739,-21,4.030194512
9385,08/05/2018,20304,N912SW,5147,1400602,PAH,1393006,ORD,632,-10,758,-17,4.030194512
9386,08/05/2018,20304,N920SW,5151,1479405,SGU,1129202,DEN,703,-7,835,-18,4.030194512
9387,08/05/2018,20304,N679SA,5152,1479405,SGU,1129202,DEN,1509,84,1636,68,0
9388,08/05/2018,20304,N937SW,5156,1495203,SPI,1393006,ORD,555,0,654,0,4.030194512
9389,08/05/2018,20304,N465SW,5157,1495203,SPI,1393006,ORD,1819,-16,1950,10,4.030194512
9390,08/05/2018,20304,N962SW,5162,1043105,AVL,1393006,ORD,554,-6,645,-18,4.030194512
9391,08/05/2018,20304,N465SW,5167,1133703,DLH,1393006,ORD,1446,-16,1618,-27,4.030194512
9392,08/05/2018,20304,N465SW,5168,1393006,ORD,1133703,DLH,1243,-7,1416,-16,4.030194512
9393,08/05/2018,20304,N967SW,5169,1186502,GCC,1129202,DEN,1329,9,1451,11,4.030194512
9394,08/05/2018,20304,N920SW,5172,1129202,DEN,1289902,LBF,2055,45,2301,44,0
9395,08/05/2018,20304,N200SY,5176,1015706,ACV,1477104,SFO,2025,-15,2133,-17,4.030194512
9396,08/05/2018,20304,N143SY,5177,1014005,ABQ,1477104,SFO,2010,-10,2150,-8,4.030194512
9397,08/05/2018,20304,N959SW,5178,1129202,DEN,1112205,CPR,1152,12,1327,42,0
9398,08/05/2018,20304,N975SW,5179,1129202,DEN,1343302,MOT,1004,-6,1247,-17,4.030194512
9399,08/05/2018,20304,N786SK,5180,1129202,DEN,1489302,SMF,1610,45,1828,84,0
9400,08/05/2018,20304,N973SW,5181,1080003,BUR,1129202,DEN,1534,-11,1847,-29,4.030194512
9401,08/05/2018,20304,N213SY,5182,1215605,HLN,1129202,DEN,705,-5,904,0,4.030194512
9402,08/05/2018,20304,N792SK,5183,1039707,ATL,1129202,DEN,2007,-3,2115,-16,4.030194512
9403,08/05/2018,20304,N939SW,5184,1228002,IDA,1129202,DEN,1609,159,1733,150,0
9404,08/05/2018,20304,N975SW,5185,1343302,MOT,1129202,DEN,1328,-7,1429,-3,4.030194512
9405,08/05/2018,20304,N471CA,5186,1389101,ONT,1477104,SFO,918,-6,1042,-18,4.030194512
9406,08/05/2018,20304,N962SW,5188,1393006,ORD,1104205,CLE,1121,-7,1345,0,4.030194512
9407,08/05/2018,20304,N151SY,5189,1489302,SMF,1289208,LAX,1519,-6,1649,-20,4.030194512
9408,08/05/2018,20304,N975SW,5190,1110902,COS,1393006,ORD,1629,-6,2014,4,4.030194512
9409,08/05/2018,20304,N205SY,5191,1474703,SEA,1289208,LAX,1853,-2,2139,-16,4.030194512
9410,08/05/2018,20304,N103SY,5192,1477104,SFO,1071302,BOI,1339,-6,1607,-30,4.030194512
9411,08/05/2018,20304,N960SW,5193,1477104,SFO,1457002,RNO,1600,-7,1702,-13,4.030194512
9412,08/05/2018,20304,N148SY,5196,1426204,PSP,1477104,SFO,611,-8,758,0,4.030194512
9413,08/05/2018,20304,N973SW,5197,1477104,SFO,1080003,BUR,1336,-9,1502,-7,4.030194512
9414,08/05/2018,20304,N983SW,5198,1289208,LAX,1467903,SAN,850,-10,947,-14,4.030194512
9415,08/05/2018,20304,N971SW,5199,1393006,ORD,1110902,COS,2035,45,2222,42,0
9416,08/05/2018,20304,N937EV,5200,1059904,BHM,1393006,ORD,826,-9,1023,-22,4.030194512
9417,08/05/2018,20304,N157SY,5201,1477104,SFO,1347605,MRY,1258,5,1356,2,4.030194512
9418,08/05/2018,20304,N979SW,5202,1393006,ORD,1294503,LEX,1518,-1,1737,-7,4.030194512
9419,08/05/2018,20304,N699BR,5203,1477104,SFO,1448702,RDD,1613,-7,1732,0,4.030194512
9420,08/05/2018,20304,N790SK,5204,1074705,BRO,1226603,IAH,1554,-11,1701,-23,4.030194512
9421,08/05/2018,20304,N117SY,5205,1129806,DFW,1289208,LAX,1849,-6,2015,-9,4.030194512
9422,08/05/2018,20304,N140SY,5206,1080003,BUR,1129202,DEN,659,-1,1009,-21,4.030194512
9423,08/05/2018,20304,N465SW,5207,1062702,BIS,1393006,ORD,602,-3,819,14,4.030194512
9424,08/05/2018,20304,N934SW,5208,1078502,BTV,1393006,ORD,957,-3,1118,-9,4.030194512
9425,08/05/2018,20304,N924SW,5211,1129202,DEN,1164802,FCA,740,-7,950,-15,4.030194512
9426,08/05/2018,20304,N980SW,5212,1299206,LIT,1129202,DEN,1725,47,1920,73,0
9427,08/05/2018,20304,N943SW,5213,1289607,LBB,1129202,DEN,1250,-5,1332,7,4.030194512
9428,08/05/2018,20304,N987SW,5214,1129202,DEN,1387102,OMA,1017,-9,1245,-14,4.030194512
9429,08/05/2018,20304,N131SY,5215,1387102,OMA,1477104,SFO,648,-6,851,12,4.030194512
9430,08/05/2018,20304,N156SY,5216,1477104,SFO,1387102,OMA,1732,-3,2251,-20,4.030194512
9431,08/05/2018,20304,N957SW,5217,1014005,ABQ,1289208,LAX,656,-4,803,-2,4.030194512
9432,08/05/2018,20304,N794SK,5218,1069302,BNA,1226603,IAH,1535,45,1749,49,41
9433,08/05/2018,20304,N978SW,5219,1062702,BIS,1129202,DEN,1342,-4,1425,-1,4.030194512
9434,08/05/2018,20304,N795SK,5220,1037205,ASE,1129202,DEN,1706,351,1759,349,0
9435,08/05/2018,20304,N144SY,5222,1069302,BNA,1129202,DEN,1221,-3,1402,-26,4.030194512
9436,08/05/2018,20304,N164SY,5224,1129202,DEN,1141306,DRO,1418,18,1615,61,0
9437,08/05/2018,20304,N982SW,5224,1163807,FAT,1129202,DEN,733,-2,1042,-16,4.030194512
9438,08/05/2018,20304,N958SW,5225,1071302,BOI,1289208,LAX,1809,5,1937,8,4.030194512
9439,08/05/2018,20304,N934SW,5226,1110902,COS,1129202,DEN,1817,-8,1906,-7,4.030194512
9440,08/05/2018,20304,N960SW,5227,1129202,DEN,1326403,MFR,1135,5,1321,0,4.030194512
9441,08/05/2018,20304,N973SW,5228,1389101,ONT,1477104,SFO,1144,-6,1304,-13,4.030194512
9442,08/05/2018,20304,N963SW,5230,1393006,ORD,1537002,TUL,1534,-6,1731,-11,4.030194512
9443,08/05/2018,20304,N144SY,5231,1080003,BUR,1477104,SFO,1732,10,1857,14,4.030194512
9444,08/05/2018,20304,N870AS,5232,1289208,LAX,1468902,SBA,1522,-8,1604,-16,4.030194512
9445,08/05/2018,20304,N699BR,5233,1448702,RDD,1477104,SFO,1756,-9,1850,-20,4.030194512
9446,08/05/2018,20304,N932SW,5234,1098002,CHA,1393006,ORD,742,-8,903,11,4.030194512
9447,08/05/2018,20304,N144SY,5235,1104205,CLE,1129202,DEN,543,-2,652,-16,4.030194512
9448,08/05/2018,20304,N208SY,5236,1106606,CMH,1129202,DEN,1638,-2,1805,4,4.030194512
9449,08/05/2018,20304,N786SK,5237,1129202,DEN,1014005,ABQ,2226,-4,2343,-13,4.030194512
9450,08/05/2018,20304,N124SY,5238,1393006,ORD,1486903,SLC,739,-1,1017,-7,4.030194512
9451,08/05/2018,20304,N110SY,5239,1477104,SFO,1468902,SBA,1606,-4,1717,-15,4.030194512
9452,08/05/2018,20304,N927SW,5240,1100303,CID,1393006,ORD,1541,74,1649,69,0
9453,08/05/2018,20304,N987SW,5241,1387102,OMA,1129202,DEN,1314,-16,1402,-8,4.030194512
9454,08/05/2018,20304,N943SW,5242,1112205,CPR,1129202,DEN,723,-12,826,-15,4.030194512
9455,08/05/2018,20304,N156SY,5243,1477104,SFO,1188402,GEG,1134,-6,1345,-7,4.030194512
9456,08/05/2018,20304,N144SY,5244,1129202,DEN,1069302,BNA,757,-3,1136,-7,4.030194512
9457,08/05/2018,20304,N784SK,5245,1129202,DEN,1014005,ABQ,1126,-4,1248,-1,4.030194512
9458,08/05/2018,20304,N934SW,5246,1129202,DEN,1110902,COS,1925,80,2006,70,0
9459,08/05/2018,20304,N139SY,5247,1289208,LAX,1071302,BOI,2003,-8,2256,-23,4.030194512
9460,08/05/2018,20304,N870AS,5248,1468902,SBA,1477104,SFO,1642,-8,1739,-21,4.030194512
9461,08/05/2018,20304,N110SY,5249,1477104,SFO,1389101,ONT,827,-3,944,-15,4.030194512
9462,08/05/2018,20304,N156SY,5250,1071302,BOI,1477104,SFO,539,-3,629,-14,4.030194512
9463,08/05/2018,20304,N941SW,5251,1477104,SFO,1468902,SBA,1401,-4,1507,-18,4.030194512
9464,08/05/2018,20304,N930SW,5252,1120302,CWA,1393006,ORD,1703,-8,1827,8,4.030194512
9465,08/05/2018,20304,N107SY,5253,1129202,DEN,1426204,PSP,1130,-5,1259,4,4.030194512
9466,08/05/2018,20304,N109SY,5254,1164802,FCA,1289208,LAX,1249,-9,1508,10,4.030194512
9467,08/05/2018,20304,N143SY,5255,1477104,SFO,1014005,ABQ,1613,8,1932,-12,4.030194512
9468,08/05/2018,20304,N795SK,5256,1078105,BTR,1226603,IAH,528,-7,623,-22,4.030194512
9469,08/05/2018,20304,N168SY,5257,1127805,DCA,1393006,ORD,1241,-4,1326,-27,4.030194512
9470,08/05/2018,20304,N961SW,5258,1059904,BHM,1393006,ORD,1454,-7,1710,0,4.030194512
9471,08/05/2018,20304,N901EV,5259,1098002,CHA,1393006,ORD,1755,32,1837,12,4.030194512
9472,08/05/2018,20304,N923SW,5260,1477104,SFO,1056103,BFL,2032,32,2128,3,4.030194512
9473,08/05/2018,20304,N138SY,5261,1295304,LGA,1393006,ORD,1557,-3,1712,-40,4.030194512
9474,08/05/2018,20304,N958SW,5262,1014005,ABQ,1129202,DEN,1301,-4,1418,-11,4.030194512
9475,08/05/2018,20304,N987SW,5264,1238902,ISN,1129202,DEN,800,-5,914,15,0
9476,08/05/2018,20304,N133SY,5265,1448902,RDM,1477104,SFO,1451,51,1617,37,0
9477,08/05/2018,20304,N937EV,5266,1336705,MLI,1393006,ORD,1252,-8,1348,-12,4.030194512
9478,08/05/2018,20304,N923SW,5267,1457002,RNO,1477104,SFO,1907,-8,2013,-12,4.030194512
9479,08/05/2018,20304,N109SY,5268,1289208,LAX,1164802,FCA,828,-2,1226,6,4.030194512
9480,08/05/2018,20304,N959SW,5269,1111105,COU,1129202,DEN,553,-7,708,0,4.030194512
9481,08/05/2018,20304,N103SY,5270,1071302,BOI,1129202,DEN,1702,-13,1906,-13,4.030194512
9482,08/05/2018,20304,N796SK,5271,1226603,IAH,1486903,SLC,2128,-2,2348,9,4.030194512
9483,08/05/2018,20304,N162SY,5272,1105703,CLT,1393006,ORD,1047,7,1148,-2,4.030194512
9484,08/05/2018,20304,N965SW,5273,1129202,DEN,1110902,COS,1833,61,1920,57,0
9485,08/05/2018,20304,N128SY,5274,1071302,BOI,1393006,ORD,947,62,1405,45,0
9486,08/05/2018,20304,N792SK,5275,1078105,BTR,1226603,IAH,1354,-11,1504,-15,4.030194512
9487,08/05/2018,20304,N113SY,5276,1015706,ACV,1477104,SFO,555,-5,701,-9,4.030194512
9488,08/05/2018,20304,N901EV,5277,1393006,ORD,1098002,CHA,1404,-1,1722,30,0
9489,08/05/2018,20304,N679SA,5278,1129202,DEN,1111105,COU,2024,9,2311,4,4.030194512
9490,08/05/2018,20304,N962SW,5279,1104205,CLE,1393006,ORD,1413,-2,1438,0,4.030194512
9491,08/05/2018,20304,N906EV,5280,1129202,DEN,1468902,SBA,1641,91,1827,95,0
9492,08/05/2018,20304,N909SW,5281,1056103,BFL,1129202,DEN,516,-14,837,-25,4.030194512
9493,08/05/2018,20304,N679SA,5282,1129202,DEN,1537002,TUL,750,0,1053,20,0
9494,08/05/2018,20304,N956SW,5283,1129202,DEN,1481402,SHV,1322,22,1712,56,0
9495,08/05/2018,20304,N901EV,5284,1393006,ORD,1098002,CHA,1901,10,2144,6,4.030194512
9496,08/05/2018,20304,N135SY,5285,1071302,BOI,1129202,DEN,900,-10,1052,-19,4.030194512
9497,08/05/2018,20304,N120SY,5286,1389101,ONT,1477104,SFO,1638,-4,1755,-14,4.030194512
9498,08/05/2018,20304,N117SY,5287,1129202,DEN,1244102,JAC,801,-4,936,3,4.030194512
9499,08/05/2018,20304,N107SY,5288,1452401,RIC,1129202,DEN,818,-2,1014,-15,4.030194512
9500,08/05/2018,20304,N133SY,5289,1477104,SFO,1591904,XNA,1642,11,2231,7,4.030194512
9501,08/05/2018,20304,N206SY,5290,1537002,TUL,1129202,DEN,1317,-8,1408,-3,4.030194512
9502,08/05/2018,20304,N125SY,5291,1110902,COS,1129202,DEN,552,-8,634,-17,4.030194512
9503,08/05/2018,20304,N976SW,5292,1110902,COS,1393006,ORD,901,-9,1239,-13,4.030194512
9504,08/05/2018,20304,N785SK,5292,1393006,ORD,1039707,ATL,1412,-3,1742,23,0
9505,08/05/2018,20304,N983SW,5294,1129202,DEN,1141306,DRO,1735,0,1901,10,4.030194512
9506,08/05/2018,20304,N959SW,5295,1129202,DEN,1154005,ELP,1601,56,1803,63,0
9507,08/05/2018,20304,N788SK,5297,1129202,DEN,1244102,JAC,1538,18,1721,25,9
9508,08/05/2018,20304,N134SY,5298,1143302,DTW,1393006,ORD,1436,6,1452,2,4.030194512
9509,08/05/2018,20304,N168SY,5299,1198603,GRR,1129202,DEN,1700,-6,1758,-12,4.030194512
9510,08/05/2018,20304,N946SW,5300,1129202,DEN,1084905,BZN,828,38,1028,47,0
9511,08/05/2018,20304,N929EV,5301,1129202,DEN,1200305,GTF,1634,104,1843,113,0
9512,08/05/2018,20304,N965SW,5303,1129202,DEN,1238902,ISN,1025,20,1301,6,4.030194512
9513,08/05/2018,20304,N937EV,5304,1393006,ORD,1336705,MLI,1126,-1,1209,-20,4.030194512
9514,08/05/2018,20304,N917SW,5305,1129202,DEN,1164802,FCA,1419,-7,1644,0,4.030194512
9515,08/05/2018,20304,N945SW,5306,1129202,DEN,1071302,BOI,806,1,1026,13,4.030194512
9516,08/05/2018,20304,N956SW,5307,1129202,DEN,1537603,TUS,1938,43,2047,42,0
9517,08/05/2018,20304,N925EV,5308,1129202,DEN,1445702,RAP,1639,80,1747,68,0
9518,08/05/2018,20304,N132SY,5309,1468305,SAT,1477104,SFO,610,-5,805,10,4.030194512
9519,08/05/2018,20304,N870AS,5310,1289208,LAX,1347605,MRY,733,-7,854,-6,4.030194512
9520,08/05/2018,20304,N679SA,5311,1537002,TUL,1129202,DEN,1116,12,1207,17,0
9521,08/05/2018,20304,N124SY,5312,1319801,MCI,1477104,SFO,1920,-10,2107,-22,4.030194512
9522,08/05/2018,20304,N980SW,5313,1129202,DEN,1299206,LIT,1353,53,1702,55,0
9523,08/05/2018,20304,N920SW,5314,1129202,DEN,1192102,GJT,1752,-3,1857,-7,4.030194512
9524,08/05/2018,20304,N117SY,5315,1129202,DEN,1129806,DFW,1514,4,1807,-10,4.030194512
9525,08/05/2018,20304,N941SW,5316,1347605,MRY,1477104,SFO,550,-10,634,-14,4.030194512
9526,08/05/2018,20304,N925SW,5317,1289208,LAX,1110902,COS,1941,31,2302,17,0
9527,08/05/2018,20304,N790SK,5318,1486903,SLC,1226603,IAH,917,-12,1313,-20,4.030194512
9528,08/05/2018,20304,N146SY,5319,1188402,GEG,1477104,SFO,554,-6,808,-7,4.030194512
9529,08/05/2018,20304,N165SY,5320,1084905,BZN,1289208,LAX,1255,-5,1426,-17,4.030194512
9530,08/05/2018,20304,N983SW,5321,1426204,PSP,1289208,LAX,653,-15,805,-20,4.030194512
9531,08/05/2018,20304,N164SY,5322,1129202,DEN,1227805,ICT,957,2,1216,-8,4.030194512
9532,08/05/2018,20304,N906EV,5322,1448902,RDM,1129202,DEN,932,242,1256,242,0
9533,08/05/2018,20304,N939SW,5323,1129202,DEN,1228002,IDA,1249,93,1424,84,0
9534,08/05/2018,20304,N969SW,5324,1129202,DEN,1302902,LNK,936,-10,1144,-32,4.030194512
9535,08/05/2018,20304,N472CA,5325,1477104,SFO,1468902,SBA,1202,-8,1306,-24,4.030194512
9536,08/05/2018,20304,N121SY,5326,1129806,DFW,1393006,ORD,1607,-6,1839,-4,4.030194512
9537,08/05/2018,20304,N122SY,5327,1477104,SFO,1071302,BOI,1733,36,2009,27,0
9538,08/05/2018,20304,N787SK,5328,1119302,CVG,1226603,IAH,1522,-8,1654,-12,4.030194512
9539,08/05/2018,20304,N110SY,5329,1477104,SFO,1486903,SLC,1951,-9,2234,-20,4.030194512
9540,08/05/2018,20304,N934SW,5330,1469608,SBN,1393006,ORD,555,-5,545,-2,4.030194512
9541,08/05/2018,20304,N205SY,5331,1467903,SAN,1289208,LAX,608,-7,710,-14,4.030194512
9542,08/05/2018,20304,N157SY,5332,1457002,RNO,1477104,SFO,1043,-7,1152,-18,4.030194512
9543,08/05/2018,20304,N150SY,5333,1129202,DEN,1062003,BIL,1555,25,1737,35,25
9544,08/05/2018,20304,N145SY,5334,1477104,SFO,1468305,SAT,1044,4,1630,0,4.030194512
9545,08/05/2018,20304,N913SW,5335,1289208,LAX,1163807,FAT,2114,-13,2215,-21,4.030194512
9546,08/05/2018,20304,N206SY,5336,1129202,DEN,1227805,ICT,1509,24,1727,23,0
9547,08/05/2018,20304,N870AS,5337,1289208,LAX,1347605,MRY,1131,-7,1245,-13,4.030194512
9548,08/05/2018,20304,N779SK,5338,1477104,SFO,1426204,PSP,2030,-9,2157,-15,4.030194512
9549,08/05/2018,20304,N788SK,5339,1037205,ASE,1129202,DEN,1406,26,1446,9,4.030194512
9550,08/05/2018,20304,N780SK,5340,1037205,ASE,1289208,LAX,1953,-7,2117,-5,4.030194512
9551,08/05/2018,20304,N791SK,5341,1129202,DEN,1319801,MCI,1604,49,1854,55,40
9552,08/05/2018,20304,N693BR,5342,1129202,DEN,1080003,BUR,1119,-1,1254,-2,4.030194512
9553,08/05/2018,20304,N779SK,5343,1129202,DEN,1037205,ASE,941,-4,1040,1,4.030194512
9554,08/05/2018,20304,N784SK,5345,1129202,DEN,1541205,TYS,2017,162,101,156,0
9555,08/05/2018,20304,N213SY,5346,1129202,DEN,1319801,MCI,956,-3,1235,-13,4.030194512
9556,08/05/2018,20304,N127SY,5347,1477104,SFO,1163807,FAT,921,-10,1027,-13,4.030194512
9557,08/05/2018,20304,N166SY,5348,1014005,ABQ,1477104,SFO,601,-4,741,-3,4.030194512
9558,08/05/2018,20304,N146SY,5349,1015706,ACV,1477104,SFO,1126,-4,1228,-16,4.030194512
9559,08/05/2018,20304,N130SY,5350,1127805,DCA,1393006,ORD,1037,-6,1131,-16,4.030194512
9560,08/05/2018,20304,N202SY,5351,1393006,ORD,1143302,DTW,1748,-4,2003,-19,4.030194512
9561,08/05/2018,20304,N165SY,5352,1042302,AUS,1289208,LAX,610,-5,726,-7,4.030194512
9562,08/05/2018,20304,N154SY,5353,1062702,BIS,1129202,DEN,625,-5,706,-4,4.030194512
9563,08/05/2018,20304,N108SY,5354,1160302,EUG,1477104,SFO,1358,6,1536,6,4.030194512
9564,08/05/2018,20304,N161SY,5355,1489302,SMF,1129202,DEN,1236,91,1603,97,0
9565,08/05/2018,20304,N208SY,5356,1069302,BNA,1129202,DEN,828,-7,1021,-17,4.030194512
9566,08/05/2018,20304,N928SW,5357,1129202,DEN,1315805,MAF,1524,79,1849,114,0
9567,08/05/2018,20304,N127SY,5358,1071302,BOI,1477104,SFO,752,-5,844,-14,4.030194512
9568,08/05/2018,20304,N200SY,5359,1071302,BOI,1477104,SFO,1339,-1,1419,-22,4.030194512
9569,08/05/2018,20304,N153SY,5360,1393006,ORD,1537603,TUS,1003,-2,1148,-6,4.030194512
9570,08/05/2018,20304,N125SY,5361,1129202,DEN,1385103,OKC,1949,-6,2234,0,4.030194512
9571,08/05/2018,20304,N693BR,5362,1080003,BUR,1477104,SFO,1323,-7,1452,-2,4.030194512
9572,08/05/2018,20304,N136SY,5363,1289208,LAX,1477104,SFO,1653,-7,1821,-14,4.030194512
9573,08/05/2018,20304,N130SY,5364,1393006,ORD,1295304,LGA,1226,-3,1533,-19,4.030194512
9574,08/05/2018,20304,N789SK,5365,1105703,CLT,1393006,ORD,1806,51,1944,73,0
9575,08/05/2018,20304,N160SY,5366,1389101,ONT,1477104,SFO,1926,-9,2042,-20,4.030194512
9576,08/05/2018,20304,N958SW,5367,1110902,COS,1289208,LAX,652,-3,839,-6,4.030194512
9577,08/05/2018,20304,N163SY,5369,1126702,DAY,1129202,DEN,849,2,955,1,4.030194512
9578,08/05/2018,20304,N959SW,5370,1112205,CPR,1129202,DEN,1408,43,1541,72,0
9579,08/05/2018,20304,N973SW,5371,1477104,SFO,1389101,ONT,934,-6,1054,-15,4.030194512
9580,08/05/2018,20304,N119SY,5373,1129202,DEN,1245102,JAX,1015,0,1558,14,4.030194512
9581,08/05/2018,20304,N982SW,5374,1289208,LAX,1347605,MRY,2153,-10,2257,-22,4.030194512
9582,08/05/2018,20304,N154SY,5375,1129202,DEN,1163807,FAT,748,-2,923,4,4.030194512
9583,08/05/2018,20304,N796SK,5376,1489302,SMF,1477104,SFO,1104,-6,1218,0,4.030194512
9584,08/05/2018,20304,N969SW,5378,1129202,DEN,1336705,MLI,1319,-6,1657,28,0
9585,08/05/2018,20304,N785SK,5379,1129202,DEN,1037205,ASE,754,-3,847,-4,4.030194512
9586,08/05/2018,20304,N206SY,5380,1129202,DEN,1215605,HLN,1902,0,2058,-6,4.030194512
9587,08/05/2018,20304,N466SW,5381,1129202,DEN,1478302,SGF,1816,21,2118,29,0
9588,08/05/2018,20304,N788SK,5382,1244102,JAC,1129202,DEN,1741,0,1915,-1,4.030194512
9589,08/05/2018,20304,N146SY,5383,1056103,BFL,1477104,SFO,1535,5,1632,-13,4.030194512
9590,08/05/2018,20304,N783SK,5383,1477104,SFO,1426204,PSP,1840,-11,2007,-17,4.030194512
9591,08/05/2018,20304,N205SY,5384,1474703,SEA,1289208,LAX,1153,-2,1450,-5,4.030194512
9592,08/05/2018,20304,N907EV,5385,1129202,DEN,1350202,MTJ,806,1,926,17,0
9593,08/05/2018,20304,N930SW,5386,1294503,LEX,1393006,ORD,1406,-8,1431,-19,4.030194512
9594,08/05/2018,20304,N956SW,5387,1481402,SHV,1129202,DEN,1735,49,1918,58,0
9595,08/05/2018,20304,N918SW,5389,1129202,DEN,1425202,PSC,2204,-8,2338,-8,4.030194512
9596,08/05/2018,20304,N959SW,5390,1129202,DEN,1385103,OKC,739,-6,1014,-14,4.030194512
9597,08/05/2018,20304,N795SK,5391,1129202,DEN,1037205,ASE,1129,14,1226,17,0
9598,08/05/2018,20304,N973SW,5392,1160302,EUG,1477104,SFO,719,-3,853,-9,4.030194512
9599,08/05/2018,20304,N130SY,5393,1393006,ORD,1385103,OKC,1927,-5,2131,-22,4.030194512
9600,08/05/2018,20304,N982SW,5394,1163807,FAT,1289208,LAX,1327,4,1439,-1,4.030194512
9601,08/05/2018,20304,N978SW,5395,1163807,FAT,1477104,SFO,1746,16,1835,4,4.030194512
9602,08/05/2018,20304,N918SW,5396,1129202,DEN,1445702,RAP,1734,-6,1849,-12,4.030194512
9603,08/05/2018,20304,N925EV,5397,1468902,SBA,1129202,DEN,650,-15,1023,-10,4.030194512
9604,08/05/2018,20304,N134SY,5398,1393006,ORD,1387102,OMA,1534,0,1717,3,4.030194512
9605,08/05/2018,20304,N930SW,5399,1469608,SBN,1393006,ORD,730,-5,740,10,4.030194512
9606,08/05/2018,20304,N784SK,5400,1426204,PSP,1129202,DEN,647,-13,1000,-15,4.030194512
9607,08/05/2018,20304,N148SY,5401,1129202,DEN,1448902,RDM,2215,5,2348,-10,4.030194512
9608,08/05/2018,20304,N119SY,5402,1245102,JAX,1129202,DEN,1635,15,1857,54,1
9609,08/05/2018,20304,N701BR,5403,1289208,LAX,1326403,MFR,1325,-9,1543,0,4.030194512
9610,08/05/2018,20304,N925EV,5404,1129202,DEN,1478302,SGF,1102,72,1352,64,0
9611,08/05/2018,20304,N114SY,5406,1393006,ORD,1334207,MKE,1747,-4,1828,-15,4.030194512
9612,08/05/2018,20304,N958SW,5407,1289208,LAX,1326403,MFR,2016,12,2215,2,4.030194512
9613,08/05/2018,20304,N149SY,5408,1289208,LAX,1042302,AUS,805,-5,1332,3,4.030194512
9614,08/05/2018,20304,N907EV,5409,1110902,COS,1129202,DEN,646,6,743,13,4.030194512
9615,08/05/2018,20304,N918SW,5410,1129202,DEN,1469802,SBP,1111,-5,1307,3,4.030194512
9616,08/05/2018,20304,N121SY,5411,1432105,PWM,1393006,ORD,956,-4,1143,-7,4.030194512
9617,08/05/2018,20304,N208SY,5412,1129202,DEN,1468305,SAT,2039,-1,2348,-5,4.030194512
9618,08/05/2018,20304,N916SW,5413,1289208,LAX,1426204,PSP,1850,-9,1937,-12,4.030194512
9619,08/05/2018,20304,N157SY,5414,1289208,LAX,1457002,RNO,826,-7,1011,-3,4.030194512
9620,08/05/2018,20304,N110SY,5416,1389101,ONT,1477104,SFO,1028,-7,1221,10,4.030194512
9621,08/05/2018,20304,N163SY,5417,1129202,DEN,1452401,RIC,1745,-5,2325,3,4.030194512
9622,08/05/2018,20304,N163SY,5418,1129202,DEN,1348602,MSO,1112,-4,1331,-2,4.030194512
9623,08/05/2018,20304,N479CA,5420,1289607,LBB,1129202,DEN,608,-7,634,-16,4.030194512
9624,08/05/2018,20304,N932EV,5421,1110902,COS,1129202,DEN,1152,-8,1231,-17,4.030194512
9625,08/05/2018,20304,N120SY,5422,1477104,SFO,1389101,ONT,1430,0,1554,-12,4.030194512
9626,08/05/2018,20304,N103SY,5423,1410702,PHX,1477104,SFO,1038,-7,1238,-18,4.030194512
9627,08/05/2018,20304,N925EV,5424,1478302,SGF,1129202,DEN,1428,70,1606,107,0
9628,08/05/2018,20304,N160SY,5425,1477104,SFO,1389101,ONT,1712,-8,1838,-18,4.030194512
9629,08/05/2018,20304,N164SY,5426,1227805,ICT,1129202,DEN,1313,-7,1350,0,4.030194512
9630,08/05/2018,20304,N133SY,5427,1385103,OKC,1477104,SFO,1047,167,1221,153,0
9631,08/05/2018,20304,N797SK,5428,1393006,ORD,1069302,BNA,2103,-4,2243,-1,4.030194512
9632,08/05/2018,20304,N114SY,5429,1143302,DTW,1393006,ORD,621,-4,639,0,4.030194512
9633,08/05/2018,20304,N779SK,5430,1037205,ASE,1129202,DEN,1118,103,1204,92,0
9634,08/05/2018,20304,N114SY,5431,1334207,MKE,1393006,ORD,1914,-6,2004,-14,4.030194512
9635,08/05/2018,20304,N103SY,5432,1129202,DEN,1150305,EGE,1959,-2,2043,-12,4.030194512
9636,08/05/2018,20304,N785SK,5433,1393006,ORD,1486903,SLC,2000,8,2226,3,4.030194512
9637,08/05/2018,20304,N105SY,5434,1425202,PSC,1129202,DEN,1324,-6,1702,7,4.030194512
9638,08/05/2018,20304,N164SY,5436,1129202,DEN,1334207,MKE,1820,25,2139,24,0
9639,08/05/2018,20304,N792SK,5437,1226603,IAH,1039707,ATL,1600,-5,1913,-21,4.030194512
9640,08/05/2018,20304,N959SW,5438,1154005,ELP,1129202,DEN,1828,58,2026,61,0
9641,08/05/2018,20304,N792SK,5439,1226603,IAH,1078105,BTR,1219,-1,1316,-13,4.030194512
9642,08/05/2018,20304,N791SK,5440,1226603,IAH,1078105,BTR,2152,7,2256,7,4.030194512
9643,08/05/2018,20304,N132SY,5441,1486903,SLC,1393006,ORD,1239,-6,1651,-7,4.030194512
9644,08/05/2018,20304,N120SY,5442,1457002,RNO,1477104,SFO,1239,11,1356,8,4.030194512
9645,08/05/2018,20304,N983SW,5443,1467903,SAN,1289208,LAX,1028,-7,1123,-6,4.030194512
9646,08/05/2018,20304,N795SK,5444,1226603,IAH,1385103,OKC,735,-5,858,-11,4.030194512
9647,08/05/2018,20304,N941SW,5445,1477104,SFO,1489302,SMF,720,-3,812,-2,4.030194512
9648,08/05/2018,20304,N113SY,5446,1468902,SBA,1477104,SFO,952,-2,1050,-23,4.030194512
9649,08/05/2018,20304,N164SY,5447,1141306,DRO,1129202,DEN,1647,57,1752,52,0
9650,08/05/2018,20304,N160SY,5448,1477104,SFO,1014005,ABQ,1043,-2,1425,1,4.030194512
9651,08/05/2018,20304,N141SY,5449,1477104,SFO,1071302,BOI,918,3,1156,-8,4.030194512
9652,08/05/2018,20304,N479CA,5450,1163703,FAR,1129202,DEN,1711,1,1821,3,4.030194512
9653,08/05/2018,20304,N472CA,5452,1448702,RDD,1477104,SFO,1003,-12,1109,-23,4.030194512
9654,08/05/2018,20304,N693BR,5452,1477104,SFO,1163807,FAT,1517,67,1626,67,0
9655,08/05/2018,20304,N784SK,5453,1289208,LAX,1037205,ASE,1550,-10,1851,-19,4.030194512
9656,08/05/2018,20304,N124SY,5454,1477104,SFO,1319801,MCI,1300,-4,1820,-34,4.030194512
9657,08/05/2018,20304,N926SW,5455,1477104,SFO,1326403,MFR,1337,-8,1513,1,4.030194512
9658,08/05/2018,20304,N789SK,5456,1226603,IAH,1105703,CLT,1331,66,1702,63,0
9659,08/05/2018,20304,N120SY,5457,1477104,SFO,1537603,TUS,1859,-6,2117,-2,4.030194512
9660,08/05/2018,20304,N796SK,5459,1477104,SFO,1489302,SMF,929,-6,1022,-11,4.030194512
9661,08/05/2018,20304,N207SY,5460,1348702,MSP,1393006,ORD,1655,-5,1830,-10,4.030194512
9662,08/05/2018,20304,N120SY,5461,1477104,SFO,1457002,RNO,1055,15,1209,17,0
9663,08/05/2018,20304,N465SW,5463,1393006,ORD,1062702,BIS,2021,41,2252,46,0
9664,08/05/2018,20304,N110SY,5464,1448902,RDM,1477104,SFO,556,-4,726,-13,4.030194512
9665,08/05/2018,20304,N211SY,5465,1477104,SFO,1486903,SLC,1614,-8,1901,-23,4.030194512
9666,08/05/2018,20304,N110SY,5466,1477104,SFO,1489302,SMF,1255,0,1354,1,4.030194512
9667,08/05/2018,20304,N787SK,5467,1226603,IAH,1537603,TUS,1809,-7,1827,-12,4.030194512
9668,08/05/2018,20304,N207SY,5470,1393006,ORD,1348702,MSP,1436,-4,1558,-20,4.030194512
9669,08/05/2018,20304,N933EV,5471,1329604,MHT,1393006,ORD,1253,-7,1423,-22,4.030194512
9670,08/05/2018,20304,N141SY,5472,1198603,GRR,1393006,ORD,2009,-12,2004,-19,4.030194512
9671,08/05/2018,20304,N200SY,5473,1477104,SFO,1489302,SMF,1520,-5,1611,-12,4.030194512
9672,08/05/2018,20304,N109SY,5474,1486903,SLC,1289208,LAX,632,-3,753,6,4.030194512
9673,08/05/2018,20304,N205SY,5475,1289208,LAX,1474703,SEA,1525,0,1812,-6,4.030194512
9674,08/05/2018,20304,N871AS,5476,1056103,BFL,1129202,DEN,1319,-6,1655,-2,4.030194512
9675,08/05/2018,20304,N906EV,5477,1192102,GJT,1129202,DEN,1508,103,1612,99,0
9676,08/05/2018,20304,N927SW,5478,1393006,ORD,1100303,CID,1358,73,1503,66,0
9677,08/05/2018,20304,N956SW,5479,1537603,TUS,1129202,DEN,937,17,1250,27,0
9678,08/05/2018,20304,N168SY,5481,1129202,DEN,1504102,SUN,1859,4,2057,5,4.030194512
9679,08/05/2018,20304,N138SY,5483,1393006,ORD,1163807,FAT,1940,-2,2232,8,4.030194512
9680,08/05/2018,20304,N963SW,5486,1537002,TUL,1393006,ORD,1807,-8,2032,20,0
9681,08/05/2018,20304,N168SY,5487,1069302,BNA,1393006,ORD,621,-4,804,-11,4.030194512
9682,08/05/2018,20304,N789SK,5488,1037205,ASE,1226603,IAH,935,110,1255,100,0
9683,08/05/2018,20304,N929EV,5489,1200305,GTF,1129202,DEN,1918,118,2108,108,0
9684,08/05/2018,20304,N794SK,5490,1226603,IAH,1069302,BNA,1205,-5,1418,4,4.030194512
9685,08/05/2018,20304,N941SW,5491,1489302,SMF,1477104,SFO,837,-7,938,-17,4.030194512
9686,08/05/2018,20304,N925SW,5492,1110902,COS,1289208,LAX,1429,129,1605,128,0
9687,08/05/2018,20304,N909SW,5493,1227805,ICT,1393006,ORD,2051,168,2232,151,0
9688,08/05/2018,20304,N947SW,5494,1289208,LAX,1468902,SBA,845,-10,936,-18,4.030194512
9689,08/05/2018,20304,N116SY,5495,1348602,MSO,1477104,SFO,1522,99,1637,83,0
9690,08/05/2018,20304,N141SY,5496,1326403,MFR,1477104,SFO,716,-1,841,-4,4.030194512
9691,08/05/2018,20304,N783SK,5497,1226603,IAH,1324402,MEM,931,-4,1058,-16,4.030194512
9692,08/05/2018,20304,N149SY,5498,1042302,AUS,1477104,SFO,1420,-5,1604,-14,4.030194512
9693,08/05/2018,20304,N795SK,5500,1129202,DEN,1037205,ASE,1831,176,1918,169,0
9694,08/05/2018,20304,N983SW,5502,1289208,LAX,1468902,SBA,1155,-8,1256,-4,4.030194512
9695,08/05/2018,20304,N787SK,5503,1129202,DEN,1119302,CVG,959,-1,1439,-11,4.030194512
9696,08/05/2018,20304,N960SW,5504,1326403,MFR,1477104,SFO,1416,25,1533,18,0
9697,08/05/2018,20304,N790SK,5505,1226603,IAH,1074705,BRO,1407,-8,1512,-17,4.030194512
9698,08/05/2018,20304,N166SY,5506,1477104,SFO,1348502,MSN,826,-4,1419,-34,4.030194512
9699,08/05/2018,20304,N932EV,5507,1537603,TUS,1129202,DEN,1426,29,1801,61,0
9700,08/05/2018,20304,N109SY,5508,1289208,LAX,1448902,RDM,1600,0,1810,-3,4.030194512
9701,08/05/2018,20304,N926SW,5509,1289208,LAX,1469802,SBP,1033,-12,1135,-12,4.030194512
9702,08/05/2018,20304,N780SK,5510,1289208,LAX,1469802,SBP,2225,-10,2317,-20,4.030194512
9703,08/05/2018,20304,N128SY,5511,1143302,DTW,1393006,ORD,1739,29,1817,47,0
9704,08/05/2018,20304,N165SY,5512,1289208,LAX,1410702,PHX,1536,-4,1656,-13,4.030194512
9705,08/05/2018,20304,N203SY,5513,1489302,SMF,1289208,LAX,947,-3,1125,-9,4.030194512
9706,08/05/2018,20304,N983SW,5514,1468902,SBA,1129202,DEN,1316,-14,1653,-7,4.030194512
9707,08/05/2018,20304,N929SW,5515,1129202,DEN,1238902,ISN,1354,-1,1637,-8,4.030194512
9708,08/05/2018,20304,N783SK,5516,1226603,IAH,1486903,SLC,1414,-6,1610,-20,4.030194512
9709,08/05/2018,20304,N975SW,5517,1110902,COS,1129202,DEN,810,-5,856,-10,4.030194512
9710,08/05/2018,20304,N128SY,5518,1393006,ORD,1069302,BNA,1844,9,2027,10,4.030194512
9711,08/05/2018,20304,N118SY,5519,1468305,SAT,1289208,LAX,1522,-8,1622,-24,4.030194512
9712,08/05/2018,20304,N132SY,5520,1393006,ORD,1509602,SYR,1808,-6,2109,0,4.030194512
9713,08/05/2018,20304,N149SY,5521,1347605,MRY,1289208,LAX,526,-4,651,-8,4.030194512
9714,08/05/2018,20304,N870AS,5522,1347605,MRY,1289208,LAX,925,-5,1055,-7,4.030194512
9715,08/05/2018,20304,N143SY,5523,1477104,SFO,1015706,ACV,2225,-10,2345,-13,4.030194512
9716,08/05/2018,20304,N110SY,5524,1489302,SMF,1477104,SFO,1429,0,1516,-12,4.030194512
9717,08/05/2018,20304,N871AS,5525,1129202,DEN,1537603,TUS,1744,-1,1944,49,0
9718,08/05/2018,20304,N161SY,5526,1129202,DEN,1489302,SMF,1024,94,1207,99,0
9719,08/05/2018,20304,N106SY,5527,1410702,PHX,1289208,LAX,1235,-5,1355,-19,4.030194512
9720,08/05/2018,20304,N945SW,5528,1477104,SFO,1448902,RDM,1752,-15,1927,-19,4.030194512
9721,08/05/2018,20304,N928SW,5529,1129202,DEN,1469802,SBP,2034,98,2207,83,0
9722,08/05/2018,20304,N969SW,5530,1426204,PSP,1129202,DEN,534,-16,849,-20,4.030194512
9723,08/05/2018,20304,N200SY,5531,1489302,SMF,1477104,SFO,1658,-2,1747,-12,4.030194512
9724,08/05/2018,20304,N167SY,5532,1393006,ORD,1509602,SYR,1400,0,1650,-4,4.030194512
9725,08/05/2018,20304,N941SW,5533,1468902,SBA,1129202,DEN,1542,-13,1909,-16,4.030194512
9726,08/05/2018,20304,N870AS,5534,1347605,MRY,1289208,LAX,1322,-6,1441,-14,4.030194512
9727,08/05/2018,20304,N471CA,5535,1396403,OTH,1477104,SFO,1424,29,1550,21,21
9728,08/05/2018,20304,N945SW,5536,1425202,PSC,1477104,SFO,1519,-11,1716,-16,4.030194512
9729,08/05/2018,20304,N969SW,5537,1302902,LNK,1129202,DEN,1230,-16,1257,-18,4.030194512
9730,08/05/2018,20304,N148SY,5538,1537603,TUS,1393006,ORD,1119,-11,1657,-12,4.030194512
9731,08/05/2018,20304,N132SY,5539,1477104,SFO,1486903,SLC,854,-6,1148,-14,4.030194512
9732,08/05/2018,20304,N709BR,5540,1486903,SLC,1129202,DEN,727,-8,858,-6,4.030194512
9733,08/05/2018,20304,N133SY,5541,1477104,SFO,1448902,RDM,1250,75,1422,63,0
9734,08/05/2018,20304,N797SK,5542,1486903,SLC,1477104,SFO,613,-7,726,-4,4.030194512
9735,08/05/2018,20304,N945SW,5543,1071302,BOI,1477104,SFO,1053,-7,1151,-7,4.030194512
9736,08/05/2018,20304,N117SY,5544,1244102,JAC,1129202,DEN,1008,-4,1137,0,4.030194512
9737,08/05/2018,20304,N947SW,5545,1326403,MFR,1289208,LAX,607,-2,813,-7,4.030194512
9738,08/05/2018,20304,N791SK,5546,1319801,MCI,1226603,IAH,1921,41,2118,39,0
9739,08/05/2018,20304,N960SW,5548,1014005,ABQ,1129202,DEN,930,-5,1056,4,4.030194512
9740,08/05/2018,20304,N125SY,5548,1129202,DEN,1319801,MCI,1300,5,1540,-4,4.030194512
9741,08/05/2018,20304,N913SW,5549,1448702,RDD,1477104,SFO,546,-14,640,-21,4.030194512
9742,08/05/2018,20304,N146SY,5549,1477104,SFO,1015706,ACV,921,-6,1041,-9,4.030194512
9743,08/05/2018,20304,N145SY,5550,1591904,XNA,1477104,SFO,729,-3,944,2,4.030194512
9744,08/05/2018,20304,N141SY,5552,1393006,ORD,1198603,GRR,1743,-2,1939,-5,4.030194512
9745,08/05/2018,20304,N913SW,5553,1448902,RDM,1477104,SFO,958,-12,1158,0,4.030194512
9746,08/05/2018,20304,N701BR,5554,1326403,MFR,1289208,LAX,1605,-8,1816,-8,4.030194512
9747,08/05/2018,20304,N153SY,5555,1477104,SFO,1015706,ACV,1615,10,1720,-8,4.030194512
9748,08/05/2018,20304,N976SW,5556,1393006,ORD,1469608,SBN,1902,49,2047,42,0
9749,08/05/2018,20304,N110SY,5557,1468902,SBA,1477104,SFO,1758,-10,1911,-7,4.030194512
9750,08/05/2018,20304,N965SW,5559,1324402,MEM,1129202,DEN,835,-10,958,-21,4.030194512
9751,08/05/2018,20304,N970SW,5560,1129202,DEN,1426204,PSP,1540,15,1709,24,0
9752,08/05/2018,20304,N919SW,5561,1329604,MHT,1393006,ORD,1852,17,2039,9,4.030194512
9753,08/05/2018,20304,N211SY,5563,1486903,SLC,1289208,LAX,1955,-5,2052,-10,4.030194512
9754,08/05/2018,20304,N471CA,5564,1477104,SFO,1389101,ONT,715,-10,835,-19,4.030194512
9755,08/05/2018,20304,N957SW,5565,1129202,DEN,1163807,FAT,1859,-1,2043,10,4.030194512
9756,08/05/2018,20304,N907EV,5566,1350202,MTJ,1129202,DEN,950,11,1052,12,4.030194512
9757,08/05/2018,20304,N138SY,5567,1385103,OKC,1393006,ORD,817,-8,1040,-3,4.030194512
9758,08/05/2018,20304,N970SW,5568,1426204,PSP,1129202,DEN,1734,19,2035,1,4.030194512
9759,08/05/2018,20304,N134SY,5570,1387102,OMA,1393006,ORD,1747,-3,1930,-8,4.030194512
9760,08/05/2018,20304,N787SK,5571,1037205,ASE,1129202,DEN,816,1,914,4,4.030194512
9761,08/05/2018,20304,N956SW,5572,1129202,DEN,1537603,TUS,748,2,915,25,0
9762,08/05/2018,20304,N928SW,5572,1343302,MOT,1129202,DEN,549,-11,639,-13,4.030194512
9763,08/05/2018,20304,N106SY,5573,1289208,LAX,1477104,SFO,1556,56,1716,44,0
9764,08/05/2018,20304,N693BR,5574,1129202,DEN,1289607,LBB,2031,35,2254,23,0
9765,08/05/2018,20304,N987SW,5575,1129202,DEN,1343302,MOT,1956,-4,2248,-7,4.030194512
9766,08/05/2018,20304,N937EV,5577,1393006,ORD,1059904,BHM,559,-6,746,-16,4.030194512
9767,08/05/2018,20304,N206SY,5578,1129202,DEN,1537002,TUL,1001,-4,1244,-5,4.030194512
9768,08/05/2018,20304,N113SY,5579,1477104,SFO,1468902,SBA,749,-6,904,-14,4.030194512
9769,08/05/2018,20304,N792SK,5580,1069302,BNA,1226603,IAH,930,40,1141,45,0
9770,08/05/2018,20304,N930SW,5581,1393006,ORD,1120302,CWA,1523,-7,1635,-6,4.030194512
9771,08/05/2018,20304,N973SW,5582,1129202,DEN,1110902,COS,1954,-6,2037,-13,4.030194512
9772,08/05/2018,20304,N986SW,5583,1289208,LAX,1489302,SMF,1800,-4,1937,-4,4.030194512
9773,08/05/2018,20304,N149SY,5584,1477104,SFO,1504102,SUN,1759,54,2036,34,0
,,,,,,,,,,,,,
,,,,,,,,,,,,,
,,,,,,,,,,,,,
,,,,,,,,,,,,,
,,,,,,,,,,,,,
,,,,,,,,,,,,,
,,,,,,,,,,,,,
,,,,,,,,,,,,,
,,,,,,,,,,,,,
,,,,,,,,,,,,,
,,,,,,,,,,,,,
,,,,,,,,,,,,,
,,,,,,,,,,,,,
,,,,,,,,,,,,,
,,,,,,,,,,,,,
,,,,,,,,,,,,,
,,,,,,,,,,,,,
,,,,,,,,,,,,,
,,,,,,,,,,,,,
,,,,,,,,,,,,,
,,,,,,,,,,,,,
,,,,,,,,,,,,,
,,,,,,,,,,,,,
,,,,,,,,,,,,,
,,,,,,,,,,,,,
,,,,,,,,,,,,,
,,,,,,,,,,,,,
,,,,,,,,,,,,,
,,,,,,,,,,,,,
,,,,,,,,,,,,,
,,,,,,,,,,,,,
,,,,,,,,,,,,,
,,,,,,,,,,,,,
,,,,,,,,,,,,,
,,,,,,,,,,,,,
,,,,,,,,,,,,,
,,,,,,,,,,,,,
,,,,,,,,,,,,,
,,,,,,,,,,,,,
,,,,,,,,,,,,,
,,,,,,,,,,,,,
,,,,,,,,,,,,,
,,,,,,,,,,,,,
,,,,,,,,,,,,,
,,,,,,,,,,,,,
,,,,,,,,,,,,,
,,,,,,,,,,,,,
,,,,,,,,,,,,,
,,,,,,,,,,,,,
,,,,,,,,,,,,,
,,,,,,,,,,,,,
,,,,,,,,,,,,,
,,,,,,,,,,,,,
,,,,,,,,,,,,,
,,,,,,,,,,,,,
,,,,,,,,,,,,,
,,,,,,,,,,,,,
,,,,,,,,,,,,,
,,,,,,,,,,,,,
,,,,,,,,,,,,,
,,,,,,,,,,,,,
,,,,,,,,,,,,,
,,,,,,,,,,,,,
,,,,,,,,,,,,,
,,,,,,,,,,,,,
,,,,,,,,,,,,,
,,,,,,,,,,,,,
,,,,,,,,,,,,,
,,,,,,,,,,,,,
,,,,,,,,,,,,,
,,,,,,,,,,,,,
,,,,,,,,,,,,,
,,,,,,,,,,,,,
,,,,,,,,,,,,,
,,,,,,,,,,,,,
,,,,,,,,,,,,,
,,,,,,,,,,,,,
,,,,,,,,,,,,,
,,,,,,,,,,,,,
,,,,,,,,,,,,,
,,,,,,,,,,,,,
,,,,,,,,,,,,,
,,,,,,,,,,,,,
,,,,,,,,,,,,,
,,,,,,,,,,,,,
,,,,,,,,,,,,,
,,,,,,,,,,,,,
,,,,,,,,,,,,,
,,,,,,,,,,,,,
,,,,,,,,,,,,,
,,,,,,,,,,,,,
,,,,,,,,,,,,,
,,,,,,,,,,,,,
,,,,,,,,,,,,,
,,,,,,,,,,,,,
,,,,,,,,,,,,,
,,,,,,,,,,,,,
,,,,,,,,,,,,,
,,,,,,,,,,,,,
,,,,,,,,,,,,,
,,,,,,,,,,,,,
,,,,,,,,,,,,,
,,,,,,,,,,,,,
,,,,,,,,,,,,,
,,,,,,,,,,,,,
,,,,,,,,,,,,,
,,,,,,,,,,,,,
,,,,,,,,,,,,,
,,,,,,,,,,,,,
,,,,,,,,,,,,,
,,,,,,,,,,,,,
,,,,,,,,,,,,,
,,,,,,,,,,,,,
,,,,,,,,,,,,,
,,,,,,,,,,,,,
,,,,,,,,,,,,,
,,,,,,,,,,,,,
,,,,,,,,,,,,,
,,,,,,,,,,,,,
,,,,,,,,,,,,,
,,,,,,,,,,,,,
,,,,,,,,,,,,,
,,,,,,,,,,,,,
,,,,,,,,,,,,,
,,,,,,,,,,,,,
,,,,,,,,,,,,,
,,,,,,,,,,,,,
,,,,,,,,,,,,,
,,,,,,,,,,,,,
,,,,,,,,,,,,,
,,,,,,,,,,,,,
,,,,,,,,,,,,,
,,,,,,,,,,,,,
,,,,,,,,,,,,,
,,,,,,,,,,,,,
,,,,,,,,,,,,,
,,,,,,,,,,,,,
,,,,,,,,,,,,,
,,,,,,,,,,,,,
,,,,,,,,,,,,,
,,,,,,,,,,,,,
,,,,,,,,,,,,,
,,,,,,,,,,,,,
,,,,,,,,,,,,,
,,,,,,,,,,,,,
,,,,,,,,,,,,,
,,,,,,,,,,,,,
,,,,,,,,,,,,,
,,,,,,,,,,,,,
,,,,,,,,,,,,,
,,,,,,,,,,,,,
,,,,,,,,,,,,,
,,,,,,,,,,,,,
,,,,,,,,,,,,,
,,,,,,,,,,,,,
,,,,,,,,,,,,,
,,,,,,,,,,,,,
,,,,,,,,,,,,,
,,,,,,,,,,,,,
,,,,,,,,,,,,,
,,,,,,,,,,,,,
,,,,,,,,,,,,,
,,,,,,,,,,,,,
,,,,,,,,,,,,,
,,,,,,,,,,,,,
,,,,,,,,,,,,,
,,,,,,,,,,,,,
,,,,,,,,,,,,,
,,,,,,,,,,,,,
,,,,,,,,,,,,,
,,,,,,,,,,,,,
,,,,,,,,,,,,,
,,,,,,,,,,,,,
,,,,,,,,,,,,,
,,,,,,,,,,,,,
,,,,,,,,,,,,,
,,,,,,,,,,,,,
,,,,,,,,,,,,,
,,,,,,,,,,,,,
,,,,,,,,,,,,,
,,,,,,,,,,,,,
,,,,,,,,,,,,,
,,,,,,,,,,,,,
,,,,,,,,,,,,,
,,,,,,,,,,,,,
,,,,,,,,,,,,,
,,,,,,,,,,,,,
,,,,,,,,,,,,,
,,,,,,,,,,,,,
,,,,,,,,,,,,,
,,,,,,,,,,,,,
,,,,,,,,,,,,,
,,,,,,,,,,,,,
,,,,,,,,,,,,,
,,,,,,,,,,,,,
,,,,,,,,,,,,,
,,,,,,,,,,,,,
,,,,,,,,,,,,,
,,,,,,,,,,,,,
,,,,,,,,,,,,,
,,,,,,,,,,,,,
,,,,,,,,,,,,,
,,,,,,,,,,,,,
,,,,,,,,,,,,,
,,,,,,,,,,,,,
,,,,,,,,,,,,,
,,,,,,,,,,,,,
,,,,,,,,,,,,,
,,,,,,,,,,,,,
,,,,,,,,,,,,,
,,,,,,,,,,,,,
,,,,,,,,,,,,,
,,,,,,,,,,,,,
,,,,,,,,,,,,,
,,,,,,,,,,,,,
,,,,,,,,,,,,,
,,,,,,,,,,,,,
,,,,,,,,,,,,,
,,,,,,,,,,,,,
,,,,,,,,,,,,,
,,,,,,,,,,,,,
,,,,,,,,,,,,,
,,,,,,,,,,,,,
,,,,,,,,,,,,,
,,,,,,,,,,,,,
,,,,,,,,,,,,,
